X	Y	idxAnalysis	StdDev	Bead	status_frame	status_nUp	iF	iS	iB_inFrame	bestStd	Zr	Neighbour_L	Neighbour_R	iField
315.858	343.399	0	5015.419	<BeadTracker.Bead object at 0x000002319CF22208>	1.0	1	0	0	0	True	-964.0	M450		0
316.149	343.359	0	4979.677	<BeadTracker.Bead object at 0x0000023199F60708>	1.0	2	3	3	0	True	-966.0	M450		3
316.471	343.335	0	5027.954	<BeadTracker.Bead object at 0x0000023199F383C8>	1.0	3	6	6	0	True	-969.0	M450		6
316.183	343.659	0	5014.525	<BeadTracker.Bead object at 0x0000023199DD6BC8>	1.0	4	9	9	0	True	-968.0	M450		9
316.188	343.795	0	5041.976	<BeadTracker.Bead object at 0x000002319C47F408>	1.0	5	12	12	0	True	-969.0	M450		12
316.469	343.906	0	5170.182	<BeadTracker.Bead object at 0x0000023199DDE508>	1.0	6	15	15	0	True	-931.0	M450		15
316.477	343.821	0	5235.009	<BeadTracker.Bead object at 0x000002319CF18108>	1.0	7	18	18	0	True	-918.0	M450		18
316.425	343.908	0	5206.403	<BeadTracker.Bead object at 0x0000023199F10448>	1.0	8	21	21	0	True	-918.0	M450		21
316.491	344.085	0	5073.605	<BeadTracker.Bead object at 0x0000023199F10E48>	1.0	9	24	24	0	True	-915.0	M450		24
316.661	343.731	0	5222.541	<BeadTracker.Bead object at 0x0000023199DA1CC8>	1.0	10	27	27	0	True	-923.0	M450		27
316.887	344.025	0	5047.378	<BeadTracker.Bead object at 0x000002319C48AC48>	1.0	11	30	30	0	True	-925.0	M450		30
316.906	344.265	0	4996.775	<BeadTracker.Bead object at 0x0000023199DC5B88>	1.0	12	33	33	0	True	-919.0	M450		33
316.809	343.982	0	5031.152	<BeadTracker.Bead object at 0x000002319CF28548>	1.0	13	36	36	0	True	-923.0	M450		36
316.635	344.104	0	5059.564	<BeadTracker.Bead object at 0x0000023199DD2988>	1.0	14	39	39	0	True	-920.0	M450		39
316.613	344.243	0	5131.9	<BeadTracker.Bead object at 0x0000023199F34948>	1.0	15	42	42	0	True	-919.0	M450		42
316.755	344.557	0	5084.518	<BeadTracker.Bead object at 0x000002319C49D0C8>	1.0	16	45	45	0	True	-920.0	M450		45
316.652	344.729	0	5316.391	<BeadTracker.Bead object at 0x0000023199DBE048>	1.0	17	48	48	0	True	-923.0	M450		48
317.873	344.623	0	5162.76	<BeadTracker.Bead object at 0x0000023199DC8D08>	1.0	18	51	51	0	True	-916.0	M450		51
317.614	343.901	0	5477.445	<BeadTracker.Bead object at 0x0000023199DC8608>	1.0	19	54	54	0	True	-879.0	M450		54
317.003	343.235	0	6608.451	<BeadTracker.Bead object at 0x000002319C488388>	1.0	20	57	57	0	True	-839.0	M450		57
316.177	332.365	0	8428.514	<BeadTracker.Bead object at 0x0000023199DC6FC8>	1.0	21	60	60	0	True	-799.0	M450		60
316.866	313.479	0	8287.264	<BeadTracker.Bead object at 0x0000023199DD5488>	1.0	22	63	63	0	True	-759.0	M450		63
317.108	313.897	0	8360.831	<BeadTracker.Bead object at 0x0000023199DC6348>	1.0	23	66	66	0	True	-719.0	M450		66
317.165	314.964	0	8206.185	<BeadTracker.Bead object at 0x0000023199DA66C8>	1.0	24	69	69	0	True	-679.0	M450		69
317.636	314.89	0	8397.147	<BeadTracker.Bead object at 0x0000023199DA6048>	1.0	25	72	72	0	True	-640.0	M450		72
317.339	314.231	0	8337.469	<BeadTracker.Bead object at 0x0000023199DB01C8>	1.0	26	75	75	0	True	-600.0	M450		75
317.285	314.265	0	8368.153	<BeadTracker.Bead object at 0x0000023199DAAAC8>	1.0	27	78	78	0	True	-560.0	M450		78
317.105	313.998	0	8436.09	<BeadTracker.Bead object at 0x0000023199DB0E48>	1.0	28	81	81	0	True	-530.0	M450		81
317.167	314.054	0	8409.587	<BeadTracker.Bead object at 0x0000023199DB4848>	1.0	29	84	84	0	True	-528.0	M450		84
316.964	314.223	0	8341.273	<BeadTracker.Bead object at 0x0000023199DB41C8>	1.0	30	87	87	0	True	-527.0	M450		87
316.685	314.254	0	8345.536	<BeadTracker.Bead object at 0x0000023199DB8C08>	1.0	31	90	90	0	True	-528.0	M450		90
316.999	313.961	0	8456.547	<BeadTracker.Bead object at 0x0000023199DB8F88>	1.0	32	93	93	0	True	-528.0	M450		93
317.055	313.621	0	8399.786	<BeadTracker.Bead object at 0x0000023199DBFFC8>	1.0	33	96	96	0	True	-530.0	M450		96
316.636	313.517	0	8334.97	<BeadTracker.Bead object at 0x0000023199F0E108>	1.0	34	99	99	0	True	-529.0	M450		99
316.314	313.747	0	8224.85	<BeadTracker.Bead object at 0x0000023199DC2208>	1.0	35	102	102	0	True	-554.0	M450		102
316.802	314.006	0	8262.134	<BeadTracker.Bead object at 0x0000023199F0ED88>	1.0	36	105	105	0	True	-530.0	M450		105
316.513	313.986	0	8177.295	<BeadTracker.Bead object at 0x0000023199F0A788>	1.0	37	108	108	0	True	-553.0	M450		108
316.021	314.054	0	8150.839	<BeadTracker.Bead object at 0x0000023199F0A108>	1.0	38	111	111	0	True	-552.0	M450		111
315.56	314.104	0	8042.681	<BeadTracker.Bead object at 0x0000023199F06B48>	1.0	39	114	114	0	True	-587.0	M450		114
315.575	314.142	0	8122.554	<BeadTracker.Bead object at 0x0000023199F06B88>	1.0	40	117	117	0	True	-585.0	M450		117
315.267	313.774	0	8134.849	<BeadTracker.Bead object at 0x0000023199F01F08>	1.0	41	120	120	0	True	-592.0	M450		120
315.027	314.92	0	8053.013	<BeadTracker.Bead object at 0x0000023199F2B048>	1.0	42	123	123	0	True	-586.0	M450		123
315.352	314.682	0	8183.598	<BeadTracker.Bead object at 0x0000023199F33488>	1.0	43	126	126	0	True	-589.0	M450		126
315.447	314.855	0	8127.469	<BeadTracker.Bead object at 0x0000023199F2BCC8>	1.0	44	129	129	0	True	-588.0	M450		129
315.013	314.68	0	8228.505	<BeadTracker.Bead object at 0x0000023199F266C8>	1.0	45	132	132	0	True	-585.0	M450		132
314.76	314.832	0	8259.951	<BeadTracker.Bead object at 0x0000023199F26048>	1.0	46	135	135	0	True	-552.0	M450		135
314.337	314.553	0	8229.616	<BeadTracker.Bead object at 0x0000023199F1D1C8>	1.0	47	138	138	0	True	-560.0	M450		138
314.806	314.423	0	8260.067	<BeadTracker.Bead object at 0x0000023199F22AC8>	1.0	48	141	141	0	True	-588.0	M450		141
314.802	314.429	0	8179.484	<BeadTracker.Bead object at 0x0000023199F1DE48>	1.0	49	144	144	0	True	-588.0	M450		144
314.603	315.241	0	8189.181	<BeadTracker.Bead object at 0x0000023199F18848>	1.0	50	147	147	0	True	-586.0	M450		147
313.798	315.517	0	7455.457	<BeadTracker.Bead object at 0x0000023199F181C8>	1.0	51	150	150	0	True	-594.0	M450		150
313.753	315.147	0	8285.45	<BeadTracker.Bead object at 0x0000023199F14C08>	1.0	52	153	153	0	True	-558.0	M450		153
314.143	315.19	0	8351.415	<BeadTracker.Bead object at 0x0000023199F14F88>	1.0	53	156	156	0	True	-532.0	M450		156
314.012	315.059	0	8382.726	<BeadTracker.Bead object at 0x0000023199F36FC8>	1.0	54	159	159	0	True	-552.0	M450		159
313.621	315.173	0	8413.181	<BeadTracker.Bead object at 0x0000023199F8EF08>	1.0	55	162	162	0	True	-527.0	M450		162
313.75	315.214	0	8535.557	<BeadTracker.Bead object at 0x0000023199F3D208>	1.0	56	165	165	0	True	-526.0	M450		165
313.499	314.771	0	8615.563	<BeadTracker.Bead object at 0x0000023199F8E288>	1.0	57	168	168	0	True	-529.0	M450		168
313.37	314.887	0	8623.83	<BeadTracker.Bead object at 0x0000023199F8A888>	1.0	58	171	171	0	True	-527.0	M450		171
313.405	314.369	0	8693.917	<BeadTracker.Bead object at 0x0000023199F8AF08>	1.0	59	174	174	0	True	-489.0	M450		174
313.597	314.287	0	8700.856	<BeadTracker.Bead object at 0x0000023199F61B48>	1.0	60	177	177	0	True	-487.0	M450		177
313.65	314.54	0	8699.9	<BeadTracker.Bead object at 0x0000023199F61B88>	1.0	61	180	180	0	True	-526.0	M450		180
313.264	314.235	0	8647.469	<BeadTracker.Bead object at 0x0000023199F66108>	1.0	62	183	183	0	True	-488.0	M450		183
313.449	314.404	0	8700.326	<BeadTracker.Bead object at 0x0000023199F71FC8>	1.0	63	186	186	0	True	-485.0	M450		186
313.627	314.908	0	8712.504	<BeadTracker.Bead object at 0x0000023199F6A488>	1.0	64	189	189	0	True	-488.0	M450		189
313.775	315.092	0	8738.94	<BeadTracker.Bead object at 0x0000023199F71348>	1.0	65	192	192	0	True	-485.0	M450		192
313.709	315.037	0	8770.578	<BeadTracker.Bead object at 0x0000023199F76948>	1.0	66	195	195	0	True	-483.0	M450		195
313.533	315.039	0	8863.309	<BeadTracker.Bead object at 0x0000023199F76FC8>	1.0	67	198	198	0	True	-445.0	M450		198
313.683	315.162	0	8854.967	<BeadTracker.Bead object at 0x0000023199F7FE48>	1.0	68	201	201	0	True	-438.0	M450		201
313.824	314.644	0	8787.136	<BeadTracker.Bead object at 0x0000023199F7A548>	1.0	69	204	204	0	True	-444.0	M450		204
314.112	314.033	0	8835.578	<BeadTracker.Bead object at 0x0000023199F7F1C8>	1.0	70	207	207	0	True	-441.0	M450		207
314.399	314.302	0	8855.02	<BeadTracker.Bead object at 0x0000023199F82848>	1.0	71	210	210	0	True	-440.0	M450		210
314.507	314.34	0	8819.469	<BeadTracker.Bead object at 0x0000023199F821C8>	1.0	72	213	213	0	True	-437.0	M450		213
313.956	314.404	0	8765.213	<BeadTracker.Bead object at 0x0000023199F53C08>	1.0	73	216	216	0	True	-441.0	M450		216
313.535	313.988	0	8780.347	<BeadTracker.Bead object at 0x0000023199F53F88>	1.0	74	219	219	0	True	-436.0	M450		219
313.64	313.72	0	8783.19	<BeadTracker.Bead object at 0x0000023199F59FC8>	1.0	75	222	222	0	True	-452.0	M450		222
313.761	314.239	0	8775.37	<BeadTracker.Bead object at 0x0000023199DE1108>	1.0	76	225	225	0	True	-442.0	M450		225
313.912	313.691	0	8740.576	<BeadTracker.Bead object at 0x0000023199F5D208>	1.0	77	228	228	0	True	-462.0	M450		228
313.926	313.604	0	8706.088	<BeadTracker.Bead object at 0x0000023199DE1D88>	1.0	78	231	231	0	True	-484.0	M450		231
313.518	313.198	0	8601.746	<BeadTracker.Bead object at 0x0000023199DE7788>	1.0	79	234	234	0	True	-488.0	M450		234
313.255	313.354	0	8588.62	<BeadTracker.Bead object at 0x0000023199DE7108>	1.0	80	237	237	0	True	-526.0	M450		237
313.279	313.56	0	8513.007	<BeadTracker.Bead object at 0x0000023199DECB48>	1.0	81	240	240	0	True	-529.0	M450		240
313.263	313.302	0	8489.02	<BeadTracker.Bead object at 0x0000023199DECB88>	1.0	82	243	243	0	True	-524.0	M450		243
312.684	313.087	0	8488.64	<BeadTracker.Bead object at 0x0000023199DF0F08>	1.0	83	246	246	0	True	-528.0	M450		246
312.604	313.216	0	8447.073	<BeadTracker.Bead object at 0x0000023199DF9048>	1.0	84	249	249	0	True	-529.0	M450		249
312.777	313.393	0	8374.669	<BeadTracker.Bead object at 0x0000023199DF4488>	1.0	85	252	252	0	True	-529.0	M450		252
313.065	313.71	0	8340.683	<BeadTracker.Bead object at 0x0000023199DF9CC8>	1.0	86	255	255	0	True	-527.0	M450		255
312.963	314.257	0	8385.113	<BeadTracker.Bead object at 0x0000023199DFE6C8>	1.0	87	258	258	0	True	-528.0	M450		258
312.876	314.29	0	8381.077	<BeadTracker.Bead object at 0x0000023199DFE048>	1.0	88	261	261	0	True	-526.0	M450		261
313.115	314.337	0	8445.935	<BeadTracker.Bead object at 0x0000023199E071C8>	1.0	89	264	264	0	True	-527.0	M450		264
312.863	314.033	0	8461.19	<BeadTracker.Bead object at 0x0000023199E04AC8>	1.0	90	267	267	0	True	-527.0	M450		267
312.499	314.098	0	8429.186	<BeadTracker.Bead object at 0x0000023199E07E48>	1.0	91	270	270	0	True	-530.0	M450		270
312.361	314.385	0	8406.317	<BeadTracker.Bead object at 0x0000023199E0E848>	1.0	92	273	273	0	True	-528.0	M450		273
312.516	314.063	0	8412.032	<BeadTracker.Bead object at 0x0000023199E0E1C8>	1.0	93	276	276	0	True	-526.0	M450		276
312.466	314.258	0	8380.03	<BeadTracker.Bead object at 0x0000023199E11C08>	1.0	94	279	279	0	True	-526.0	M450		279
312.333	314.484	0	8422.934	<BeadTracker.Bead object at 0x0000023199E11F88>	1.0	95	282	282	0	True	-527.0	M450		282
312.528	314.645	0	8367.777	<BeadTracker.Bead object at 0x0000023199E17FC8>	1.0	96	285	285	0	True	-530.0	M450		285
312.551	314.936	0	8410.801	<BeadTracker.Bead object at 0x0000023199E21108>	1.0	97	288	288	0	True	-529.0	M450		288
312.405	314.769	0	8348.715	<BeadTracker.Bead object at 0x0000023199E1C208>	1.0	98	291	291	0	True	-535.0	M450		291
312.505	314.802	0	8463.897	<BeadTracker.Bead object at 0x0000023199E21D88>	1.0	99	294	294	0	True	-525.0	M450		294
312.249	313.896	0	8420.018	<BeadTracker.Bead object at 0x0000023199E26788>	1.0	1	297	298	0	True	-530.0	M450		298
312.378	313.958	0	8288.383	<BeadTracker.Bead object at 0x0000023199E26108>	1.0	2	300	301	0	True	-530.0	M450		301
312.368	314.143	0	8317.553	<BeadTracker.Bead object at 0x0000023199E2AB48>	1.0	3	303	304	0	True	-526.0	M450		304
312.192	314.364	0	8288.484	<BeadTracker.Bead object at 0x0000023199E2AB88>	1.0	4	306	307	0	True	-530.0	M450		307
312.277	314.097	0	8309.479	<BeadTracker.Bead object at 0x0000023199E2FF08>	1.0	5	309	310	0	True	-527.0	M450		310
312.235	314.169	0	8256.958	<BeadTracker.Bead object at 0x0000023199E39048>	1.0	6	312	313	0	True	-531.0	M450		313
311.97	314.153	0	8282.135	<BeadTracker.Bead object at 0x0000023199E34488>	1.0	7	315	316	0	True	-527.0	M450		316
311.849	313.831	0	8268.308	<BeadTracker.Bead object at 0x0000023199E39CC8>	1.0	8	318	319	0	True	-529.0	M450		319
311.78	313.519	0	8268.566	<BeadTracker.Bead object at 0x0000023199E3D6C8>	1.0	9	321	322	0	True	-531.0	M450		322
311.811	313.904	0	8252.792	<BeadTracker.Bead object at 0x0000023199E3D048>	1.0	10	324	325	0	True	-530.0	M450		325
311.879	313.829	0	8258.865	<BeadTracker.Bead object at 0x000002319A4C4308>	1.0	11	327	328	1	True	-531.0	M450		328
311.628	313.443	0	8226.37	<BeadTracker.Bead object at 0x0000023199E43AC8>	1.0	12	330	331	0	True	-553.0	M450		331
311.364	313.232	0	8212.782	<BeadTracker.Bead object at 0x000002319A4D7408>	1.0	13	333	334	1	True	-529.0	M450		334
311.308	313.373	0	8238.043	<BeadTracker.Bead object at 0x000002319A4DF508>	1.0	14	336	337	1	True	-532.0	M450		337
311.438	313.738	0	8311.765	<BeadTracker.Bead object at 0x000002319A4E8588>	1.0	15	339	340	1	True	-530.0	M450		340
311.284	314.5	0	8261.045	<BeadTracker.Bead object at 0x0000023199E51C08>	1.0	16	342	343	0	True	-530.0	M450		343
311.306	315.01	0	8336.351	<BeadTracker.Bead object at 0x0000023199E51F88>	1.0	17	345	346	0	True	-528.0	M450		346
311.149	314.88	0	8291.121	<BeadTracker.Bead object at 0x0000023199E58FC8>	1.0	18	348	349	0	True	-528.0	M450		349
312.484	317.856	0	8298.665	<BeadTracker.Bead object at 0x000002319A50C708>	1.0	19	351	352	1	True	-532.0	M450		352
312.068	317.702	0	8170.186	<BeadTracker.Bead object at 0x0000023199E5C208>	1.0	20	354	355	0	True	-528.0	M450		355
312.29	317.674	0	8124.03	<BeadTracker.Bead object at 0x0000023199E61D88>	1.0	21	357	358	0	True	-532.0	M450		358
312.628	317.833	0	8108.772	<BeadTracker.Bead object at 0x0000023199E64788>	1.0	22	360	361	0	True	-549.0	M450		361
312.454	317.958	0	8188.789	<BeadTracker.Bead object at 0x0000023199E64108>	1.0	23	363	364	0	True	-588.0	M450		364
312.138	318.081	0	8007.034	<BeadTracker.Bead object at 0x0000023199E6AB48>	1.0	24	366	367	0	True	-591.0	M450		367
312.098	317.87	0	7949.749	<BeadTracker.Bead object at 0x0000023199E6AB88>	1.0	25	369	370	0	True	-593.0	M450		370
312.572	318.065	0	7933.822	<BeadTracker.Bead object at 0x0000023199E70F08>	1.0	26	372	373	0	True	-593.0	M450		373
312.893	318.295	0	7933.183	<BeadTracker.Bead object at 0x0000023199E78048>	1.0	27	375	376	0	True	-587.0	M450		376
313.44	318.527	0	7924.494	<BeadTracker.Bead object at 0x0000023199E74488>	1.0	28	378	379	0	True	-589.0	M450		379
314.024	317.976	0	7831.31	<BeadTracker.Bead object at 0x0000023199E78CC8>	1.0	29	381	382	0	True	-587.0	M450		382
314.117	317.647	0	7735.461	<BeadTracker.Bead object at 0x0000023199E7F6C8>	1.0	30	384	385	0	True	-625.0	M450		385
314.076	317.694	0	7574.306	<BeadTracker.Bead object at 0x0000023199E7F048>	1.0	31	387	388	0	True	-633.0	M450		388
314.092	317.753	0	7477.991	<BeadTracker.Bead object at 0x0000023199E871C8>	1.0	32	390	391	0	True	-635.0	M450		391
314.264	317.997	0	7388.564	<BeadTracker.Bead object at 0x0000023199E84AC8>	1.0	33	393	394	0	True	-674.0	M450		394
314.711	317.894	0	7281.065	<BeadTracker.Bead object at 0x0000023199E87E48>	1.0	34	396	397	0	True	-683.0	M450		397
315.041	318.242	0	7209.99	<BeadTracker.Bead object at 0x0000023199E8E848>	1.0	35	399	400	0	True	-719.0	M450		400
315.288	318.208	0	7027.144	<BeadTracker.Bead object at 0x0000023199E8E1C8>	1.0	36	402	403	0	True	-718.0	M450		403
315.571	318.541	0	6836.908	<BeadTracker.Bead object at 0x0000023199E92C08>	1.0	37	405	406	0	True	-723.0	M450		406
316.119	318.684	0	6615.782	<BeadTracker.Bead object at 0x0000023199E92F88>	1.0	38	408	409	0	True	-751.0	M450		409
316.046	318.887	0	6470.225	<BeadTracker.Bead object at 0x0000023199E97FC8>	1.0	39	411	412	0	True	-777.0	M450		412
316.024	318.386	0	6412.19	<BeadTracker.Bead object at 0x0000023199EA1108>	1.0	40	414	415	0	True	-778.0	M450		415
316.173	317.928	0	6391.269	<BeadTracker.Bead object at 0x0000023199E9C208>	1.0	41	417	418	0	True	-773.0	M450		418
316.108	317.71	0	6201.152	<BeadTracker.Bead object at 0x0000023199EA1D88>	1.0	42	420	421	0	True	-779.0	M450		421
316.242	317.524	0	6156.281	<BeadTracker.Bead object at 0x0000023199EA5788>	1.0	43	423	424	0	True	-810.0	M450		424
316.066	316.838	0	6265.105	<BeadTracker.Bead object at 0x0000023199EA5108>	1.0	44	426	427	0	True	-833.0	M450		427
315.904	317.229	0	5839.994	<BeadTracker.Bead object at 0x0000023199EA9B48>	1.0	45	429	430	0	True	-823.0	M450		430
316.027	316.312	0	6075.619	<BeadTracker.Bead object at 0x0000023199EA9B88>	1.0	46	432	433	0	True	-834.0	M450		433
315.854	316.1	0	5938.254	<BeadTracker.Bead object at 0x0000023199EAEF08>	1.0	47	435	436	0	True	-827.0	M450		436
315.723	316.11	0	6009.586	<BeadTracker.Bead object at 0x0000023199EBA048>	1.0	48	438	439	0	True	-822.0	M450		439
315.426	315.602	0	5908.045	<BeadTracker.Bead object at 0x0000023199EB3488>	1.0	49	441	442	0	True	-825.0	M450		442
315.701	315.477	0	5757.01	<BeadTracker.Bead object at 0x0000023199EBACC8>	1.0	50	444	445	0	True	-824.0	M450		445
315.401	315.394	0	5558.992	<BeadTracker.Bead object at 0x0000023199EBE6C8>	1.0	51	447	448	0	True	-839.0	M450		448
315.269	315.62	0	5394.613	<BeadTracker.Bead object at 0x0000023199EBE048>	1.0	52	450	451	0	True	-878.0	M450		451
315.318	315.241	0	5375.138	<BeadTracker.Bead object at 0x0000023199EC91C8>	1.0	53	453	454	0	True	-899.0	M450		454
315.426	314.812	0	5421.767	<BeadTracker.Bead object at 0x0000023199EC2AC8>	1.0	54	456	457	0	True	-919.0	M450		457
315.206	314.692	0	5481.204	<BeadTracker.Bead object at 0x0000023199EC9E48>	1.0	55	459	460	0	True	-899.0	M450		460
315.112	314.76	0	5398.401	<BeadTracker.Bead object at 0x0000023199ECC848>	1.0	56	462	463	0	True	-918.0	M450		463
315.302	314.53	0	5421.374	<BeadTracker.Bead object at 0x0000023199ECC1C8>	1.0	57	465	466	0	True	-918.0	M450		466
315.123	315.082	0	5211.765	<BeadTracker.Bead object at 0x0000023199ED0C08>	1.0	58	468	469	0	True	-926.0	M450		469
315.035	315.139	0	5148.27	<BeadTracker.Bead object at 0x0000023199ED0F88>	1.0	59	471	472	0	True	-924.0	M450		472
314.897	314.755	0	5112.406	<BeadTracker.Bead object at 0x0000023199ED6FC8>	1.0	60	474	475	0	True	-918.0	M450		475
314.554	314.484	0	5022.521	<BeadTracker.Bead object at 0x0000023199F91108>	1.0	61	477	478	0	True	-925.0	M450		478
314.569	314.565	0	4828.342	<BeadTracker.Bead object at 0x0000023199EDC208>	1.0	62	480	481	0	True	-932.0	M450		481
315.103	314.389	0	4674.767	<BeadTracker.Bead object at 0x0000023199F91D88>	1.0	63	483	484	0	True	-969.0	M450		484
315.217	314.217	0	4701.165	<BeadTracker.Bead object at 0x0000023199F95788>	1.0	64	486	487	0	True	-970.0	M450		487
315.418	314.169	0	4554.126	<BeadTracker.Bead object at 0x0000023199F95108>	1.0	65	489	490	0	True	-968.0	M450		490
315.59	314.277	0	4340.887	<BeadTracker.Bead object at 0x0000023199F9AB48>	1.0	66	492	493	0	True	-997.0	M450		493
315.966	314.402	0	4251.68	<BeadTracker.Bead object at 0x0000023199F9AB88>	1.0	67	495	496	0	True	-1026.0	M450		496
315.018	314.185	0	4220.988	<BeadTracker.Bead object at 0x0000023199FA0F08>	1.0	68	498	499	0	True	-1029.0	M450		499
315.18	314.253	0	4270.712	<BeadTracker.Bead object at 0x0000023199FA8048>	1.0	69	501	502	0	True	-1028.0	M450		502
315.007	314.451	0	4262.743	<BeadTracker.Bead object at 0x0000023199FA4488>	1.0	70	504	505	0	True	-1028.0	M450		505
313.396	309.475	0	4263.556	<BeadTracker.Bead object at 0x0000023199FA8CC8>	1.0	71	507	508	0	True	-1026.0	M450		508
313.516	308.842	0	4285.299	<BeadTracker.Bead object at 0x0000023199FAD6C8>	1.0	72	510	511	0	True	-1027.0	M450		511
313.332	308.851	0	4204.421	<BeadTracker.Bead object at 0x0000023199FAD048>	1.0	73	513	514	0	True	-1028.0	M450		514
312.492	308.714	0	4134.159	<BeadTracker.Bead object at 0x0000023199FB71C8>	1.0	74	516	517	0	True	-1029.0	M450		517
313.286	310.088	0	3978.777	<BeadTracker.Bead object at 0x0000023199FB4AC8>	1.0	75	519	520	0	True	-1049.0	M450		520
313.32	310.251	0	3900.495	<BeadTracker.Bead object at 0x0000023199FB7E48>	1.0	76	522	523	0	True	-1054.0	M450		523
313.429	309.908	0	3976.74	<BeadTracker.Bead object at 0x0000023199FBC848>	1.0	77	525	526	0	True	-1074.0	M450		526
313.337	309.934	0	4103.638	<BeadTracker.Bead object at 0x0000023199FBC1C8>	1.0	78	528	529	0	True	-1034.0	M450		529
313.317	309.611	0	4187.714	<BeadTracker.Bead object at 0x0000023199FBFC08>	1.0	79	531	532	0	True	-1024.0	M450		532
313.551	309.957	0	4347.993	<BeadTracker.Bead object at 0x0000023199FBFF88>	1.0	80	534	535	0	True	-1023.0	M450		535
313.375	309.799	0	4210.516	<BeadTracker.Bead object at 0x0000023199FC6FC8>	1.0	81	537	538	0	True	-1027.0	M450		538
313.511	309.932	0	4117.665	<BeadTracker.Bead object at 0x0000023199FCF108>	1.0	82	540	541	0	True	-1031.0	M450		541
313.475	309.747	0	4128.005	<BeadTracker.Bead object at 0x0000023199FCC208>	1.0	83	543	544	0	True	-1027.0	M450		544
313.8	309.875	0	4086.053	<BeadTracker.Bead object at 0x0000023199FCFD88>	1.0	84	546	547	0	True	-1028.0	M450		547
313.981	309.665	0	4178.848	<BeadTracker.Bead object at 0x0000023199FD6788>	1.0	85	549	550	0	True	-1027.0	M450		550
313.841	310.055	0	4134.596	<BeadTracker.Bead object at 0x0000023199FD6108>	1.0	86	552	553	0	True	-1052.0	M450		553
313.557	310.104	0	4142.107	<BeadTracker.Bead object at 0x0000023199FDAB48>	1.0	87	555	556	0	True	-1036.0	M450		556
313.854	310.258	0	4307.064	<BeadTracker.Bead object at 0x0000023199FDAB88>	1.0	88	558	559	0	True	-1035.0	M450		559
313.672	310.37	0	4294.597	<BeadTracker.Bead object at 0x0000023199FDFF08>	1.0	89	561	562	0	True	-1027.0	M450		562
313.077	310.209	0	4375.548	<BeadTracker.Bead object at 0x0000023199FE9048>	1.0	90	564	565	0	True	-1027.0	M450		565
312.723	310.039	0	4393.374	<BeadTracker.Bead object at 0x0000023199FE2488>	1.0	91	567	568	0	True	-1022.0	M450		568
312.836	310.103	0	4323.156	<BeadTracker.Bead object at 0x0000023199FE9CC8>	1.0	92	570	571	0	True	-1023.0	M450		571
312.531	310.101	0	4332.218	<BeadTracker.Bead object at 0x0000023199FED6C8>	1.0	93	573	574	0	True	-1028.0	M450		574
312.718	309.71	0	4374.88	<BeadTracker.Bead object at 0x0000023199FED048>	1.0	94	576	577	0	True	-1024.0	M450		577
312.309	309.608	0	4257.183	<BeadTracker.Bead object at 0x0000023199FF81C8>	1.0	95	579	580	0	True	-1023.0	M450		580
312.076	310.308	0	4188.15	<BeadTracker.Bead object at 0x0000023199FF1AC8>	1.0	96	582	583	0	True	-1025.0	M450		583
312.331	310.486	0	4193.227	<BeadTracker.Bead object at 0x0000023199FF8E48>	1.0	97	585	586	0	True	-1028.0	M450		586
311.846	310.365	0	4212.108	<BeadTracker.Bead object at 0x0000023199FFD848>	1.0	98	588	589	0	True	-1023.0	M450		589
311.517	310.698	0	4076.87	<BeadTracker.Bead object at 0x0000023199FFD1C8>	1.0	99	591	592	0	True	-1034.0	M450		592
309.371	310.841	0	4222.618	<BeadTracker.Bead object at 0x000002319A001C08>	1.0	1	594	596	0	True	-1024.0	M450		596
309.583	310.684	0	4208.942	<BeadTracker.Bead object at 0x000002319A001F88>	1.0	2	597	599	0	True	-1027.0	M450		599
310.069	310.433	0	4252.727	<BeadTracker.Bead object at 0x000002319A007FC8>	1.0	3	600	602	0	True	-1028.0	M450		602
310.411	310.038	0	4369.934	<BeadTracker.Bead object at 0x000002319A011108>	1.0	4	603	605	0	True	-1032.0	M450		605
310.728	309.796	0	4141.633	<BeadTracker.Bead object at 0x000002319A00B208>	1.0	5	606	608	0	True	-1026.0	M450		608
311.464	309.232	0	4016.447	<BeadTracker.Bead object at 0x000002319A011D88>	1.0	6	609	611	0	True	-1054.0	M450		611
311.692	308.563	0	3858.82	<BeadTracker.Bead object at 0x000002319A014788>	1.0	7	612	614	0	True	-1077.0	M450		614
311.249	308.216	0	3852.686	<BeadTracker.Bead object at 0x000002319A014108>	1.0	8	615	617	0	True	-1049.0	M450		617
311.364	307.801	0	3792.568	<BeadTracker.Bead object at 0x000002319A018B48>	1.0	9	618	620	0	True	-1057.0	M450		620
311.595	307.222	0	3954.096	<BeadTracker.Bead object at 0x000002319A018B88>	1.0	10	621	623	0	True	-1060.0	M450		623
311.855	307.286	0	3904.333	<BeadTracker.Bead object at 0x000002319A01EF08>	1.0	11	624	626	0	True	-1036.0	M450		626
312.148	307.479	0	3841.458	<BeadTracker.Bead object at 0x000002319A028048>	1.0	12	627	629	0	True	-1051.0	M450		629
312.225	307.687	0	3793.776	<BeadTracker.Bead object at 0x000002319A024488>	1.0	13	630	632	0	True	-1075.0	M450		632
312.132	307.614	0	3625.338	<BeadTracker.Bead object at 0x000002319A028CC8>	1.0	14	633	635	0	True	-1076.0	M450		635
312.329	307.253	0	3484.34	<BeadTracker.Bead object at 0x000002319A02D6C8>	1.0	15	636	638	0	True	-1077.0	M450		638
312.794	307.117	0	3316.313	<BeadTracker.Bead object at 0x000002319A02D048>	1.0	16	639	641	0	True	-1081.0	M450		641
313.223	307.222	0	3159.041	<BeadTracker.Bead object at 0x000002319A0371C8>	1.0	17	642	644	0	True	-1110.0	M450		644
313.169	307.126	0	3094.782	<BeadTracker.Bead object at 0x000002319A034AC8>	1.0	18	645	647	0	True	-1141.0	M450		647
313.14	307.061	0	3074.292	<BeadTracker.Bead object at 0x000002319A037E48>	1.0	19	648	650	0	True	-1175.0	M450		650
313.409	307.046	0	3036.85	<BeadTracker.Bead object at 0x000002319A03C848>	1.0	20	651	653	0	True	-1188.0	M450		653
313.251	307.013	0	3082.553	<BeadTracker.Bead object at 0x000002319A03C1C8>	1.0	21	654	656	0	True	-1156.0	M450		656
313.733	307.225	0	3129.645	<BeadTracker.Bead object at 0x000002319A040C08>	1.0	22	657	659	0	True	-1188.0	M450		659
313.783	307.406	0	3125.975	<BeadTracker.Bead object at 0x000002319A040F88>	1.0	23	660	662	0	True	-1183.0	M450		662
313.946	307.036	0	3044.918	<BeadTracker.Bead object at 0x000002319A046FC8>	1.0	24	663	665	0	True	-1180.0	M450		665
314.104	306.886	0	3115.95	<BeadTracker.Bead object at 0x000002319A04F108>	1.0	25	666	668	0	True	-1180.0	M450		668
314.064	306.685	0	3079.59	<BeadTracker.Bead object at 0x000002319A04C208>	1.0	26	669	671	0	True	-1181.0	M450		671
313.904	306.578	0	3100.889	<BeadTracker.Bead object at 0x000002319A04FD88>	1.0	27	672	674	0	True	-1159.0	M450		674
314.191	306.266	0	3105.353	<BeadTracker.Bead object at 0x000002319A054788>	1.0	28	675	677	0	True	-1185.0	M450		677
314.654	305.702	0	3102.297	<BeadTracker.Bead object at 0x000002319A054108>	1.0	29	678	680	0	True	-1187.0	M450		680
314.487	305.335	0	3070.505	<BeadTracker.Bead object at 0x000002319A059B48>	1.0	30	681	683	0	True	-1210.0	M450		683
314.114	305.581	0	2958.114	<BeadTracker.Bead object at 0x000002319A059B88>	1.0	31	684	686	0	True	-1224.0	M450		686
314.279	305.388	0	2982.788	<BeadTracker.Bead object at 0x000002319A05EF08>	1.0	32	687	689	0	True	-1232.0	M450		689
314.604	305.097	0	3075.107	<BeadTracker.Bead object at 0x000002319A069048>	1.0	33	690	692	0	True	-1231.0	M450		692
314.462	305.363	0	3063.781	<BeadTracker.Bead object at 0x000002319A062488>	1.0	34	693	695	0	True	-1212.0	M450		695
314.554	305.498	0	3147.046	<BeadTracker.Bead object at 0x000002319A069CC8>	1.0	35	696	698	0	True	-1180.0	M450		698
314.681	305.563	0	3103.318	<BeadTracker.Bead object at 0x000002319A06E6C8>	1.0	36	699	701	0	True	-1176.0	M450		701
314.518	304.803	0	3019.701	<BeadTracker.Bead object at 0x000002319A06E048>	1.0	37	702	704	0	True	-1211.0	M450		704
313.793	305.031	0	2887.648	<BeadTracker.Bead object at 0x000002319A0771C8>	1.0	38	705	707	0	True	-1250.0	M450		707
313.574	304.449	0	2980.253	<BeadTracker.Bead object at 0x000002319A072AC8>	1.0	39	708	710	0	True	-1210.0	M450		710
313.726	304.097	0	2964.68	<BeadTracker.Bead object at 0x000002319A077E48>	1.0	40	711	713	0	True	-1207.0	M450		713
313.267	303.715	0	2871.596	<BeadTracker.Bead object at 0x000002319A07B848>	1.0	41	714	716	0	True	-1230.0	M450		716
313.134	303.706	0	2864.391	<BeadTracker.Bead object at 0x000002319A07B1C8>	1.0	42	717	719	0	True	-1228.0	M450		719
312.866	303.508	0	2955.045	<BeadTracker.Bead object at 0x000002319A080C08>	1.0	43	720	722	0	True	-1234.0	M450		722
312.554	303.253	0	3064.103	<BeadTracker.Bead object at 0x000002319A080F88>	1.0	44	723	725	0	True	-1194.0	M450		725
311.969	302.719	0	3057.644	<BeadTracker.Bead object at 0x000002319A086FC8>	1.0	45	726	728	0	True	-1187.0	M450		728
311.648	302.776	0	3023.105	<BeadTracker.Bead object at 0x000002319A090108>	1.0	46	729	731	0	True	-1183.0	M450		731
311.47	302.815	0	3050.597	<BeadTracker.Bead object at 0x000002319A08A208>	1.0	47	732	734	0	True	-1179.0	M450		734
311.279	302.623	0	3168.474	<BeadTracker.Bead object at 0x000002319A090D88>	1.0	48	735	737	0	True	-1181.0	M450		737
311.096	302.467	0	3229.36	<BeadTracker.Bead object at 0x000002319A095788>	1.0	49	738	740	0	True	-1150.0	M450		740
310.687	302.256	0	3369.864	<BeadTracker.Bead object at 0x000002319A095108>	1.0	50	741	743	0	True	-1142.0	M450		743
310.508	301.881	0	3333.233	<BeadTracker.Bead object at 0x000002319A099B48>	1.0	51	744	746	0	True	-1146.0	M450		746
310.348	301.983	0	3357.505	<BeadTracker.Bead object at 0x000002319A099B88>	1.0	52	747	749	0	True	-1153.0	M450		749
310.16	301.991	0	3342.916	<BeadTracker.Bead object at 0x000002319A09EF08>	1.0	53	750	752	0	True	-1128.0	M450		752
309.809	302.151	0	3313.727	<BeadTracker.Bead object at 0x000002319A0A8048>	1.0	54	753	755	0	True	-1134.0	M450		755
309.673	302.587	0	3276.575	<BeadTracker.Bead object at 0x000002319A0A3488>	1.0	55	756	758	0	True	-1159.0	M450		758
309.95	302.7	0	3326.989	<BeadTracker.Bead object at 0x000002319A0A8CC8>	1.0	56	759	761	0	True	-1186.0	M450		761
309.899	303.353	0	3274.136	<BeadTracker.Bead object at 0x000002319A0AC6C8>	1.0	57	762	764	0	True	-1155.0	M450		764
309.907	303.606	0	3297.028	<BeadTracker.Bead object at 0x000002319A0AC048>	1.0	58	765	767	0	True	-1135.0	M450		767
309.857	303.45	0	3262.907	<BeadTracker.Bead object at 0x000002319A0B71C8>	1.0	59	768	770	0	True	-1156.0	M450		770
309.659	303.467	0	3300.19	<BeadTracker.Bead object at 0x000002319890DF88>	1.0	60	771	773	1	True	-1155.0	M450		773
309.452	303.41	0	3346.248	<BeadTracker.Bead object at 0x00000231988EDD48>	1.0	61	774	776	1	True	-1143.0	M450		776
309.104	303.056	0	3353.285	<BeadTracker.Bead object at 0x00000231988C3808>	1.0	62	777	779	1	True	-1123.0	M450		779
308.895	302.415	0	3459.093	<BeadTracker.Bead object at 0x000002319A0BC1C8>	1.0	63	780	782	0	True	-1083.0	M450		782
309.31	302.751	0	3425.132	<BeadTracker.Bead object at 0x000002319A0BFC08>	1.0	64	783	785	0	True	-1080.0	M450		785
309.64	302.606	0	3496.509	<BeadTracker.Bead object at 0x000002319A0BFF88>	1.0	65	786	788	0	True	-1078.0	M450		788
309.483	302.08	0	3468.769	<BeadTracker.Bead object at 0x000002319A0C5FC8>	1.0	66	789	791	0	True	-1075.0	M450		791
308.886	302.011	0	3350.107	<BeadTracker.Bead object at 0x000002319A0CF108>	1.0	67	792	794	0	True	-1079.0	M450		794
308.774	301.872	0	3341.159	<BeadTracker.Bead object at 0x000002319A0CB208>	1.0	68	795	797	0	True	-1077.0	M450		797
308.945	301.463	0	3396.968	<BeadTracker.Bead object at 0x000002319A0CFD88>	1.0	69	798	800	0	True	-1078.0	M450		800
308.829	301.364	0	3466.708	<BeadTracker.Bead object at 0x000002319A0D4788>	1.0	70	801	803	0	True	-1078.0	M450		803
308.544	301.6	0	3446.088	<BeadTracker.Bead object at 0x000002319A0D4108>	1.0	71	804	806	0	True	-1075.0	M450		806
308.351	301.427	0	3358.81	<BeadTracker.Bead object at 0x000002319A0D9B48>	1.0	72	807	809	0	True	-1075.0	M450		809
308.462	301.783	0	3450.525	<BeadTracker.Bead object at 0x000002319A0D9B88>	1.0	73	810	812	0	True	-1074.0	M450		812
308.535	301.774	0	3443.899	<BeadTracker.Bead object at 0x000002319A0DEF08>	1.0	74	813	815	0	True	-1072.0	M450		815
308.438	301.918	0	3448.881	<BeadTracker.Bead object at 0x000002319A0E7048>	1.0	75	816	818	0	True	-1076.0	M450		818
308.679	302.655	0	3450.227	<BeadTracker.Bead object at 0x000002319A0E2488>	1.0	76	819	821	0	True	-1075.0	M450		821
308.623	302.563	0	3480.206	<BeadTracker.Bead object at 0x000002319A0E7CC8>	1.0	77	822	824	0	True	-1074.0	M450		824
308.311	302.571	0	3569.754	<BeadTracker.Bead object at 0x000002319A0EC6C8>	1.0	78	825	827	0	True	-1075.0	M450		827
308.172	303.04	0	3711.861	<BeadTracker.Bead object at 0x000002319873FC48>	1.0	79	828	830	1	True	-1073.0	M450		830
308.081	302.565	0	3731.708	<BeadTracker.Bead object at 0x000002319A0F71C8>	1.0	80	831	833	0	True	-1076.0	M450		833
308.042	302.426	0	3782.596	<BeadTracker.Bead object at 0x000002319A0F1AC8>	1.0	81	834	836	0	True	-1078.0	M450		836
308.248	302.204	0	3756.682	<BeadTracker.Bead object at 0x000002319A0F7E48>	1.0	82	837	839	0	True	-1077.0	M450		839
308.436	301.749	0	3802.315	<BeadTracker.Bead object at 0x000002319A0FC848>	1.0	83	840	842	0	True	-1080.0	M450		842
308.507	301.369	0	3895.05	<BeadTracker.Bead object at 0x000002319A0FC1C8>	1.0	84	843	845	0	True	-1056.0	M450		845
308.224	300.599	0	3865.353	<BeadTracker.Bead object at 0x000002319A100C08>	1.0	85	846	848	0	True	-1054.0	M450		848
307.879	300.447	0	3765.444	<BeadTracker.Bead object at 0x000002319A100F88>	1.0	86	849	851	0	True	-1057.0	M450		851
307.587	299.962	0	3695.219	<BeadTracker.Bead object at 0x000002319A107FC8>	1.0	87	852	854	0	True	-1075.0	M450		854
307.645	300.121	0	3749.551	<BeadTracker.Bead object at 0x000002319A110108>	1.0	88	855	857	0	True	-1070.0	M450		857
307.137	300.074	0	3786.122	<BeadTracker.Bead object at 0x000002319A10A208>	1.0	89	858	860	0	True	-1079.0	M450		860
307.011	299.861	0	3637.633	<BeadTracker.Bead object at 0x000002319A110D88>	1.0	90	861	863	0	True	-1076.0	M450		863
307.431	299.408	0	3506.136	<BeadTracker.Bead object at 0x000002319A113788>	1.0	91	864	866	0	True	-1076.0	M450		866
307.762	299.302	0	3312.169	<BeadTracker.Bead object at 0x000002319A113108>	1.0	92	867	869	0	True	-1076.0	M450		869
307.834	299.182	0	3158.614	<BeadTracker.Bead object at 0x000002319A118B48>	1.0	93	870	872	0	True	-1102.0	M450		872
308.198	299.216	0	3106.145	<BeadTracker.Bead object at 0x000002319A118B88>	1.0	94	873	875	0	True	-1121.0	M450		875
308.657	299.353	0	3001.46	<BeadTracker.Bead object at 0x000002319A11EF08>	1.0	95	876	878	0	True	-1157.0	M450		878
308.664	298.691	0	2938.484	<BeadTracker.Bead object at 0x000002319A127048>	1.0	96	879	881	0	True	-1184.0	M450		881
308.697	298.587	0	2829.686	<BeadTracker.Bead object at 0x000002319A123488>	1.0	97	882	884	0	True	-1213.0	M450		884
309.05	298.751	0	2798.544	<BeadTracker.Bead object at 0x000002319A127CC8>	1.0	98	885	887	0	True	-1247.0	M450		887
309.474	299.491	0	2694.538	<BeadTracker.Bead object at 0x000002319A12C6C8>	1.0	99	888	890	0	True	-1235.0	M450		890
