;date;cellID;manipID;compNum ;Adhesion;Minor;Majeur;Square_Mean_radius;Radius ;ratio_adhesion;Area_ellipse;mean_area;area_adhesion;ratio_area;User_Validation;Comment
0;22/06/2010;22-06-10_M1_P1_C10;22-06-10_M1;1;;;;;;;;;;;;
1;22/06/2010;22-06-10_M1_P1_C10;22-06-10_M1;2;;;;;;;;;;;;
2;22/06/2010;22-06-10_M1_P1_C10;22-06-10_M1;3;;;;;;;;;;;;
3;22/06/2010;22-06-10_M1_P1_C10;22-06-10_M1;4;;;;;;;;;;;;
4;22/06/2010;22-06-10_M1_P1_C10;22-06-10_M1;5;;;;;;;;;;;;
5;22/06/2010;22-06-10_M1_P1_C10;22-06-10_M1;6;;;;;;;;;;;;
6;22/06/2010;22-06-10_M1_P1_C1;22-06-10_M1;1;;;;;;;;;;;;
7;22/06/2010;22-06-10_M1_P1_C1;22-06-10_M1;2;;;;;;;;;;;;
8;22/06/2010;22-06-10_M1_P1_C1;22-06-10_M1;3;;;;;;;;;;;;
9;22/06/2010;22-06-10_M1_P1_C1;22-06-10_M1;4;;;;;;;;;;;;
10;22/06/2010;22-06-10_M1_P1_C1;22-06-10_M1;5;;;;;;;;;;;;
11;22/06/2010;22-06-10_M1_P1_C1;22-06-10_M1;6;;;;;;;;;;;;
12;22/06/2010;22-06-10_M1_P1_C1;22-06-10_M1;7;;;;;;;;;;;;
13;22/06/2010;22-06-10_M1_P1_C1;22-06-10_M1;8;;;;;;;;;;;;
14;22/06/2010;22-06-10_M1_P1_C2;22-06-10_M1;1;35;332.8;332.8;332.8;21.56496424;0.616141835;1393.806014;1455.450803;3848.451001;0.37819133;;
15;22/06/2010;22-06-10_M1_P1_C2;22-06-10_M1;2;35;332.3;344.2;338.3023278;;0.616141835;1439.38478;;3848.451001;;;
16;22/06/2010;22-06-10_M1_P1_C2;22-06-10_M1;3;35;335;348;341.5618538;;0.616141835;1467.10011;;3848.451001;;;
17;22/06/2010;22-06-10_M1_P1_C2;22-06-10_M1;4;35;330;348;354.8126266;;0.616141835;1569.789567;;3848.451001;;;
18;22/06/2010;22-06-10_M1_P1_C2;22-06-10_M1;5;35;320;358;339.5320309;;0.616141835;1441.679436;;3848.451001;;;
19;22/06/2010;22-06-10_M1_P1_C2;22-06-10_M1;6;35;321;355;338.4272448;;0.616141835;1434.065818;;3848.451001;;;
20;22/06/2010;22-06-10_M1_P1_C2;22-06-10_M1;7;35;323;358;340.9494097;;0.616141835;1455.195181;;3848.451001;;;
21;22/06/2010;22-06-10_M1_P1_C2;22-06-10_M1;8;35;322;356;339.425986;;0.616141835;1442.585519;;3848.451001;;;
22;22/06/2010;22-06-10_M1_P1_C3;22-06-10_M1;1;25;320;365;343.2382554;22.19157059;0.887662823;1469.868699;1538.580027;1963.495408;0.783592373;;
23;22/06/2010;22-06-10_M1_P1_C3;22-06-10_M1;2;25;326;365;346.0498519;;0.887662823;1497.428737;;1963.495408;;;
24;22/06/2010;22-06-10_M1_P1_C3;22-06-10_M1;3;25;328;367;348.0466923;;0.887662823;1514.870843;;1963.495408;;;
25;22/06/2010;22-06-10_M1_P1_C3;22-06-10_M1;4;25;328;367;348.0466923;;0.887662823;1514.870843;;1963.495408;;;
26;22/06/2010;22-06-10_M1_P1_C3;22-06-10_M1;5;25;335;371;353.4586256;;0.887662823;1564.063623;;1963.495408;;;
27;22/06/2010;22-06-10_M1_P1_C3;22-06-10_M1;6;25;340;375;357.9280654;;0.887662823;1604.522766;;1963.495408;;;
28;22/06/2010;22-06-10_M1_P1_C3;22-06-10_M1;7;25;336;369;352.8859589;;0.887662823;1560.275691;;1963.495408;;;
29;22/06/2010;22-06-10_M1_P1_C3;22-06-10_M1;8;25;339;371;355.3603805;;0.887662823;1582.73901;;1963.495408;;;
30;22/06/2010;22-06-10_M1_P1_C5;22-06-10_M1;1;25;476;478;477.0010482;30.00498428;1.200199371;2863.32436;2827.897616;1963.495408;1.440236429;;
31;22/06/2010;22-06-10_M1_P1_C5;22-06-10_M1;2;25;474;479;476.5065582;;1.200199371;2857.258635;;1963.495408;;;
32;22/06/2010;22-06-10_M1_P1_C5;22-06-10_M1;3;25;468;473;470.5066418;;1.200199371;2785.75355;;1963.495408;;;
33;22/06/2010;22-06-10_M1_P1_C5;22-06-10_M1;4;25;464;481;472.5764488;;1.200199371;2808.657326;;1963.495408;;;
34;22/06/2010;22-06-10_M1_P1_C5;22-06-10_M1;5;25;464;481;472.5764488;;1.200199371;2808.657326;;1963.495408;;;
35;22/06/2010;22-06-10_M1_P1_C5;22-06-10_M1;6;25;465;476;470.5321456;;1.200199371;2785.451522;;1963.495408;;;
36;22/06/2010;22-06-10_M1_P1_C5;22-06-10_M1;7;25;472;478;475.0094736;;1.200199371;2839.262811;;1963.495408;;;
37;22/06/2010;22-06-10_M1_P1_C5;22-06-10_M1;8;25;475;475;475;;1.200199371;2839.376071;;1963.495408;;;
38;22/06/2010;22-06-10_M1_P1_C5;22-06-10_M1;9;25;477;477;477;;1.200199371;2863.336945;;1963.495408;;;
39;22/06/2010;22-06-10_M1_P1_C6;22-06-10_M1;1;;;;;;;;;0;;;
40;22/06/2010;22-06-10_M1_P1_C6;22-06-10_M1;2;;;;;;;;;0;;;
41;22/06/2010;22-06-10_M1_P1_C6;22-06-10_M1;3;;;;;;;;;0;;;
42;22/06/2010;22-06-10_M1_P1_C6;22-06-10_M1;4;;;;;;;;;0;;;
43;22/06/2010;22-06-10_M1_P1_C6;22-06-10_M1;5;;;;;;;;;0;;;
44;22/06/2010;22-06-10_M1_P1_C6;22-06-10_M1;6;;;;;;;;;0;;;
45;22/06/2010;22-06-10_M1_P1_C6;22-06-10_M1;7;;;;;;;;;0;;;
46;22/06/2010;22-06-10_M1_P1_C6;22-06-10_M1;8;;;;;;;;;0;;;
47;22/06/2010;22-06-10_M1_P1_C7;22-06-10_M1;1;;;;;;;;;0;;;
48;22/06/2010;22-06-10_M1_P1_C7;22-06-10_M1;2;;;;;;;;;0;;;
49;22/06/2010;22-06-10_M1_P1_C7;22-06-10_M1;3;;;;;;;;;0;;;
50;22/06/2010;22-06-10_M1_P1_C7;22-06-10_M1;4;;;;;;;;;0;;;
51;22/06/2010;22-06-10_M1_P1_C7;22-06-10_M1;5;;;;;;;;;0;;;
52;22/06/2010;22-06-10_M1_P1_C7;22-06-10_M1;6;;;;;;;;;0;;;
53;22/06/2010;22-06-10_M1_P1_C7;22-06-10_M1;7;;;;;;;;;0;;;
54;22/06/2010;22-06-10_M1_P1_C7;22-06-10_M1;8;;;;;;;;;0;;;
55;22/06/2010;22-06-10_M1_P1_C8;22-06-10_M1;1;35;360;395;377.9054114;23.63654234;0.675329781;1789.514803;1745.480091;3848.451001;0.453553934;;
56;22/06/2010;22-06-10_M1_P1_C8;22-06-10_M1;2;35;355;390;372.9108473;;0.675329781;1742.322957;;3848.451001;;;
57;22/06/2010;22-06-10_M1_P1_C8;22-06-10_M1;3;35;356;392;374.4329045;;0.675329781;1756.191067;;3848.451001;;;
58;22/06/2010;22-06-10_M1_P1_C8;22-06-10_M1;4;35;357;392;374.9086555;;0.675329781;1761.124188;;3848.451001;;;
59;22/06/2010;22-06-10_M1_P1_C8;22-06-10_M1;5;35;353;393;373.5358082;;0.675329781;1745.83403;;3848.451001;;;
60;22/06/2010;22-06-10_M1_P1_C8;22-06-10_M1;6;35;346;394;370.7775613;;0.675329781;1715.568326;;3848.451001;;;
61;22/06/2010;22-06-10_M1_P1_C8;22-06-10_M1;7;35;352;394;373.5906851;;0.675329781;1745.318066;;3848.451001;;;
62;22/06/2010;22-06-10_M1_P1_C8;22-06-10_M1;8;35;348;390;369.5970779;;0.675329781;1707.967293;;3848.451001;;;
63;22/06/2010;22-06-10_M1_P1_C9;22-06-10_M1;1;15;309;353;331.7303122;21.23708471;1.415805648;1372.678665;1400.548596;706.8583471;1.981370952;;
64;22/06/2010;22-06-10_M1_P1_C9;22-06-10_M1;2;15;313;364;339.4591286;;1.415805648;1433.776375;;706.8583471;;;
65;22/06/2010;22-06-10_M1_P1_C9;22-06-10_M1;3;15;311;363;338.0014793;;1.415805648;1420.701087;;706.8583471;;;
66;22/06/2010;22-06-10_M1_P1_C9;22-06-10_M1;4;15;311;369;341.2345235;;1.415805648;1444.18375;;706.8583471;;;
67;22/06/2010;22-06-10_M1_P1_C9;22-06-10_M1;5;15;314;365;340.4563114;;1.415805648;1442.308661;;706.8583471;;;
68;22/06/2010;22-06-10_M1_P1_C9;22-06-10_M1;6;15;304;353;329.4123556;;1.415805648;1350.467036;;706.8583471;;;
69;22/06/2010;22-06-10_M1_P1_C9;22-06-10_M1;7;15;303;362;333.8060814;;1.415805648;1380.342621;;706.8583471;;;
70;22/06/2010;22-06-10_M1_P1_C9;22-06-10_M1;8;15;307;352;330.267316;;1.415805648;1359.930574;;706.8583471;;;
71;22/06/2016;22-06-16_M1_P1_C1;22-06-16_M1;1;;;;;;;;;0;;;
72;22/06/2016;22-06-16_M1_P1_C1;22-06-16_M1;2;;;;;;;;;0;;;
73;22/06/2016;22-06-16_M1_P1_C1;22-06-16_M1;3;;;;;;;;;0;;;
74;22/06/2016;22-06-16_M1_P1_C1;22-06-16_M1;4;;;;;;;;;0;;;
75;22/06/2016;22-06-16_M1_P1_C1;22-06-16_M1;5;;;;;;;;;0;;;
76;22/06/2016;22-06-16_M1_P1_C1;22-06-16_M1;6;;;;;;;;;0;;;
77;22/06/2016;22-06-16_M1_P1_C1;22-06-16_M1;7;;;;;;;;;0;;;
78;22/06/2016;22-06-16_M1_P1_C3;22-06-16_M1;1;;;;;;;;;0;;;
79;22/06/2016;22-06-16_M1_P1_C3;22-06-16_M1;2;;;;;;;;;0;;;
80;22/06/2016;22-06-16_M1_P1_C3;22-06-16_M1;3;;;;;;;;;0;;;
81;22/06/2016;22-06-16_M1_P1_C3;22-06-16_M1;4;;;;;;;;;0;;;
82;22/06/2016;22-06-16_M1_P1_C4;22-06-16_M1;1;10;342;356;349.0701935;22.1235748;2.21235748;1532.187104;1536.746886;314.1592654;4.891617262;;
83;22/06/2016;22-06-16_M1_P1_C4;22-06-16_M1;2;10;344;356;350.0514248;;2.21235748;1541.147263;;314.1592654;;;
84;22/06/2016;22-06-16_M1_P1_C4;22-06-16_M1;3;10;341;356;348.5806937;;2.21235748;1527.707025;;314.1592654;;;
85;22/06/2016;22-06-16_M1_P1_C4;22-06-16_M1;4;10;348;353;350.5089157;;2.21235748;1545.92937;;314.1592654;;;
86;22/06/2016;22-06-16_M1_P1_C4;22-06-16_M1;5;10;344;357;350.5602659;;2.21235748;1545.476328;;314.1592654;;;
87;22/06/2016;22-06-16_M1_P1_C4;22-06-16_M1;6;10;343;354;348.5433976;;2.21235748;1528.034222;;314.1592654;;;
88;22/06/2016;22-06-16_M1_P1_C6;22-06-16_M1;1;15;250;253;251.5044731;15.98720339;1.065813559;795.9691369;802.8780232;706.8583471;1.135840054;;
89;22/06/2016;22-06-16_M1_P1_C6;22-06-16_M1;2;15;259;258;258.5004836;;1.065813559;840.9209434;;706.8583471;;;
90;22/06/2016;22-06-16_M1_P1_C6;22-06-16_M1;3;15;249;257;253.0316186;;1.065813559;805.3194147;;706.8583471;;;
91;22/06/2016;22-06-16_M1_P1_C6;22-06-16_M1;4;15;248;252;250.0079999;;1.065813559;786.4804297;;706.8583471;;;
92;22/06/2016;22-06-16_M1_P1_C6;22-06-16_M1;5;15;249;255;252.0178565;;1.065813559;799.0523375;;706.8583471;;;
93;22/06/2016;22-06-16_M1_P1_C6;22-06-16_M1;6;15;247;254;250.5244499;;1.065813559;789.5258769;;706.8583471;;;
94;22/06/2016;22-06-16_M1_P1_C7;22-06-16_M1;1;25;380;381;380.5003285;24.084961;0.96339844;1821.982793;1819.507843;1963.495408;0.926667735;;
95;22/06/2016;22-06-16_M1_P1_C7;22-06-16_M1;2;25;376;382;379.0118732;;0.96339844;1807.535796;;1963.495408;;;
96;22/06/2016;22-06-16_M1_P1_C7;22-06-16_M1;3;25;378;385;381.5160547;;0.96339844;1831.421162;;1963.495408;;;
97;22/06/2016;22-06-16_M1_P1_C7;22-06-16_M1;4;25;375;387;381.0472412;;0.96339844;1826.324443;;1963.495408;;;
98;22/06/2016;22-06-16_M1_P1_C7;22-06-16_M1;5;25;373;383;378.0330673;;0.96339844;1797.807983;;1963.495408;;;
99;22/06/2016;22-06-16_M1_P1_C7;22-06-16_M1;6;25;370;391;380.6448476;;0.96339844;1820.598499;;1963.495408;;;
100;22/06/2016;22-06-16_M1_P1_C7;22-06-16_M1;7;25;373;388;380.5739087;;0.96339844;1821.278061;;1963.495408;;;
101;22/06/2016;22-06-16_M1_P1_C7;22-06-16_M1;8;25;380;386;383.0117492;;0.96339844;1845.893328;;1963.495408;;;
102;22/06/2016;22-06-16_M1_P1_C7;22-06-16_M1;9;25;375;382;0;;0.96339844;1802.72852;;1963.495408;;;
103;22/06/2016;22-06-16_M1_P1_C8;22-06-16_M1;1;25;299;302;300.5037437;18.26786477;0.730714591;1136.354484;1048.907544;1963.495408;0.534204226;;
104;22/06/2016;22-06-16_M1_P1_C8;22-06-16_M1;2;25;300;308;304.0263147;;0.730714591;1162.807087;;1963.495408;;;
105;22/06/2016;22-06-16_M1_P1_C8;22-06-16_M1;3;25;276;287;281.5537249;;0.730714591;996.8428027;;1963.495408;;;
106;22/06/2016;22-06-16_M1_P1_C8;22-06-16_M1;4;25;267;281;274.0894015;;0.730714591;944.1767025;;1963.495408;;;
107;22/06/2016;22-06-16_M1_P1_C8;22-06-16_M1;5;25;273;278;275.5113428;;0.730714591;955.0874573;;1963.495408;;;
108;22/06/2016;22-06-16_M1_P1_C8;22-06-16_M1;6;25;288;292;290.0068965;;0.730714591;1058.305463;;1963.495408;;;
109;22/06/2016;22-06-16_M1_P1_C8;22-06-16_M1;7;25;290;291;290.5004303;;0.730714591;1062.005304;;1963.495408;;;
110;22/06/2016;22-06-16_M1_P1_C8;22-06-16_M1;8;25;286;298;292.0616373;;0.730714591;1072.551108;;1963.495408;;;
111;22/06/2016;22-06-16_M1_P1_C8;22-06-16_M1;9;25;293;298;295.5105751;;0.730714591;1098.802359;;1963.495408;;;
112;22/06/2016;22-06-16_M1_P1_C8;22-06-16_M1;10;25;290;296;293.015358;;0.730714591;1080.252818;;1963.495408;;;
113;22/06/2016;22-06-16_M1_P1_C8;22-06-16_M1;11;25;288;295;291.5210112;;0.730714591;1069.178464;;1963.495408;;;
114;22/06/2016;22-06-16_M1_P1_C8;22-06-16_M1;12;25;281;290;285.5354619;;0.730714591;1025.510276;;1963.495408;;;
115;22/06/2016;22-06-16_M1_P1_C8;22-06-16_M1;13;25;282;288;285.015789;;0.730714591;1022.062125;;1963.495408;;;
116;22/06/2016;22-06-16_M1_P1_C8;22-06-16_M1;14;25;282;282;282;;0.730714591;1000.769164;;1963.495408;;;
117;22/07/2006;22-07-06_M1_P1_C10;22-07-06_M1;1;25;301;302;301.5004146;19.17366743;0.766946697;1143.955518;1154.856834;1963.495408;0.588163756;;
118;22/07/2006;22-07-06_M1_P1_C10;22-07-06_M1;2;25;302;303;302.5004132;;0.766946697;1151.556551;;1963.495408;;;
119;22/07/2006;22-07-06_M1_P1_C10;22-07-06_M1;3;25;301;306;303.5102964;;0.766946697;1159.107246;;1963.495408;;;
120;22/07/2006;22-07-06_M1_P1_C10;22-07-06_M1;4;25;303;307;305.0065573;;0.766946697;1170.622057;;1963.495408;;;
121;22/07/2006;22-07-06_M1_P1_C10;22-07-06_M1;5;25;303;304;303.5004119;;0.766946697;1159.182753;;1963.495408;;;
122;22/07/2006;22-07-06_M1_P1_C10;22-07-06_M1;6;25;300;304;302.0066224;;0.766946697;1147.705696;;1963.495408;;;
123;22/07/2006;22-07-06_M1_P1_C10;22-07-06_M1;7;25;299;306;302.5202473;;0.766946697;1151.405537;;1963.495408;;;
124;22/07/2006;22-07-06_M1_P1_C10;22-07-06_M1;8;25;301;305;303.0066006;;0.766946697;1155.319314;;1963.495408;;;
125;22/07/2006;22-07-06_M1_P1_C1;22-07-06_M1;1;5;261;281;271.1844391;17.39941284;3.479882567;922.9592485;950.2550123;78.53981634;12.09902259;;
126;22/07/2006;22-07-06_M1_P1_C1;22-07-06_M1;2;5;268;279;273.5552961;;3.479882567;940.967657;;78.53981634;;;
127;22/07/2006;22-07-06_M1_P1_C1;22-07-06_M1;3;5;270;290;280.1785145;;3.479882567;985.3657458;;78.53981634;;;
128;22/07/2006;22-07-06_M1_P1_C1;22-07-06_M1;4;5;268;270;269.0018587;;3.479882567;910.6138616;;78.53981634;;;
129;22/07/2006;22-07-06_M1_P1_C1;22-07-06_M1;5;5;267;270;268.5041899;;3.479882567;907.2160487;;78.53981634;;;
130;22/07/2006;22-07-06_M1_P1_C1;22-07-06_M1;6;5;270;281;275.5548947;;3.479882567;954.7854295;;78.53981634;;;
131;22/07/2006;22-07-06_M1_P1_C1;22-07-06_M1;7;5;269;283;276.0887538;;3.479882567;958.019644;;78.53981634;;;
132;22/07/2006;22-07-06_M1_P1_C1;22-07-06_M1;8;5;275;287;281.0640496;;3.479882567;993.2310535;;78.53981634;;;
133;22/07/2006;22-07-06_M1_P1_C1;22-07-06_M1;9;5;273;285;279.0645087;;3.479882567;979.1364221;;78.53981634;;;
134;22/07/2006;22-07-06_M1_P1_C2;22-07-06_M1;1;5;261;268;264.5231559;16.83782015;3.367564029;880.2600662;890.1970959;78.53981634;11.33434145;;
135;22/07/2006;22-07-06_M1_P1_C2;22-07-06_M1;2;5;260;270;265.0471656;;3.367564029;883.4313583;;78.53981634;;;
136;22/07/2006;22-07-06_M1_P1_C2;22-07-06_M1;3;5;262;270;266.0300735;;3.367564029;890.2269841;;78.53981634;;;
137;22/07/2006;22-07-06_M1_P1_C2;22-07-06_M1;4;5;261;268;264.5231559;;3.367564029;880.2600662;;78.53981634;;;
138;22/07/2006;22-07-06_M1_P1_C2;22-07-06_M1;5;5;261;271;266.0469883;;3.367564029;890.1137237;;78.53981634;;;
139;22/07/2006;22-07-06_M1_P1_C2;22-07-06_M1;6;5;261;272;266.5567482;;3.367564029;893.3982762;;78.53981634;;;
140;22/07/2006;22-07-06_M1_P1_C2;22-07-06_M1;7;5;264;270;267.0168534;;3.367564029;897.0226099;;78.53981634;;;
141;22/07/2006;22-07-06_M1_P1_C2;22-07-06_M1;8;5;263;274;268.5563256;;3.367564029;906.8636829;;78.53981634;;;
142;22/07/2006;22-07-06_M1_P1_C3;22-07-06_M1;1;5;251;252;251.500497;15.86265024;3.172530047;795.9943059;790.4476909;78.53981634;10.06429258;;
143;22/07/2006;22-07-06_M1_P1_C3;22-07-06_M1;2;5;250;253;251.5044731;;3.172530047;795.9691369;;78.53981634;;;
144;22/07/2006;22-07-06_M1_P1_C3;22-07-06_M1;3;5;249;251;250.002;;3.172530047;786.5181832;;78.53981634;;;
145;22/07/2006;22-07-06_M1_P1_C3;22-07-06_M1;4;5;247;252;249.5125247;;3.172530047;783.3091377;;78.53981634;;;
146;22/07/2006;22-07-06_M1_P1_C4;22-07-06_M1;1;;;;;;;0;;;;;
147;22/07/2006;22-07-06_M1_P1_C4;22-07-06_M1;2;;;;;;;0;;;;;
148;22/07/2006;22-07-06_M1_P1_C4;22-07-06_M1;3;;;;;;;0;;;;;
149;22/07/2006;22-07-06_M1_P1_C4;22-07-06_M1;4;;;;;;;0;;;;;
150;22/07/2006;22-07-06_M1_P1_C4;22-07-06_M1;5;;;;;;;0;;;;;
151;22/07/2006;22-07-06_M1_P1_C4;22-07-06_M1;6;;;;;;;0;;;;;
152;22/07/2006;22-07-06_M1_P1_C4;22-07-06_M1;7;;;;;;;0;;;;;
153;22/07/2006;22-07-06_M1_P1_C4;22-07-06_M1;8;;;;;;;0;;;;;
154;22/07/2006;22-07-06_M1_P1_C4;22-07-06_M1;9;;;;;;;0;;;;;
155;22/07/2006;22-07-06_M1_P1_C4;22-07-06_M1;10;;;;;;;0;;;;;
156;22/07/2006;22-07-06_M1_P1_C5;22-07-06_M1;1;15;225;232;228.5268037;14.25671473;0.950447649;656.9104972;638.2057468;706.8583471;0.902876438;;
157;22/07/2006;22-07-06_M1_P1_C5;22-07-06_M1;2;15;223;234;228.566183;;0.950447649;656.6839763;;706.8583471;;;
158;22/07/2006;22-07-06_M1_P1_C5;22-07-06_M1;3;15;222;230;226.0353955;;0.950447649;642.564176;;706.8583471;;;
159;22/07/2006;22-07-06_M1_P1_C5;22-07-06_M1;4;15;220;227;223.5274032;;0.950447649;628.4695446;;706.8583471;;;
160;22/07/2006;22-07-06_M1_P1_C5;22-07-06_M1;5;15;223;228;225.5138577;;0.950447649;639.8459256;;706.8583471;;;
161;22/07/2006;22-07-06_M1_P1_C5;22-07-06_M1;6;15;219;228;223.5452974;;0.950447649;628.3688687;;706.8583471;;;
162;22/07/2006;22-07-06_M1_P1_C5;22-07-06_M1;7;15;222;227;224.5139194;;0.950447649;634.1829041;;706.8583471;;;
163;22/07/2006;22-07-06_M1_P1_C5;22-07-06_M1;8;15;220;226;223.0201785;;0.950447649;625.7009563;;706.8583471;;;
164;22/07/2006;22-07-06_M1_P1_C5;22-07-06_M1;9;15;219;229;224.0557966;;0.950447649;631.1248725;;706.8583471;;;
165;22/07/2006;22-07-06_M1_P1_C6-2;22-07-06_M1;1;15;265;289;277.259806;17.44787165;1.163191444;963.7833415;954.0753046;706.8583471;1.349740452;;
166;22/07/2006;22-07-06_M1_P1_C6-2;22-07-06_M1;2;15;266;287;276.6992953;;1.163191444;960.7253099;;706.8583471;;;
167;22/07/2006;22-07-06_M1_P1_C6-2;22-07-06_M1;3;15;270;285;277.6013328;;1.163191444;968.3766812;;706.8583471;;;
168;22/07/2006;22-07-06_M1_P1_C6-2;22-07-06_M1;4;15;274;285;279.5541093;;1.163191444;982.7230024;;706.8583471;;;
169;22/07/2006;22-07-06_M1_P1_C6-2;22-07-06_M1;5;15;263;274;268.5563256;;1.163191444;906.8636829;;706.8583471;;;
170;22/07/2006;22-07-06_M1_P1_C6-2;22-07-06_M1;6;15;264;284;274.182421;;1.163191444;943.5348934;;706.8583471;;;
171;22/07/2006;22-07-06_M1_P1_C6-2;22-07-06_M1;7;15;261;290;275.8813151;;1.163191444;952.5202209;;706.8583471;;;
172;22/07/2006;22-07-06_M1_P1_C6;22-07-06_M1;1;15;274;284;279.0447993;17.50710697;1.167140465;979.2748515;962.2417412;706.8583471;1.361293596;;
173;22/07/2006;22-07-06_M1_P1_C6;22-07-06_M1;2;15;270;280;275.0454508;;1.167140465;951.3876166;;706.8583471;;;
174;22/07/2006;22-07-06_M1_P1_C6;22-07-06_M1;3;15;268;278;273.0457837;;1.167140465;937.5950131;;706.8583471;;;
175;22/07/2006;22-07-06_M1_P1_C6;22-07-06_M1;4;15;275;281;278.0161866;;1.167140465;972.4666412;;706.8583471;;;
176;22/07/2006;22-07-06_M1_P1_C6;22-07-06_M1;5;15;270;282;276.0652097;;1.167140465;958.1832424;;706.8583471;;;
177;22/07/2006;22-07-06_M1_P1_C6;22-07-06_M1;6;15;272;281;276.536616;;1.167140465;961.8579142;;706.8583471;;;
178;22/07/2006;22-07-06_M1_P1_C6;22-07-06_M1;7;15;274;282;278.0287755;;1.167140465;972.3785497;;706.8583471;;;
179;22/07/2006;22-07-06_M1_P1_C6;22-07-06_M1;8;15;269;285;277.1154994;;1.167140465;964.7901009;;706.8583471;;;
180;22/07/2006;22-07-06_M1_P1_C8;22-07-06_M1;1;25;326;350;338.2129507;21.52282559;0.860913023;1435.89057;1447.617918;1963.495408;0.737265752;;
181;22/07/2006;22-07-06_M1_P1_C8;22-07-06_M1;2;25;327;357;342.3287893;;0.860913023;1469.101045;;1963.495408;;;
182;22/07/2006;22-07-06_M1_P1_C8;22-07-06_M1;3;25;325;358;341.8983767;;0.860913023;1464.205677;;1963.495408;;;
183;22/07/2006;22-07-06_M1_P1_C8;22-07-06_M1;4;25;324;356;340.3762624;;0.860913023;1451.545678;;1963.495408;;;
184;22/07/2006;22-07-06_M1_P1_C8;22-07-06_M1;5;25;321;358;340.0036765;;0.860913023;1446.184684;;1963.495408;;;
185;22/07/2006;22-07-06_M1_P1_C8;22-07-06_M1;6;25;321;358;340.0036765;;0.860913023;1446.184684;;1963.495408;;;
186;22/07/2006;22-07-06_M1_P1_C8;22-07-06_M1;7;25;318;359;339.1201852;;0.860913023;1436.670808;;1963.495408;;;
187;22/07/2006;22-07-06_M1_P1_C8;22-07-06_M1;8;25;321;356;338.9520615;;0.860913023;1438.10544;;1963.495408;;;
188;22/07/2006;22-07-06_M1_P1_C8;22-07-06_M1;9;25;318;360;339.6498197;;0.860913023;1440.672677;;1963.495408;;;
189;22/07/2006;22-07-06_M1_P1_C9;22-07-06_M1;1;25;251;280;265.8956562;16.67480513;0.666992205;884.4381177;868.2591798;1963.495408;0.442200769;;
190;22/07/2006;22-07-06_M1_P1_C9;22-07-06_M1;2;25;249;282;266.0122178;;0.666992205;883.6578791;;1963.495408;;;
191;22/07/2006;22-07-06_M1_P1_C9;22-07-06_M1;3;25;246;279;263.0180602;;0.666992205;863.7240434;;1963.495408;;;
192;22/07/2006;22-07-06_M1_P1_C9;22-07-06_M1;4;25;249;276;262.8469136;;0.666992205;864.8566477;;1963.495408;;;
193;22/07/2006;22-07-06_M1_P1_C9;22-07-06_M1;5;25;248;278;263.4274094;;0.666992205;867.625236;;1963.495408;;;
194;22/07/2006;22-07-06_M1_P1_C9;22-07-06_M1;6;25;249;279;264.425793;;0.666992205;874.2572634;;1963.495408;;;
195;22/07/2006;22-07-06_M1_P1_C9;22-07-06_M1;7;25;246;276;261.4306791;;0.666992205;854.4366881;;1963.495408;;;
196;22/07/2006;22-07-06_M1_P1_C9;22-07-06_M1;8;25;252;269;260.6386387;;0.666992205;853.0775629;;1963.495408;;;
197;22/07/2006;22-07-06_M2_P1_C1;22-07-06_M2;1;10;318;325;321.5190508;20.42908308;2.042908308;1300.607277;1310.664384;314.1592654;4.17197431;;
198;22/07/2006;22-07-06_M2_P1_C1;22-07-06_M2;2;10;317;328;322.5468958;;2.042908308;1308.48517;;314.1592654;;;
199;22/07/2006;22-07-06_M2_P1_C1;22-07-06_M2;3;10;318;327;322.5313938;;2.042908308;1308.611015;;314.1592654;;;
200;22/07/2006;22-07-06_M2_P1_C1;22-07-06_M2;4;10;317;328;322.5468958;;2.042908308;1308.48517;;314.1592654;;;
201;22/07/2006;22-07-06_M2_P1_C1;22-07-06_M2;5;10;323;325;324.0015432;;2.042908308;1321.057077;;314.1592654;;;
202;22/07/2006;22-07-06_M2_P1_C1;22-07-06_M2;6;10;319;328;323.5312968;;2.042908308;1316.740597;;314.1592654;;;
203;22/07/2006;22-07-06_M2_P1_C3;22-07-06_M2;1;20;417;430;423.549879;26.75734856;1.337867428;2256.525311;2248.934765;1256.637061;1.789645423;;
204;22/07/2006;22-07-06_M2_P1_C3;22-07-06_M2;2;20;417;423;420.0107141;;1.337867428;2219.791178;;1256.637061;;;
205;22/07/2006;22-07-06_M2_P1_C3;22-07-06_M2;3;20;421;426;423.5073789;;1.337867428;2256.978353;;1256.637061;;;
206;22/07/2006;22-07-06_M2_P1_C3;22-07-06_M2;4;20;423;428;425.5073442;;1.337867428;2278.346821;;1256.637061;;;
207;22/07/2006;22-07-06_M2_P1_C3;22-07-06_M2;5;20;419;425;422.0106634;;1.337867428;2240.983463;;1256.637061;;;
208;22/07/2006;22-07-06_M2_P1_C3;22-07-06_M2;6;20;419;425;422.0106634;;1.337867428;2240.983463;;1256.637061;;;
209;22/07/2006;22-07-06_M2_P1_C4;22-07-06_M2;1;25;389;410;399.6379612;24.9913326;0.999653304;2007.100674;1960.315128;1963.495408;0.998380296;;
210;22/07/2006;22-07-06_M2_P1_C4;22-07-06_M2;2;25;386;410;398.1808634;;0.999653304;1991.621749;;1963.495408;;;
211;22/07/2006;22-07-06_M2_P1_C4;22-07-06_M2;3;25;380;399;389.6158364;;0.999653304;1908.06072;;1963.495408;;;
212;22/07/2006;22-07-06_M2_P1_C4;22-07-06_M2;4;25;387;405;396.1022595;;0.999653304;1972.430398;;1963.495408;;;
213;22/07/2006;22-07-06_M2_P1_C4;22-07-06_M2;5;25;386;397;391.5386316;;0.999653304;1928.472766;;1963.495408;;;
214;22/07/2006;22-07-06_M2_P1_C4;22-07-06_M2;6;25;385;403;394.1027785;;0.999653304;1952.5469;;1963.495408;;;
215;22/07/2006;22-07-06_M2_P1_C4;22-07-06_M2;7;25;384;406;395.1531349;;0.999653304;1961.972685;;1963.495408;;;
216;22/07/2006;22-07-06_M2_P1_C5;22-07-06_M2;1;25;411;438;424.7146101;26.78145957;0.999653304;2265.435132;2250.185873;1963.495408;1.146010255;;
217;22/07/2006;22-07-06_M2_P1_C5;22-07-06_M2;2;25;415;430;422.5665628;;0.999653304;2245.702648;;1963.495408;;;
218;22/07/2006;22-07-06_M2_P1_C5;22-07-06_M2;3;25;413;429;421.0760026;;0.999653304;2229.682589;;1963.495408;;;
219;22/07/2006;22-07-06_M2_P1_C5;22-07-06_M2;4;25;410;438;424.2310691;;0.999653304;2259.923124;;1963.495408;;;
220;22/07/2006;22-07-06_M2_P1_C6;22-07-06_M2;1;;;;;;;;;;;;
221;22/07/2006;22-07-06_M2_P1_C6;22-07-06_M2;2;;;;;;;;;;;;
222;22/07/2006;22-07-06_M2_P1_C6;22-07-06_M2;3;;;;;;;;;;;;
223;22/07/2006;22-07-06_M2_P1_C6;22-07-06_M2;4;;;;;;;;;;;;
224;22/07/2006;22-07-06_M2_P1_C6;22-07-06_M2;5;;;;;;;;;;;;
225;22/07/2006;22-07-06_M2_P1_C6;22-07-06_M2;6;;;;;;;;;;;;
226;22/07/2006;22-07-06_M2_P1_C6;22-07-06_M2;7;;;;;;;;;;;;
227;22/07/2006;22-07-06_M2_P1_C6;22-07-06_M2;8;;;;;;;;;;;;
228;22/07/2012;22-07-12_M1_P1_C1;22-07-12_M1;1;5;173;176;174.5064469;175.5532035;2.222192449;383.172621;387.8188156;78.53981634;4.937862522;;
229;22/07/2012;22-07-12_M1_P1_C1;22-07-12_M1;2;5;174;177;175.5064101;;0;387.5771933;;78.53981634;4.937862522;;
230;22/07/2012;22-07-12_M1_P1_C1;22-07-12_M1;3;5;175;177;176.0028409;;0;389.8046485;;78.53981634;4.937862522;;
231;22/07/2012;22-07-12_M1_P1_C1;22-07-12_M1;4;5;174;176;175.0028571;;0;385.3874917;;78.53981634;4.937862522;;
232;22/07/2012;22-07-12_M1_P1_C1;22-07-12_M1;5;5;175;175;175;;0;385.4000762;;78.53981634;4.937862522;;
233;22/07/2012;22-07-12_M1_P1_C1;22-07-12_M1;6;5;175;178;176.5063738;;0;392.0069346;;78.53981634;4.937862522;;
234;22/07/2012;22-07-12_M1_P1_C1;22-07-12_M1;7;5;175;176;175.5007122;;0;387.6023623;;78.53981634;4.937862522;;
235;22/07/2012;22-07-12_M1_P1_C1;22-07-12_M1;8;5;174;176;175.0028571;;0;385.3874917;;78.53981634;4.937862522;;
236;22/07/2012;22-07-12_M1_P1_C1;22-07-12_M1;9;5;175;176;175.5007122;;0;387.6023623;;78.53981634;4.937862522;;
237;22/07/2012;22-07-12_M1_P1_C1;22-07-12_M1;10;5;176;178;177.0028248;;0;394.2469742;;78.53981634;4.937862522;;
238;22/07/2012;22-07-12_M1_P1_C2;22-07-12_M1;1;10;193;191;192.0026041;193.8171089;1.226690562;463.902139;472.7049914;314.1592654;1.50466672;;
239;22/07/2012;22-07-12_M1_P1_C2;22-07-12_M1;2;10;194;196;195.0025641;;;478.5127346;;314.1592654;;;
240;22/07/2012;22-07-12_M1_P1_C2;22-07-12_M1;3;10;190;196;193.0233147;;;468.6464926;;314.1592654;;;
241;22/07/2012;22-07-12_M1_P1_C2;22-07-12_M1;4;10;192;194;193.0025907;;;468.7471686;;314.1592654;;;
242;22/07/2012;22-07-12_M1_P1_C2;22-07-12_M1;5;10;193;195;194.0025773;;;473.6173671;;314.1592654;;;
243;22/07/2012;22-07-12_M1_P1_C2;22-07-12_M1;6;10;195;195;195;;;478.5253191;;314.1592654;;;
244;22/07/2012;22-07-12_M1_P1_C2;22-07-12_M1;7;10;193;195;194.0025773;;;473.6173671;;314.1592654;;;
245;22/07/2012;22-07-12_M1_P1_C2;22-07-12_M1;8;10;195;194;194.5006427;;;476.0713431;;314.1592654;;;
246;22/07/2012;22-07-12_M1_P1_C3;22-07-12_M1;1;10;275;285;280.0446393;279.8605975;1.771269604;986.3095827;985.2916371;314.1592654;1.254512275;;
247;22/07/2012;22-07-12_M1_P1_C3;22-07-12_M1;2;10;277;284;280.5218352;;;989.9968389;;314.1592654;;;
248;22/07/2012;22-07-12_M1_P1_C3;22-07-12_M1;3;10;279;286;282.5216806;;;1004.166977;;314.1592654;;;
249;22/07/2012;22-07-12_M1_P1_C3;22-07-12_M1;4;10;278;285;281.5217576;;;997.0693236;;314.1592654;;;
250;22/07/2012;22-07-12_M1_P1_C3;22-07-12_M1;5;10;274;280;277.016245;;;965.482248;;314.1592654;;;
251;22/07/2012;22-07-12_M1_P1_C3;22-07-12_M1;6;10;277;284;280.5218352;;;989.9968389;;314.1592654;;;
252;22/07/2012;22-07-12_M1_P1_C3;22-07-12_M1;7;10;277;283;280.016071;;;986.5109346;;314.1592654;;;
253;22/07/2012;22-07-12_M1_P1_C3;22-07-12_M1;8;10;274;283;278.5363531;;;975.8267006;;314.1592654;;;
254;22/07/2012;22-07-12_M1_P1_C3;22-07-12_M1;9;10;273;283;278.0449604;;;972.2652893;;314.1592654;;;
255;22/07/2012;22-07-12_M1_P1_C4;22-07-12_M1;1;15;279;279;279;279.8916708;1.180977514;979.5894638;985.8369651;706.8583471;1.39467401;;
256;22/07/2012;22-07-12_M1_P1_C4;22-07-12_M1;2;15;278;280;279.0017921;;;979.5768793;;706.8583471;;;
257;22/07/2012;22-07-12_M1_P1_C4;22-07-12_M1;3;15;276;280;278.0071942;;;972.5295636;;706.8583471;;;
258;22/07/2012;22-07-12_M1_P1_C4;22-07-12_M1;4;15;278;281;279.504025;;;983.0753682;;706.8583471;;;
259;22/07/2012;22-07-12_M1_P1_C4;22-07-12_M1;5;15;282;280;281.0017794;;;993.6715107;;706.8583471;;;
260;22/07/2012;22-07-12_M1_P1_C4;22-07-12_M1;6;15;280;282;281.0017794;;;993.6715107;;706.8583471;;;
261;22/07/2012;22-07-12_M1_P1_C4;22-07-12_M1;7;15;280;283;281.5039964;;;997.1951685;;706.8583471;;;
262;22/07/2012;22-07-12_M1_P1_C4;22-07-12_M1;8;15;280;281;280.5004456;;;990.1478528;;706.8583471;;;
263;22/07/2012;22-07-12_M1_P1_C4;22-07-12_M1;9;15;278;281;279.504025;;;983.0753682;;706.8583471;;;
264;22/07/2012;22-07-12_M1_P1_C5;22-07-12_M1;1;15;256;267;261.557833;260.8543727;1.100651361;860.1752165;855.8178361;706.8583471;1.210734569;;
265;22/07/2012;22-07-12_M1_P1_C5;22-07-12_M1;2;15;256;268;262.0686933;;;863.3968466;;706.8583471;;;
266;22/07/2012;22-07-12_M1_P1_C5;22-07-12_M1;3;15;259;270;264.5571772;;;880.0335454;;706.8583471;;;
267;22/07/2012;22-07-12_M1_P1_C5;22-07-12_M1;4;15;257;268;262.5576127;;;866.7694905;;706.8583471;;;
268;22/07/2012;22-07-12_M1_P1_C5;22-07-12_M1;5;15;255;265;260.0480725;;;850.397066;;706.8583471;;;
269;22/07/2012;22-07-12_M1_P1_C5;22-07-12_M1;6;15;253;262;257.5393174;;;834.1756555;;706.8583471;;;
270;22/07/2012;22-07-12_M1_P1_C5;22-07-12_M1;7;15;257;260;258.504352;;;840.8957744;;706.8583471;;;
271;22/07/2012;22-07-12_M1_P1_C5;22-07-12_M1;8;15;259;261;260.0019231;;;850.6990939;;706.8583471;;;
272;22/07/2012;22-07-12_M1_P1_C6;22-07-12_M1;1;15;268;268;268;269.8251728;1.138502839;903.8685738;916.0598007;706.8583471;1.295959515;;
273;22/07/2012;22-07-12_M1_P1_C6;22-07-12_M1;2;15;269;271;270.0018518;;;917.396903;;706.8583471;;;
274;22/07/2012;22-07-12_M1_P1_C6;22-07-12_M1;3;15;269;270;269.5004638;;;914.0116745;;706.8583471;;;
275;22/07/2012;22-07-12_M1_P1_C6;22-07-12_M1;4;15;268;272;270.0074073;;;917.3591495;;706.8583471;;;
276;22/07/2012;22-07-12_M1_P1_C6;22-07-12_M1;5;15;270;273;271.5041436;;;927.6029262;;706.8583471;;;
277;22/07/2012;22-07-12_M1_P1_C6;22-07-12_M1;6;15;267;272;269.5115953;;;913.9361676;;706.8583471;;;
278;22/07/2012;22-07-12_M1_P1_C6;22-07-12_M1;7;15;265;275;270.0462923;;;917.0948751;;706.8583471;;;
279;22/07/2012;22-07-12_M1_P1_C6;22-07-12_M1;8;15;266;274;270.029628;;;917.2081356;;706.8583471;;;
280;22/07/2012;22-07-12_M1_P1_C8;22-07-12_M1;1;30;146;154;150.0533239;150.650098;0.317827211;282.9497245;285.4257234;2827.433388;0.100948699;;
281;22/07/2012;22-07-12_M1_P1_C8;22-07-12_M1;2;30;148;155;151.5404236;;;288.688253;;2827.433388;;;
282;22/07/2012;22-07-12_M1_P1_C8;22-07-12_M1;3;30;152;150;151.0033112;;;286.9264241;;2827.433388;;;
283;22/07/2012;22-07-12_M1_P1_C8;22-07-12_M1;4;30;149;151;150.0033333;;;283.1384919;;2827.433388;;;
284;22/07/2012;22-07-12_M2_P1_C1;22-07-12_M2;1;5;257;259;258.001938;255.7021664;3.236736283;837.6615598;821.545859;78.53981634;10.46024676;;
285;22/07/2012;22-07-12_M2_P1_C1;22-07-12_M2;2;5;252;262;257.0486335;;;830.8785185;;78.53981634;;;
286;22/07/2012;22-07-12_M2_P1_C1;22-07-12_M2;3;5;251;260;255.5396251;;;821.2639664;;78.53981634;;;
287;22/07/2012;22-07-12_M2_P1_C1;22-07-12_M2;4;5;251;255;253.007905;;;805.4704286;;78.53981634;;;
288;22/07/2012;22-07-12_M2_P1_C1;22-07-12_M2;5;5;240;269;254.9127302;;;812.4548218;;78.53981634;;;
289;22/07/2012;22-07-12_M2_P1_C2;22-07-12_M2;1;20;340;349;344.5293892;353.8407054;1.119749068;1493.275854;1574.911456;1256.637061;1.253274716;;
290;22/07/2012;22-07-12_M2_P1_C2;22-07-12_M2;2;20;346;359;352.559924;;;1563.170124;;1256.637061;;;
291;22/07/2012;22-07-12_M2_P1_C2;22-07-12_M2;3;20;346;356;351.0356107;;;1550.107421;;1256.637061;;;
292;22/07/2012;22-07-12_M2_P1_C2;22-07-12_M2;4;20;344;366;355.1703816;;;1584.437916;;1256.637061;;;
293;22/07/2012;22-07-12_M2_P1_C2;22-07-12_M2;5;20;351;366;358.5784433;;;1616.679386;;1256.637061;;;
294;22/07/2012;22-07-12_M2_P1_C2;22-07-12_M2;6;20;357;361;359.005571;;;1621.851612;;1256.637061;;;
295;22/07/2012;22-07-12_M2_P1_C2;22-07-12_M2;7;20;354;358;356.0056179;;;1594.857876;;1256.637061;;;
296;22/07/2012;22-07-12_M2_P1_C4;22-07-12_M2;1;10;296;304;300.0266655;300.1910956;1.899943643;1132.402954;1132.391337;314.1592654;3.604513576;;
297;22/07/2012;22-07-12_M2_P1_C4;22-07-12_M2;2;10;293;303;298.0419434;;;1117.23864;;314.1592654;;;
298;22/07/2012;22-07-12_M2_P1_C4;22-07-12_M2;3;10;292;305;298.5707621;;;1120.774883;;314.1592654;;;
299;22/07/2012;22-07-12_M2_P1_C4;22-07-12_M2;4;10;288;303;295.5951623;;;1098.173135;;314.1592654;;;
300;22/07/2012;22-07-12_M2_P1_C4;22-07-12_M2;5;10;290;304;297.0824801;;;1109.44884;;314.1592654;;;
301;22/07/2012;22-07-12_M2_P1_C4;22-07-12_M2;6;10;286;310;298.2415129;;;1115.741086;;314.1592654;;;
302;22/07/2012;22-07-12_M2_P1_C4;22-07-12_M2;7;10;292;312;302.1655176;;;1146.497585;;314.1592654;;;
303;22/07/2012;22-07-12_M2_P1_C4;22-07-12_M2;8;10;294;310;302.1059417;;;1146.950627;;314.1592654;;;
304;22/07/2012;22-07-12_M2_P1_C4;22-07-12_M2;9;10;295;310;302.5929609;;;1150.851819;;314.1592654;;;
305;22/07/2012;22-07-12_M2_P1_C4;22-07-12_M2;10;10;291;312;301.6827804;;;1142.571223;;314.1592654;;;
306;22/07/2012;22-07-12_M2_P1_C4;22-07-12_M2;11;10;293;310;301.6197938;;;1143.049434;;314.1592654;;;
307;22/07/2012;22-07-12_M2_P1_C4;22-07-12_M2;12;10;296;311;303.5926547;;;1158.478022;;314.1592654;;;
308;22/07/2012;22-07-12_M2_P1_C4;22-07-12_M2;13;10;291;311;301.1660671;;;1138.909136;;314.1592654;;;
