idxCompression;T;Tabs;B;F;dx;dy;dz;D2;D3
0;0.795;23101.142;11.5046;365.136402502563;4.44088607594937;0.188607594936709;0.403398013568981;4.444889420945;4.4631571697376
0;1.395;23101.742;11.50345;365.25076035913;4.43860759493671;0.191265822784811;0.413759692522919;4.4427266398908;4.46195216020433
0;1.996;23102.343;11.50345;374.848298683544;4.41303797468355;0.140632911392404;0.42397950078041;4.4152782224641;4.43558794286031
0;2.515;23102.862;11.5046;376.979529813776;4.40689873417722;0.113924050632911;0.433983416694785;4.40837103050609;4.42968133713605
0;3.155;23103.502;11.5;375.745972532281;4.40772151898734;0.124113924050633;0.443636765812308;4.40946859100814;4.43172955346642
0;3.715;23104.062;11.50115;379.650289578252;4.39537974683544;0.126202531645569;0.452733253047569;4.39719117140533;4.42043635813253
0;4.355;23104.702;11.50575;382.009677497422;4.38930379746835;0.0909493670886077;0.461708361324088;4.3902459627957;4.41445741000641
0;4.916;23105.263;11.5;381.201484306568;4.38886075949367;0.0989240506329114;0.471342594300275;4.38997548216581;4.41520651557984
1;5.021;23105.368;3.45345;78.5701341771137;4.37620253164557;0.126075949367087;0.476261106592243;4.37801824379364;4.40384699832344
1;5.043;23105.39;3.4546;78.2458052949248;4.37822784810127;0.133417721518986;0.487948019988643;4.38026019527434;4.40735438199784
1;5.064;23105.411;3.45345;78.5853168302262;4.37196202531646;0.135379746835443;0.495495585388033;4.37405757011295;4.40203311003012
1;5.085;23105.432;3.45805;78.9260717088408;4.36879746835443;0.140000000000001;0.49875;4.37104007296891;4.39940255966649
1;5.105;23105.452;3.50405;80.431132424906;4.36873417721519;0.137784810126583;0.503711192355198;4.3709064237375;4.39983498899375
1;5.126;23105.473;3.5949;83.6999273740593;4.36537974683544;0.140253164556962;0.51088419834991;4.36763222859358;4.39740991361653
1;5.147;23105.494;3.7329;88.5744625434912;4.36360759493671;0.141518987341772;0.514364801902739;4.36590183883783;4.39609713448236
1;5.168;23105.515;3.91805;94.9974706602505;4.36424050632911;0.143987341772152;0.514693994294253;4.36661511375509;4.39684403401314
1;5.19;23105.537;4.1492;103.676661166345;4.35955696202532;0.143544303797468;0.516709216910782;4.3619195169439;4.39241736258483
1;5.21;23105.557;4.42405;113.551665981916;4.35981012658228;0.140632911392405;0.520652079431762;4.36207771086395;4.39304001159023
1;5.232;23105.579;4.74835;125.703076082523;4.35772151898734;0.138227848101265;0.523479385199064;4.35991327609117;4.39122698590775
1;5.253;23105.6;5.11865;139.703516050545;4.35639240506329;0.140189873417722;0.524713685086673;4.35864749521018;4.39011758826791
1;5.273;23105.62;5.5315;154.948947697841;4.35911392405063;0.142974683544304;0.524510861606839;4.36145800885285;4.39288374612057
1;5.295;23105.642;5.9984;173.446539248496;4.35613924050633;0.139683544303798;0.523016276172541;4.35837820470279;4.38964766244054
1;5.315;23105.662;6.5067;193.75572431082;4.35297468354431;0.137784810126582;0.5246989538344;4.35515479053033;4.38664817846544
1;5.336;23105.683;7.0633;215.2497512503;4.35411392405063;0.13873417721519;0.527018920851916;4.35632359169279;4.38808661929947
1;5.357;23105.704;7.6659;239.007712409787;4.35405063291139;0.139113924050632;0.52675;4.35627244302062;4.38800355062765
1;5.379;23105.726;8.3122;264.833807931205;4.35373417721519;0.132341772151899;0.524296255498573;4.35574512919522;4.38718613624243
1;5.4;23105.747;9.0045;291.671807050869;4.35613924050633;0.136012658227848;0.520561073337486;4.35826209926357;4.38924052165651
1;5.42;23105.767;9.74165;320.83835484533;4.35626582278481;0.132405063291139;0.518267662509644;4.35827752897267;4.38898443715074
1;5.442;23105.789;10.53285;352.187615989629;4.35506329113924;0.128544303797469;0.51975;4.35695993874942;4.3878514070519
1;5.462;23105.809;11.36545;382.824466506915;4.36;0.125253164556963;0.519322542001502;4.36179875226168;4.39260563422924
1;5.484;23105.831;12.24635;416.916625867719;4.36044303797468;0.114683544303798;0.51543962047348;4.3619509170503;4.39229937562432
1;5.504;23105.851;13.17095;450.897661607495;4.36424050632911;0.10867088607595;0.509741875972186;4.36559326536089;4.39525213596262
1;5.526;23105.873;14.1404;486.997170710634;4.36487341772152;0.102531645569621;0.507786038354814;4.36607749485452;4.39550672298692
1;5.546;23105.893;15.1593;522.937652110722;4.3679746835443;0.0956329113924053;0.507262123152173;4.36902145678244;4.39837053366473
1;5.568;23105.915;16.2242;559.846520836137;4.37126582278481;0.0913291139240506;0.503363664702861;4.37221979096393;4.40109996244573
1;5.589;23105.936;17.3397;597.718185867774;4.37474683544304;0.0844303797468351;0.497679662357194;4.37556149119665;4.40377376911746
1;5.609;23105.956;18.4943;635.618580637822;4.37867088607595;0.0843670886075953;0.490954969631118;4.37948359218404;4.40691653159153
1;5.631;23105.978;19.6972;676.830188165617;4.37841772151899;0.0774050632911392;0.483908589535013;4.37910188142896;4.40575768863431
1;5.651;23105.998;20.94955;716.514440803202;4.38151898734177;0.0725949367088603;0.476314785543669;4.38212033852018;4.40793085655841
1;5.672;23106.019;22.23985;755.663795582949;4.3846835443038;0.0665822784810119;0.4725;4.3851890476348;4.41057130466068
1;5.694;23106.041;23.58535;796.410111757654;4.38620253164557;0.0606962025316449;0.468697091550316;4.38662246809727;4.41159082885567
1;5.714;23106.061;24.97455;833.434203223772;4.39272151898734;0.0586708860759488;0.463498575737885;4.39311331702785;4.41749652472511
1;5.736;23106.083;26.40745;875.516260330399;4.39246835443038;0.049620253164556;0.459491774305128;4.39274861723232;4.41671519399321
1;5.756;23106.103;27.8921;911.842244451377;4.39886075949367;0.0475949367088608;0.456975276522117;4.39911823658032;4.42278957930015
1;5.777;23106.124;29.42045;953.977630327813;4.39829113924051;0.0421518987341765;0.45325;4.39849312015927;4.42178440118788
1;5.799;23106.146;30.99365;991.86342309191;4.40215189873418;0.0423417721518984;0.449529256717159;4.40235552462518;4.4252469668757
1;5.819;23106.166;32.614;1031.83107916501;4.4029746835443;0.038164556962025;0.448490681559165;4.40314008377432;4.42592210604588
1;5.84;23106.187;34.2815;1065.73772045287;4.40962025316456;0.0309493670886081;0.44791483220535;4.40972886246334;4.43241879083552
1;5.862;23106.209;35.99615;1107.18282590338;4.40816455696203;0.0282911392405065;0.446593099999814;4.40825534081407;4.43081939902578
1;5.882;23106.229;37.7591;1139.37436170345;4.41544303797468;0.0257594936708863;0.444687717562445;4.41551817719204;4.43785397903809
1;5.903;23106.25;39.56115;1175.69409372938;4.41791139240506;0.026329113924052;0.442750768521382;4.41798984758707;4.44011965338872
1;5.925;23106.272;41.4161;1210.27642031189;4.42158227848101;0.0231645569620254;0.440801098903745;4.42164295732667;4.44356074009024
1;5.945;23106.292;43.3136;1242.08959632624;4.4270253164557;0.0204430379746832;0.438796802291206;4.42707251695082;4.44876541346499
1;5.967;23106.314;45.2571;1320.80022125469;4.42867088607595;0.0178481012658223;0.0743344523754582;4.42870685097756;4.42933064725422
1;5.987;23106.334;44.7833;1306.95490125037;4.43284810126582;0.0133544303797466;-0.0648214143766744;4.43286821704715;4.43334213043259
1;6.008;23106.355;42.8467;1263.88937798759;4.43303797468354;0.0146202531645558;-0.157363516337489;4.43306208357034;4.43585422585809
1;6.03;23106.377;40.9607;1148.09333961373;4.43259493670886;0.010696202531645;-0.625418980836341;4.43260784208186;4.47651216722082
1;6.05;23106.397;39.11725;1110.39219327362;4.43424050632911;0.0120886075949365;-0.623300528595254;4.43425698425378;4.47784976873394
1;6.071;23106.418;37.3244;1072.70874461655;4.43632911392405;0.0122151898734177;-0.618202044755665;4.4363459308212;4.47921187108334
1;6.093;23106.44;35.5741;1037.32100735006;4.43556962025316;0.0164556962025317;-0.61268985181666;4.43560014496915;4.47771565651164
1;6.113;23106.46;33.87325;1001.28219269137;4.43512658227848;0.0142405063291129;-0.607093680654499;4.43514944425255;4.47650682228278
1;6.135;23106.482;32.2161;963.092423742755;4.43683544303797;0.0181645569620255;-0.60035963456232;4.43687262604276;4.47730615331802
1;6.155;23106.502;30.60955;930.801181486461;4.43126582278481;0.0187341772151903;-0.593971663252275;4.43130542409081;4.47093615457919
1;6.177;23106.524;29.0444;892.524148901249;4.43177215189873;0.0222784810126582;-0.589112474312099;4.4318281484125;4.47081136310307
1;6.197;23106.544;27.5287;856.750354262354;4.42879746835443;0.0251898734177223;-0.584866445600587;4.42886910457121;4.4673202599114
1;6.218;23106.565;26.0567;818.621883926563;4.42810126582279;0.0266455696202526;-0.582259990683551;4.42818143336085;4.46629796403157
1;6.24;23106.587;24.63415;780.056500310032;4.42810126582279;0.0265822784810128;-0.579482490608343;4.42818105297317;4.46593634021268
1;6.26;23106.607;23.25875;743.436251608195;4.42550632911392;0.0258860759493666;-0.576130837420985;4.42558203606661;4.46292539706669
1;6.281;23106.628;21.9236;707.090420092555;4.42208860759494;0.0282911392405065;-0.573008730071928;4.4221791055972;4.45914869080625
1;6.303;23106.65;20.6379;667.768560984028;4.42316455696203;0.0333544303797471;-0.571976985938019;4.42329031558986;4.46011825946732
1;6.323;23106.67;19.4005;630.152657060683;4.42151898734177;0.032468354430379;-0.574238440704169;4.42163819748555;4.45877047359982
1;6.345;23106.692;18.2068;592.948941231062;4.41962025316456;0.0364556962025313;-0.576710704984714;4.41977060490338;4.4572376464815
1;6.365;23106.712;17.06025;556.529681706852;4.4179746835443;0.0381012658227853;-0.576147639957951;4.41813897595986;4.45554689279832
1;6.386;23106.733;15.962;522.621969305084;4.41246835443038;0.0447468354430383;-0.57553795097699;4.41269523739536;4.45007002092625
1;6.408;23106.755;14.9063;487.874009291315;4.40981012658228;0.0445569620253172;-0.574450049132533;4.41003522382447;4.4472917078061
1;6.428;23106.775;13.90465;452.861139849012;4.41018987341772;0.0434810126582272;-0.573531433001815;4.41040421254764;4.44753905240855
1;6.45;23106.797;12.94325;420.419604771179;4.40601265822785;0.0506329113924044;-0.573042796489515;4.4063035796663;4.44340964607008
1;6.47;23106.817;12.02555;387.93926682429;4.40443037974683;0.054746835443038;-0.571904188796488;4.40477061673226;4.4417427421217
1;6.492;23106.839;11.1596;356.515881438658;4.40360759493671;0.0537974683544293;-0.572287987069772;4.40393619592582;4.44096471027748
1;6.512;23106.859;10.33505;326.852691222808;4.39981012658228;0.0594303797468356;-0.577029639123956;4.40021148582802;4.43788511843652
1;6.533;23106.88;9.5611;298.092541226423;4.39753164556962;0.0683544303797463;-0.584276357775723;4.39806285788855;4.43670325401581
1;6.555;23106.902;8.832;270.837385282569;4.39588607594937;0.0610759493670887;-0.590850291056903;4.39631034667898;4.43583686926815
1;6.575;23106.922;8.15005;259.801439492363;4.39582278481013;0.0631012658227847;-0.209216279496783;4.3962756652881;4.40125109222489
1;6.597;23106.944;7.5118;237.351440543203;4.39120253164557;0.0679113924050627;0.0510027343992233;4.39172763626672;4.39202378295758
1;6.617;23106.964;6.923;206.585699042817;4.38943037974684;0.0707594936708853;0.434911475339149;4.3900006793381;4.41149112613532
1;6.639;23106.986;6.37675;185.833011716223;4.38727848101266;0.0737341772151892;0.436993582485208;4.38789803879333;4.40960458431134
1;6.659;23107.006;5.8811;167.747909707453;4.38145569620253;0.0717088607594931;0.439572461931824;4.38204246653282;4.40403452845068
1;6.681;23107.028;5.4303;150.589488682772;4.38044303797468;0.0800632911392407;0.443071127037676;4.381174652936;4.40352170008771
1;6.702;23107.049;5.02665;135.556826745645;4.37835443037975;0.0832911392405054;0.447502582095675;4.37914659858539;4.4019522365519
1;6.722;23107.069;4.66555;122.456882895762;4.37550632911393;0.0808860759493664;0.449248457905814;4.37625389955822;4.3992524785842
1;6.744;23107.091;4.3562;111.326003818176;4.37322784810127;0.0867088607594928;0.44975;4.37408736057508;4.3971485420034
1;6.764;23107.111;4.08825;101.701244699406;4.37208860759494;0.0897468354430373;0.451260920917602;4.37300963721022;4.39623130714034
1;6.786;23107.133;3.8686;94.1953610091675;4.36778481012658;0.0850632911392406;0.45674244597288;4.36861304203885;4.392424566572
1;6.806;23107.153;3.6961;88.200602481854;4.3656329113924;0.0894936708860756;0.461790859702301;4.36655010668161;4.39090089073595
1;6.828;23107.175;3.5696;83.8988261211795;4.36322784810126;0.0963924050632912;0.465984987200637;4.36429246845354;4.38909908278415
1;6.848;23107.195;3.49025;81.6758304377756;4.35601265822785;0.102088607594937;0.469490799949143;4.35720878113982;4.38242968838963
1;6.87;23107.217;3.45345;80.5625884180645;4.35335443037975;0.0901898734177218;0.475500392007789;4.35428857676821;4.38017461211007
1;6.89;23107.237;3.45345;80.3238856526372;4.35493670886076;0.0920886075949365;0.482241651340142;4.35591024354632;4.38252336675106
1;6.912;23107.259;3.45115;80.4583593319025;4.35120253164557;0.0941139240506326;0.487936394548338;4.35222022674623;4.37948659402262
1;6.932;23107.279;3.45;80.5944915875812;4.34803797468354;0.10240506329114;0.49175;4.34924373038323;4.3769554588524
1;6.954;23107.301;3.45115;80.4355535104755;4.34987341772152;0.103987341772152;0.494426964213529;4.35111619213382;4.37911750703159
1;6.974;23107.321;11.5046;395.56099120595;4.34658227848101;0.10240506329114;0.494166896069708;4.34778843788343;4.37578166980073
1;6.996;23107.343;11.50115;395.683485903801;4.34607594936709;0.0998734177215184;0.4938396996758;4.3472233502817;4.37518325401466
0;7.515;23107.862;11.50345;395.910376666962;4.34626582278481;0.0903797468354428;0.492868189578586;4.34720543578807;4.37505590287071
0;8.196;23108.543;11.50115;399.014628768195;4.33886075949367;0.0719620253164557;0.491449078284071;4.33945748030346;4.36719743312664
0;8.716;23109.063;11.50575;397.313709468354;4.34550632911392;0.0671518987341768;0.48286231592396;4.34602515338703;4.37276693296272
0;9.395;23109.742;11.50345;400.035409312779;4.33987341772152;0.0593037974683543;0.475351222395462;4.34027858809086;4.36623144220195
0;9.954;23110.301;11.5046;397.487944796168;4.34753164556962;0.0500632911392414;0.471177074845235;4.34781988384397;4.37327629794971
0;10.554;23110.901;11.50115;397.127794628299;4.34898734177215;0.0463924050632913;0.466819711270603;4.34923477799738;4.37421579222753
0;11.194;23111.541;11.50345;396.111833000825;4.35278481012658;0.0380379746835438;0.462499906619654;4.35295100946321;4.37745230178581
0;11.714;23112.061;11.5;392.200450942818;4.36316455696203;0.0578481012658223;0.457604519826356;4.36354802356405;4.38747686609459
0;15.599;23115.946;11.50115;397.602290369928;4.34803797468354;0.11132911392405;0.454167161681448;4.34946300144021;4.37311058763062
0;16.12;23116.467;11.50345;401.077808286045;4.33930379746835;0.124240506329113;0.451001794024802;4.3410820252716;4.36444678835128
0;16.8;23117.147;11.50345;401.190428681375;4.33746835443038;0.161962025316456;0.447709926095415;4.34049115001167;4.36352009291283
0;17.4;23117.747;11.50345;399.702319687382;4.34082278481013;0.178101265822784;0.444160171328202;4.34447494065904;4.36712042057563
0;17.921;23118.268;11.50345;401.628110350221;4.33664556962025;0.175632911392405;0.440834033712119;4.34020065389507;4.36253095821108
0;18.521;23118.868;11.50115;403.294510992625;4.33316455696202;0.17113924050633;0.436879260044565;4.33654283010706;4.35849368534705
0;19.12;23119.467;11.50345;406.484988090837;4.32506329113924;0.191075949367089;0.430157169023697;4.32928198328392;4.35059969209409
0;19.721;23120.068;11.5046;406.004559425533;4.32303797468354;0.247341772151898;0.421042013307326;4.33010799897731;4.35053004354379
2;19.827;23120.174;3.45115;83.4109197781937;4.3146835443038;0.301518987341773;0.405206649514641;4.3252060976575;4.34414551045709
2;19.847;23120.194;3.45115;83.8564074986695;4.30873417721519;0.301455696202532;0.410392525271488;4.3192668066091;4.3387196004667
2;19.868;23120.215;3.45345;83.7602698622873;4.30917721518987;0.306835443037975;0.4165;4.32008752932343;4.34011849043501
2;19.89;23120.237;3.45805;83.8311051008297;4.30753164556962;0.315632911392405;0.426712042352819;4.31908011182216;4.34010785343252
2;19.91;23120.257;3.50175;85.324483784219;4.30658227848101;0.318544303797468;0.436022412018106;4.31834706743315;4.34030378413661
2;19.932;23120.279;3.5949;88.7837123114744;4.30405063291139;0.323607594936709;0.442272092580152;4.31619899056631;4.33879918065366
2;19.952;23120.299;3.7329;94.0568952449288;4.30196202531646;0.318607594936709;0.445491755234563;4.31374408916619;4.3366866350704
2;19.974;23120.321;3.9192;100.99351277251;4.30037974683544;0.327974683544304;0.447688304735951;4.31286834485339;4.33604176389432
2;19.995;23120.342;4.1492;109.784102684324;4.29930379746836;0.327848101265824;0.448481623639479;4.31178588527184;4.33504709169021
2;20.016;23120.363;4.42635;120.619868091387;4.29683544303798;0.331518987341773;0.450406317043407;4.30960551135663;4.33307806460351
2;20.036;23120.383;4.7472;132.915674403994;4.29746835443038;0.33632911392405;0.452429708773553;4.31060918319018;4.33428704305384
2;20.058;23120.405;5.11865;147.547776343528;4.29689873417721;0.339430379746835;0.455077113340135;4.31028441224809;4.33424121312541
2;20.079;23120.426;5.5338;164.206540481432;4.29645569620253;0.335886075949367;0.458953332618659;4.30956505989268;4.33393460575602
2;20.099;23120.446;5.9961;182.983199729356;4.2953164556962;0.335696202531645;0.464004689984894;4.30841448736873;4.33332848365973
2;20.121;23120.468;6.5067;203.824163247505;4.295;0.336645569620252;0.466424116604673;4.30817307446497;4.3333482084983
2;20.142;23120.489;7.0633;226.719469503061;4.29575949367089;0.335569620253165;0.464055724726821;4.30884631862177;4.33376329685323
2;20.162;23120.509;7.6613;251.942469926623;4.29443037974684;0.33645569620253;0.460480058769836;4.30759036144335;4.33213303195139
2;20.184;23120.531;8.3099;278.786072782152;4.29563291139241;0.335569620253165;0.45675;4.30872012081018;4.33286159967918
2;20.204;23120.551;9.00335;307.447210591891;4.29639240506329;0.33487341772152;0.455501536751823;4.30942315213789;4.3334293064691
2;20.226;23120.573;9.7428;337.249844612573;4.29993670886076;0.326139240506329;0.45550062437084;4.31228738657413;4.33627758834793
2;20.247;23120.594;10.53285;369.650124792416;4.3;0.323860759493671;0.457307365164434;4.31217877546141;4.33635974266129
2;20.268;23120.615;11.3643;404.152473493225;4.29962025316456;0.319113924050632;0.453754211006266;4.31144616317377;4.33525788182799
2;20.288;23120.635;12.24635;437.940206627662;4.30506329113924;0.314746835443038;0.450108941152881;4.31655366132938;4.33995778436171
2;20.31;23120.657;13.17095;473.963894272659;4.30759493670886;0.311012658227848;0.446716745963012;4.31880805458378;4.34184970530551
2;20.331;23120.678;14.14155;512.011672663927;4.30886075949367;0.303607594936708;0.443005526844718;4.3195437972554;4.34220134415973
2;20.351;23120.698;15.1616;551.195039750568;4.31037974683544;0.29993670886076;0.436706208290634;4.32080265590219;4.34281566539624
2;20.373;23120.72;16.22535;589.527086289451;4.31518987341772;0.294746835443037;0.430249361301823;4.32524442553835;4.34659106122846
2;20.393;23120.74;17.33625;629.818841049836;4.31689873417721;0.296075949367089;0.424964356882165;4.32704005631268;4.34785813401895
2;20.415;23120.762;18.4943;670.841916550248;4.31924050632911;0.291645569620253;0.419690265572766;4.32907561608634;4.34937186370743
2;20.435;23120.782;19.69835;710.564162865274;4.32443037974684;0.29006329113924;0.41156964510325;4.33414753119271;4.35364495508238
2;20.457;23120.804;20.9461;749.827301403162;4.33088607594937;0.285696202531645;0.402711092064975;4.34029912828518;4.35894170030585
2;20.477;23120.824;22.23755;789.900985956267;4.33544303797468;0.286012658227849;0.39522988391403;4.34486703780331;4.36280600500737
2;20.499;23120.846;23.5865;831.977667568234;4.3376582278481;0.285949367088607;0.389745485359532;4.3470732616505;4.3645099937467
2;20.519;23120.866;24.97455;872.985394297271;4.34170886075949;0.279430379746836;0.384251369800847;4.35069157361481;4.36762707701983
2;20.541;23120.888;26.4086;914.651097174469;4.34424050632911;0.280189873417722;0.377409908972632;4.35326681263582;4.36959611192925
2;20.561;23120.908;27.8921;981.51945129744;4.34740506329114;0.272911392405064;0.0120063381825015;4.35596274231471;4.3559792888156
2;20.583;23120.93;29.42275;1017.48955430367;4.35329113924051;0.273860759493671;-0.10921629590586;4.36189677303124;4.36326387671795
2;20.603;23120.95;30.9948;1047.17956243276;4.35727848101266;0.259683544303797;-0.262413197423893;4.36500988593132;4.37289057609042
2;20.624;23120.971;32.6163;1059.21219617795;4.36;0.259493670886076;-0.456869721582729;4.36771530267598;4.39154493404417
2;20.645;23120.992;34.2838;1096.60444510076;4.36550632911392;0.253227848101266;-0.451042168478529;4.37284459506483;4.39604468702646
2;20.667;23121.014;35.99615;1136.93806948365;4.36708860759494;0.251582278481012;-0.445287640870728;4.37432926852005;4.39693502710051
2;20.687;23121.034;37.75565;1171.41366496516;4.37405063291139;0.244746835443038;-0.44057480248181;4.38089259771704;4.40299058701172
2;20.709;23121.056;39.5623;1212.01457059599;4.37417721518987;0.241392405063292;-0.437361846752579;4.38083286637467;4.40261081497142
2;20.729;23121.076;41.4161;1251.27251190245;4.37525316455696;0.236075949367089;-0.434453041030562;4.38161752185597;4.40310362729473
2;20.75;23121.097;43.31475;1288.56659828566;4.37721518987342;0.233924050632911;-0.43162194460234;4.38346133551137;4.40466012116547
2;20.771;23121.118;45.25825;1322.58678132512;4.38164556962025;0.22860759493671;-0.428750115226805;4.3876051930678;4.40850382687171
2;20.793;23121.14;44.781;1307.25597003785;4.38746835443038;0.226962025316456;-0.425437973100039;4.39333476098325;4.4138857927023
2;20.813;23121.16;42.8467;1269.81662402183;4.38803797468355;0.221962025316456;-0.421472862899915;4.39364818891402;4.41381737072441
2;20.835;23121.182;40.95955;1231.34653199986;4.38892405063291;0.224556962025317;-0.414083520045421;4.39466496463815;4.41413018758976
2;20.855;23121.202;39.11725;1194.48930919614;4.38873417721519;0.223607594936708;-0.403054184003509;4.39442692905117;4.4128721610775
2;20.877;23121.224;37.32325;1155.4056938756;4.38962025316456;0.227215189873418;-0.392279015630848;4.3954968671928;4.41296674988675
2;20.898;23121.245;35.57295;1119.46904321023;4.3873417721519;0.228924050632912;-0.37975;4.39331014687412;4.40969206511375
2;20.919;23121.266;33.87325;1080.38350930935;4.38696202531646;0.231962025316456;-0.370779256622411;4.39309027823895;4.40870949937723
2;20.94;23121.287;32.2184;1039.14486381841;4.38803797468354;0.235253164556962;-0.363508973299554;4.39433969086357;4.40934916879671
2;20.96;23121.307;30.6084;1001.17456875896;4.38455696202532;0.242215189873418;-0.358741683551472;4.39124218774712;4.40587148552559
2;20.982;23121.329;29.0467;957.950135973738;4.38746835443038;0.242721518987342;-0.351448984056156;4.39417708984373;4.40820923792209
2;21.003;23121.35;27.5287;916.913075420538;4.38721518987342;0.250696202531645;-0.342521233896138;4.39437204936267;4.40770081832803
2;21.024;23121.371;26.05785;878.327572837341;4.38455696202532;0.252278481012659;-0.332780309181034;4.39180876009267;4.40439858770813
2;21.045;23121.392;24.6353;838.314585904821;4.3829746835443;0.255253164556962;-0.325513235885946;4.3904010357377;4.40245160352088
2;21.065;23121.412;23.2553;795.814517732721;4.38354430379747;0.262341772151899;-0.322189140009358;4.39138746511521;4.40319085558541
2;21.087;23121.434;21.92245;757.387195391135;4.37835443037975;0.27253164556962;-0.31957925224425;4.38682812700279;4.39845335479732
2;21.107;23121.454;20.63905;716.061947331381;4.37803797468354;0.277341772151898;-0.317627181936439;4.38681376016256;4.39829762442885
2;21.129;23121.476;19.4005;673.199952247726;4.38120253164557;0.276898734177215;-0.316184694026786;4.38994402382154;4.40131585926565
2;21.149;23121.496;18.2068;633.668142562038;4.37993670886076;0.27620253164557;-0.315242453945996;4.38863685124589;4.39994445611343
2;21.171;23121.518;17.0591;595.310305581676;4.37670886075949;0.283291139240507;-0.313893874750495;4.3858675677023;4.397085817451
2;21.191;23121.538;15.962;557.502731031979;4.37424050632911;0.285696202531645;-0.313204577040786;4.38356046238117;4.39473542257446
2;21.213;23121.56;14.9063;519.53139176272;4.37278481012658;0.29120253164557;-0.312965909137945;4.3824702976872;4.39363102346944
2;21.233;23121.58;13.9012;481.46043491668;4.37354430379747;0.298354430379747;-0.314161484536971;4.38370906235878;4.39495194305614
2;21.255;23121.602;12.9421;446.339045690828;4.36987341772152;0.304177215189873;-0.320019568132592;4.38044717639076;4.39212135409959
2;21.275;23121.622;12.0267;411.30525062575;4.3679746835443;0.309810126582279;-0.329999859794338;4.37894795020641;4.3913648286246
2;21.297;23121.644;11.15615;376.531171814486;4.36930379746835;0.311139240506328;-0.341001999277623;4.380367941344;4.39362101973595
2;21.317;23121.664;10.33275;345.882875272672;4.36253164556962;0.319113924050632;-0.351863718144718;4.37418747370519;4.38831677654041
2;21.338;23121.685;9.55995;315.696848931404;4.35873417721519;0.330443037974684;-0.362198133052373;4.37124195497912;4.38622203229115
2;21.36;23121.707;8.832;287.35752772191;4.35405063291139;0.342468354430379;-0.370909884672027;4.36749830998735;4.38321977891706
2;21.38;23121.727;8.14775;260.51251323636;4.35063291139241;0.350316455696203;-0.37662707899429;4.3647140053871;4.38093326877437
2;21.402;23121.749;7.5118;236.111667826333;4.34417721518987;0.363037974683545;-0.381069282461882;4.35932015892813;4.37594401770329
2;21.422;23121.769;6.91955;212.561920518062;4.34158227848101;0.370949367088608;-0.388704497224666;4.35740061433004;4.37470356709189
2;21.444;23121.791;6.3779;190.846618092017;4.34094936708861;0.37132911392405;-0.400367215181585;4.35680235017319;4.375159497146
2;21.465;23121.812;5.87995;171.072167857081;4.33974683544304;0.378227848101266;-0.409194209001291;4.35619775731281;4.37537413274538
2;21.485;23121.832;5.4303;153.958759247604;4.3346835443038;0.387848101265823;-0.417367887838296;4.35200041118031;4.37196792448346
2;21.507;23121.854;5.0255;138.563032838774;4.33126582278481;0.393481012658228;-0.42539398323116;4.3491023136903;4.36985708872906
2;21.527;23121.874;4.6667;125.045026272849;4.32917721518987;0.3926582278481;-0.433582841459304;4.34694787689201;4.36851804675497
2;21.549;23121.896;4.35275;113.220764195701;4.3270253164557;0.400443037974683;-0.44275;4.34551524170735;4.36801216555207
2;21.569;23121.916;4.0871;103.268502720923;4.32582278481013;0.406835443037974;-0.452922547758739;4.34491171869974;4.36845472422029
2;21.59;23121.937;3.8686;95.4019701793072;4.32177215189873;0.41632911392405;-0.464102045021355;4.34177895153913;4.36651293049971
2;21.612;23121.959;3.69495;89.2586926137132;4.31791139240506;0.42506329113924;-0.473373264322431;4.33878296232199;4.36452973887346
2;21.632;23121.979;3.5696;84.8126498884557;4.31582278481013;0.433164556962025;-0.478063221771335;4.33750594734974;4.36377156681061
2;21.654;23122.001;3.4891;81.9541753997918;4.31417721518987;0.437405063291139;-0.485241444020068;4.33629429737606;4.3633596565549
2;21.674;23122.021;3.4546;80.7583610419731;4.31208860759494;0.439177215189873;-0.494082246862305;4.33439555025749;4.36246513484709
2;21.696;23122.043;3.45345;80.4818798407578;4.31316455696203;0.442848101265823;-0.500081592547648;4.33583935775164;4.36458297382845
2;21.716;23122.063;3.45575;80.7804932685362;4.30911392405063;0.445759493670887;-0.50454257302382;4.33210853241753;4.36139055172066
2;21.738;23122.085;3.45345;80.848287529067;4.30664556962025;0.447088607594936;-0.506748216928807;4.32979032810723;4.35934376262431
2;21.758;23122.105;3.4546;81.1761744719784;4.30227848101266;0.450696202531645;-0.507978860738791;4.32582098510341;4.35554470969114
2;21.78;23122.127;11.5;396.9310061561;4.30044303797468;0.455253164556962;-0.508332682249248;4.32447288888531;4.3542471085765
2;21.8;23122.147;11.50115;396.664000007572;4.30303797468354;0.448164556962025;-0.505951012602422;4.32631335916455;4.35579771211187
0;22.32;23122.667;11.50345;396.942308204175;4.31525316455696;0.376518987341772;-0.501792443469956;4.33164823387677;4.36061602051491
0;22.959;23123.306;11.50345;398.020920610546;4.31455696202532;0.369240506329114;-0.496654535547093;4.33032797026684;4.35871610199091
0;23.6;23123.947;11.5;399.159221969027;4.30892405063291;0.392151898734178;-0.490742661157693;4.32673197526766;4.35447332582066
0;24.199;23124.546;11.50115;397.407048160892;4.30993670886076;0.422151898734177;-0.484405517936617;4.33056193351283;4.35756989224474
0;24.719;23125.066;11.50345;401.025460333059;4.30177215189873;0.423860759493671;-0.477819609013592;4.32260356617282;4.34893241716262
0;25.359;23125.706;11.50345;420.935857109709;4.29158227848101;0.444493670886076;-0.117267064281024;4.31453972938366;4.31613306569609
0;25.96;23126.307;11.50345;424.457850359943;4.28113924050633;0.467088607594937;-0.0573328343865302;4.30654443422427;4.30692605205231
0;26.609;23126.956;11.5046;421.922846460313;4.28658227848101;0.473037974683544;0.0363718817028029;4.31260391824709;4.31275729313148
0;29.837;23130.184;11.50115;414.880024100598;4.27620253164557;0.506202531645569;0.322713796190036;4.30605957862828;4.31813539493006
0;30.436;23130.783;11.50115;419.483240271687;4.26360759493671;0.505759493670886;0.333448891883033;4.29350001619194;4.30642897915875
0;31.037;23131.384;11.5;419.355709741191;4.2653164556962;0.490949367088608;0.344175790389639;4.2934782808671;4.30725117946096
0;31.556;23131.903;11.50115;415.162560244666;4.2726582278481;0.498544303797468;0.35490291788258;4.30164558684778;4.31626121034959
0;32.236;23132.583;11.50345;415.024919338391;4.26746835443038;0.51892405063291;0.365674005305446;4.29890315387425;4.31442763348119
0;32.836;23133.183;11.5;416.041188736095;4.26449367088608;0.511582278481013;0.376677913496405;4.29506957995831;4.31155528170511
0;33.397;23133.744;11.50115;417.398410372948;4.26620253164557;0.478164556962025;0.388130273664625;4.29291572064416;4.31042579032382
0;33.996;23134.343;3.45345;84.2413759151497;4.27417721518987;0.505822784810126;0.402648319991619;4.30400366594655;4.32279692167853
3;34.062;23134.409;3.45345;84.1393134817265;4.25537974683544;0.588227848101265;0.415534446367758;4.29584319907735;4.31589361166112
3;34.083;23134.43;3.45345;84.0033059584601;4.25246835443038;0.602151898734177;0.422597469159987;4.29488929014253;4.31563003923198
3;34.105;23134.452;3.4546;83.9849627702289;4.24835443037975;0.619810126582279;0.425530285246683;4.29332970538499;4.31436623188195
3;34.125;23134.472;3.45805;84.1464885412221;4.24493670886076;0.629746835443038;0.428481793874725;4.29139473120152;4.31273293709062
3;34.147;23134.494;3.5029;85.8120310419389;4.24272151898734;0.634303797468355;0.432003972260064;4.2898749626488;4.3115721758089
3;34.168;23134.515;3.5949;89.264577338587;4.23974683544304;0.639556962025316;0.435289737981786;4.28771341583417;4.30975213815326
3;34.188;23134.535;3.73175;93.8902475242232;4.24208860759494;0.647151898734177;0.435588941658746;4.29116782877599;4.31321910651631
3;34.21;23134.557;3.91805;101.270240122407;4.23841772151899;0.644810126582279;0.434454506337822;4.28718612628718;4.309143255858
3;34.23;23134.577;4.15035;109.492586162103;4.2429746835443;0.648860759493672;0.431484608441442;4.29230176600022;4.31393479525716
3;34.252;23134.599;4.42635;120.746650861705;4.23721518987342;0.648417721518988;0.431883336286791;4.28654150882432;4.30824341501686
3;34.273;23134.62;4.7495;133.316552587248;4.23626582278481;0.652341772151899;0.433035718986414;4.28619853821413;4.3080178554536
3;34.294;23134.641;5.1175;147.95546728931;4.23525316455696;0.653101265822785;0.434744636722127;4.28531336442378;4.30730931446393
3;34.315;23134.662;5.53495;164.664566675528;4.235;0.655126582278481;0.434495746642482;4.28537231040757;4.3073428459618
3;34.335;23134.682;5.9915;183.141011312601;4.23867088607595;0.643544303797469;0.43253570867503;4.28724622005992;4.30901001283323
3;34.357;23134.704;6.5067;204.321091700554;4.23905063291139;0.641012658227848;0.431891724536917;4.28724241166683;4.30894162853459
3;34.378;23134.725;7.06445;227.483332635108;4.23981012658228;0.635886075949368;0.431471033551668;4.28722999278741;4.30888712591199
3;34.399;23134.746;7.6659;252.879941922312;4.24139240506329;0.623417721518988;0.4305;4.2869638660983;4.30852520466487
3;34.419;23134.766;8.30875;280.268527904476;4.24037974683544;0.620949367088607;0.427;4.28560363471238;4.30682336692137
3;34.441;23134.788;9.00335;308.870881562679;4.24424050632911;0.612848101265823;0.4235;4.2882584193108;4.30911969209373
3;34.462;23134.809;9.74625;339.219582258744;4.24867088607595;0.603544303797468;0.42;4.29132497310979;4.31182908112506
3;34.482;23134.829;10.53055;370.868178943133;4.25272151898734;0.595886075949368;0.418482552965264;4.29426600638204;4.31460869381044
3;34.504;23134.851;11.362;404.319091468241;4.25683544303797;0.586075949367088;0.415637225134972;4.29699115748809;4.31704613253654
3;34.524;23134.871;12.24405;440.427824871969;4.25924050632911;0.571898734177215;0.414051993708015;4.29746411886222;4.31736457881446
3;34.546;23134.893;13.16865;478.173617317976;4.25911392405063;0.566075949367089;0.411601965524133;4.29656762992203;4.31623789619122
3;34.566;23134.913;14.1404;515.594265061015;4.26424050632911;0.554810126582279;0.406295301091365;4.30018155109482;4.31933296286188
3;34.588;23134.935;15.15585;553.919652311713;4.26778481012658;0.553417721518987;0.396963010155161;4.30351697568843;4.32178643519898
3;34.609;23134.956;16.22535;594.931618447585;4.26949367088608;0.548860759493671;0.38675;4.30462824632374;4.32196713332578
3;34.629;23134.976;17.3374;634.533942279006;4.27411392405063;0.545379746835443;0.379529242553299;4.30876883854562;4.32545157757833
3;34.651;23134.998;18.49545;675.871094369972;4.2773417721519;0.538481012658227;0.37400655370158;4.31110362167148;4.32729653929572
3;34.671;23135.018;19.6972;715.381559723602;4.28246835443038;0.536772151898734;0.370649540400596;4.31597724157017;4.33186341330735
3;34.693;23135.04;20.9438;756.088132732775;4.28632911392405;0.535696202531646;0.364992108013446;4.31967448938919;4.3350671198024
3;34.714;23135.061;22.24215;794.80227674636;4.29474683544304;0.527974683544304;0.35950848279245;4.32707841932772;4.34198733257151
3;34.735;23135.082;23.5865;837.281794287058;4.29689873417721;0.526075949367089;0.353860745776222;4.32898309493999;4.34342169995932
3;34.756;23135.103;24.9757;875.839014218517;4.30518987341772;0.517848101265822;0.348512867828686;4.33622260754255;4.35020548034289
3;34.776;23135.123;26.4109;920.172847592578;4.30689873417721;0.507658227848101;0.341753980191573;4.33671460702214;4.35015969427973
3;34.798;23135.145;27.89325;958.918895547223;4.31348101265823;0.504683544303798;0.334787380281173;4.34290501006574;4.35578999912182
3;34.818;23135.165;29.42275;998.716772191125;4.31905063291139;0.497784810126582;0.329292227038582;4.34764166955432;4.36009420283932
3;34.839;23135.186;30.9948;1041.20818965997;4.32158227848101;0.489303797468354;0.323783825162144;4.34919436170633;4.3612300514115
3;34.861;23135.208;32.6163;1079.24933289612;4.32778481012658;0.483797468354431;0.31824710258993;4.35474239802408;4.36635575411068
3;34.882;23135.229;34.2815;1120.11710525601;4.33006329113924;0.477088607594936;0.31861318841786;4.35626693910836;4.36790293030904
3;34.903;23135.25;35.9927;1156.05260809045;4.33658227848101;0.469556962025316;0.319876984869415;4.3619295728636;4.37364274764997
3;34.924;23135.271;37.7545;1195.47682876423;4.33981012658228;0.459303797468354;0.321251819213535;4.36404765248444;4.37585587565484
3;34.946;23135.293;39.5623;1230.65140506354;4.34613924050633;0.449367088607595;0.323089668537281;4.36930853547705;4.38123772604365
3;34.966;23135.313;41.41495;1266.88472860425;4.34955696202532;0.44620253164557;0.325244796261143;4.37238407109323;4.38446423667074
3;34.988;23135.335;43.31245;1305.95384168044;4.35525316455696;0.442721518987343;0.285162566109383;4.37769716526371;4.38697505804033
3;35.008;23135.355;45.2548;1342.86253456358;4.35949367088608;0.436329113924051;0.270107974342546;4.38127471886362;4.38959297429237
3;35.03;23135.377;44.77985;1324.26770553434;4.36879746835443;0.43367088607595;0.258751435425827;4.390268984576;4.39788745447913
3;35.051;23135.398;42.8467;1286.8123675852;4.37006329113924;0.428164556962025;0.246695444380944;4.39098827787108;4.39791276615164
3;35.071;23135.418;40.95725;1246.81254092613;4.37107594936709;0.433291139240506;0.234799219588944;4.39249885218878;4.39876992351263
3;35.093;23135.44;39.1161;1207.81688278899;4.3720253164557;0.431455696202532;0.222232911457439;4.39326295428752;4.39888018164282
3;35.114;23135.461;37.3244;1166.15281580684;4.37354430379747;0.429936708860759;0.225682218759184;4.3946257350206;4.40041677739386
3;35.135;23135.482;35.57755;1126.50615811502;4.37196202531646;0.433164556962025;0.22923505551377;4.39336812527897;4.39934451877705
3;35.156;23135.503;33.8744;1087.85389850051;4.36930379746835;0.434050632911392;0.232790525708354;4.39081036102701;4.39697703602847
3;35.177;23135.524;32.21955;1043.04056468163;4.37158227848101;0.441012658227849;0.235483111499288;4.393771020689;4.40007682638017
3;35.197;23135.544;30.60955;1001.18679793857;4.3726582278481;0.447215189873418;0.217327791046437;4.39546828035663;4.4008377352934
3;35.219;23135.566;29.0444;959.958303689267;4.37050632911392;0.450063291139241;0.231206907392253;4.3936183879413;4.39969762289204
3;35.239;23135.586;27.5287;918.339863512657;4.36905063291139;0.450443037974684;0.24541245752078;4.39220928046505;4.39906008571259
3;35.26;23135.607;26.0567;876.046265327257;4.36727848101266;0.456075949367089;0.259104774308772;4.39102796646837;4.39866592120576
3;35.282;23135.629;24.6353;834.186034580527;4.36525316455696;0.461708860759494;0.271487436170395;4.3896025176294;4.39798996028604
3;35.303;23135.65;23.2553;791.96433731366;4.36411392405063;0.466772151898734;0.280495474834815;4.3890051929658;4.39795910568568
3;35.324;23135.671;21.9236;751.463268108618;4.36158227848101;0.469493670886076;0.287741886742146;4.38677834851064;4.39620514447946
3;35.344;23135.691;20.64135;707.81085534955;4.36424050632911;0.473164556962026;0.293500469979576;4.38981547391788;4.39961616745451
3;35.366;23135.713;19.4028;670.383104186256;4.3570253164557;0.48246835443038;0.298001081748484;4.38365661534553;4.39377400033114
3;35.386;23135.733;18.2068;630.096492910188;4.35556962025317;0.486645569620253;0.303230268370152;4.38267163124313;4.39314912368783
3;35.408;23135.755;17.06025;589.442039919799;4.35664556962025;0.489113924050632;0.306564941682183;4.38401563067378;4.39472127824514
3;35.428;23135.775;15.962;552.278822663451;4.35284810126582;0.493037974683545;0.307705254380208;4.38068180049333;4.39147532849118
3;35.45;23135.797;14.90745;514.640756776724;4.34892405063291;0.500063291139242;0.32211337997731;4.37757966156167;4.38941462189194
3;35.471;23135.818;13.90005;477.702912116333;4.34645569620253;0.503607594936709;0.334656085752497;4.37553399355203;4.38831316390029
3;35.491;23135.838;12.93865;441.187922646582;4.3446835443038;0.510506329113924;0.348352796801717;4.37457332916132;4.38842129737439
3;35.513;23135.86;12.02325;406.425606442394;4.3429746835443;0.512151898734178;0.360749534187562;4.37306856443891;4.38792307312928
3;35.533;23135.88;11.15845;373.894727192681;4.33955696202532;0.516518987341771;0.367473994209772;4.3701883816315;4.38561097537931
3;35.555;23135.902;10.33505;342.09558577105;4.33651898734177;0.529113924050633;0.369170666280886;4.36867925947877;4.38424970240544
3;35.575;23135.922;9.55995;311.632796762064;4.33550632911393;0.537215189873417;0.37008491696217;4.36866287209458;4.38431045157395
3;35.597;23135.944;8.832;282.765944263533;4.33474683544304;0.546708860759494;0.370799738821742;4.36908694189259;4.38479339902425
3;35.618;23135.965;8.15005;256.757723421978;4.32981012658228;0.554050632911392;0.374308619609371;4.36511487089217;4.38113396038033
3;35.639;23135.986;7.5118;232.171316118755;4.32360759493671;0.567911392405064;0.381310981165497;4.36074603532674;4.37738552665575
3;35.659;23136.006;6.92415;208.915847392895;4.32208860759494;0.573227848101266;0.390176220800134;4.35993579055251;4.37735965863197
3;35.681;23136.028;6.38135;188.236927744468;4.31626582278481;0.582848101265823;0.397196154644852;4.3554405703774;4.37351430172054
3;35.701;23136.048;5.8834;168.397979837462;4.31670886075949;0.591835443037975;0.402101336132863;4.35709129812487;4.3756062511057
3;35.723;23136.07;5.42915;150.967843343543;4.31632911392405;0.593797468354429;0.404614422775873;4.35698203497932;4.37572911458774
3;35.744;23136.091;5.0255;135.712354638136;4.31398734177215;0.602911392405063;0.407004711397963;4.3559142475561;4.37488762908973
3;35.765;23136.112;4.66785;122.548102257218;4.31082278481013;0.611772151898734;0.406320926555187;4.35401633527906;4.37293436301456
3;35.786;23136.133;4.35505;111.230467160694;4.30873417721519;0.615;0.405644132828011;4.35240338317834;4.37126553441907
3;35.806;23136.153;4.08825;101.386897704087;4.30936708860759;0.62126582278481;0.403994419691564;4.35391960501509;4.37262248748697
3;35.827;23136.174;3.8663;93.6559064278247;4.30677215189873;0.626898734177215;0.400728376815682;4.35215904940105;4.3705687985969
3;35.849;23136.196;3.6938;87.6229388651453;4.30537974683544;0.63253164556962;0.398704701109031;4.35159637915878;4.36982339297531
3;35.869;23136.216;3.56845;83.5730565251097;4.30056962025316;0.637658227848101;0.398058841961808;4.34758635040028;4.36577117080715
3;35.891;23136.238;3.48795;80.9027917347305;4.29841772151899;0.641708860759493;0.396481081296987;4.34605397695953;4.36410155913816
3;35.912;23136.259;3.4546;79.5518601780009;4.30101265822785;0.643291139240506;0.393408287869186;4.34885426015422;4.36661235479241
3;35.933;23136.28;3.45115;79.7896712679293;4.29563291139241;0.647278481012658;0.392963320975013;4.34412609639956;4.36186333039578
3;35.953;23136.3;3.45115;79.7473475171702;4.29537974683544;0.647088607594937;0.398239002170161;4.34384746919171;4.36206432076061
3;35.975;23136.322;3.45345;79.5396426609495;4.2973417721519;0.649810126582279;0.403936541860859;4.34619368037027;4.36492431058558
3;35.996;23136.343;3.45345;79.7495359738955;4.29430379746836;0.648987341772152;0.407898741032702;4.34306685128512;4.36217962235253
3;36.017;23136.364;11.5046;390.165346478817;4.2932911392405;0.650443037974683;0.411046052412031;4.34228337996621;4.36169506145653
3;36.038;23136.385;11.50345;390.639959558614;4.29417721518987;0.648037974683544;0.401067180097551;4.3427999231012;4.36128032291427
0;36.638;23136.985;11.50115;384.203229519783;4.31651898734177;0.631645569620252;0.395664838701553;4.36248923135667;4.38039529703515
0;37.198;23137.545;11.50345;379.841182364229;4.32588607594937;0.64639240506329;0.390072198776763;4.37391283445568;4.39127200292519
0;37.797;23138.144;11.50345;374.396018211147;4.33430379746835;0.675632911392404;0.38422672945772;4.38664669647616;4.40344176972229
0;38.396;23138.743;11.50345;366.465388794732;4.35569620253165;0.684177215189874;0.378248303584778;4.4091028419094;4.42529769051737
0;38.956;23139.303;11.50345;363.84454994432;4.35310126582278;0.72373417721519;0.372198412097785;4.41285415460077;4.42852271618261
0;39.636;23139.983;11.50115;350.417800512337;4.37449367088608;0.705506329113924;0.508874680698499;4.43101952794638;4.46014433597144
0;40.156;23140.503;11.50115;346.084169575926;4.37962025316456;0.674367088607595;0.586417564435215;4.43123510233053;4.4698691358925
0;40.797;23141.144;11.50115;342.106403551676;4.38841772151899;0.663924050632912;0.614082810733166;4.43835614203623;4.48063644385356
0;44.032;23144.379;11.50345;341.706641169839;4.41816455696202;0.514493670886076;0.641920517077216;4.44801998531676;4.49410099352718
0;44.593;23144.94;11.5046;335.674699385892;4.41810126582278;0.511012658227848;0.717435905756784;4.44755581549394;4.50504905753567
0;45.232;23145.579;11.50345;325.699066520308;4.41196202531646;0.495316455696202;0.852915848758549;4.43967873884113;4.5208641595586
0;45.792;23146.139;11.5046;326.518851387266;4.41607594936709;0.468987341772151;0.848015046077857;4.44090935702599;4.52115089724899
0;46.393;23146.74;11.50345;328.122293825302;4.41487341772152;0.454240506329113;0.843149969323513;4.43818000221873;4.51755947419228
0;47.033;23147.38;11.50345;330.093037648105;4.40955696202532;0.455696202531645;0.838353085788728;4.43304090104611;4.51161695257911
0;47.633;23147.98;11.50115;334.803846635971;4.39727848101266;0.44386075949367;0.833691073722672;4.41962333388212;4.49756725572838
0;48.193;23148.54;11.5046;334.988438636313;4.40126582278481;0.428544303797469;0.829139840992884;4.42207994761864;4.49914035556267
4;48.298;23148.645;3.45;68.6100727667715;4.38411392405063;0.473924050632911;0.821891276633904;4.4096551911485;4.48559518630804
4;48.32;23148.667;3.45115;68.5875448734857;4.38278481012658;0.484113924050633;0.822702959094342;4.40944089237354;4.48553331748172
4;48.34;23148.687;3.4546;68.9098558430442;4.37746835443038;0.491708860759493;0.82425;4.40499793391425;4.48145008454728
4;48.361;23148.708;3.45805;69.1212687993649;4.37462025316456;0.494556962025316;0.826225332849541;4.40248667778623;4.47934562729062
4;48.382;23148.729;3.5029;70.349161804566;4.37436708860759;0.503164556962025;0.826996851122579;4.40321041937313;4.48019930237961
4;48.404;23148.751;3.5949;73.1395707408898;4.37360759493671;0.502341772151898;0.828739047790363;4.40236193997458;4.47968738416748
4;48.424;23148.771;3.72945;77.1226759718267;4.37411392405063;0.503101265822785;0.830953886521442;4.40295168088932;4.48067716598409
4;48.458;23148.805;3.91805;83.0272299250554;4.37278481012658;0.499620253164556;0.832695827724806;4.40123475777491;4.47931353385274
4;48.468;23148.815;4.14805;90.3218405726358;4.37075949367089;0.504367088607595;0.831719181935232;4.39976416545077;4.47768707137778
4;48.488;23148.835;4.4229;98.6044292813893;4.3753164556962;0.505443037974683;0.831427666304997;4.40441446189196;4.48220244036572
4;48.508;23148.855;4.74835;109.182756030856;4.3746835443038;0.503544303797469;0.830519237450191;4.40356820983726;4.48120242596383
4;48.529;23148.876;5.12095;121.81680318488;4.3706329113924;0.504493670886077;0.8295;4.39965293064243;4.47716608583047
4;48.551;23148.898;5.5384;135.672757942114;4.37272151898734;0.498544303797468;0.827009084780621;4.40104986400562;4.47807815159288
4;48.571;23148.918;5.9961;150.792722678452;4.37493670886076;0.499493670886076;0.825499984179828;4.4033583926127;4.48006867778537
4;48.593;23148.94;6.50785;167.968270357101;4.37651898734177;0.499303797468356;0.82425;4.40490893535035;4.48136260430122
4;48.613;23148.96;7.06215;187.261750970273;4.37556962025316;0.494620253164557;0.823506157243276;4.40343714574456;4.47977913379003
4;48.635;23148.982;7.66245;207.080928163843;4.37949367088608;0.493734177215189;0.82523951315637;4.40723703141567;4.48383301486085
4;48.655;23149.002;8.3099;229.128120134051;4.38050632911392;0.489556962025317;0.827487741013049;4.40777741253737;4.48477844268828
4;48.676;23149.023;9.0022;253.801815561055;4.37829113924051;0.484620253164556;0.825323366536203;4.40503008953732;4.48167923317587
4;48.698;23149.045;9.7451;278.431097057278;4.38569620253165;0.471962025316455;0.821085920770901;4.41101794762176;4.48678742794101
4;48.718;23149.065;10.5317;307.077642945291;4.38151898734177;0.46373417721519;0.818530788515826;4.405991151098;4.48137821158874
4;48.74;23149.087;11.36545;334.973180736949;4.38443037974683;0.455696202531645;0.819;4.40804818302259;4.48348634255182
4;48.76;23149.107;12.24405;364.513386448464;4.38645569620253;0.445886075949367;0.818499969448996;4.40905976002516;4.48438960924017
4;48.781;23149.128;13.16865;394.834993545521;4.38867088607595;0.444113924050633;0.816244946943315;4.41108482392102;4.48596981011206
4;48.803;23149.15;14.1404;427.431600635941;4.38993670886076;0.43132911392405;0.813006044091438;4.41107573187332;4.48537266456768
4;48.823;23149.17;15.16045;458.86665628014;4.3953164556962;0.425949367088607;0.81025;4.41590756346156;4.48962633985692
4;48.845;23149.192;16.22535;491.880883697805;4.40056962025317;0.409113924050633;0.806995580114067;4.41954603840114;4.49261939761993
4;48.865;23149.212;17.3351;525.772175215774;4.40196202531645;0.412405063291139;0.803550892322018;4.42123824381319;4.49366683735096
4;48.886;23149.233;18.49545;560.061890164707;4.40544303797468;0.405253164556963;0.801018739270105;4.42404322856627;4.4959748118606
4;48.908;23149.255;19.69375;595.76378743027;4.40721518987342;0.387151898734178;0.802013473528021;4.42418719343389;4.49629379981613
4;48.928;23149.275;20.9461;630.699950299882;4.41056962025317;0.37886075949367;0.801328295869889;4.42681147669339;4.49875392613844
4;48.95;23149.297;22.24215;665.653373968009;4.41405063291139;0.367215189873418;0.802446928374307;4.4292990399813;4.50140101062287
4;48.97;23149.317;23.58535;698.841708717396;4.42;0.362784810126582;0.802130849395615;4.43486333706672;4.50682002281107
4;48.992;23149.339;24.978;735.262187552381;4.42094936708861;0.359367088607594;0.801017156846337;4.43553131098581;4.50727927871101
4;49.012;23149.359;26.41205;770.339812062283;4.42569620253165;0.348670886075949;0.797255238286706;4.43940967515953;4.51042948940293
4;49.034;23149.381;27.89325;805.346484470006;4.43025316455696;0.33873417721519;0.793511258839115;4.44318398728666;4.51348469176368
4;49.054;23149.401;29.4216;839.060920785106;4.43556962025316;0.330632911392406;0.791311687831131;4.44787544544681;4.51771736228671
4;49.075;23149.422;30.9948;875.081504560833;4.43645569620253;0.323607594936709;0.791488870625603;4.44824246415015;4.51810974326574
4;49.097;23149.444;32.6163;904.495686086232;4.44474683544304;0.319240506329113;0.792970732914214;4.45619668911306;4.52620056066019
4;49.117;23149.464;34.2815;936.740767545954;4.45012658227848;0.307405063291139;0.79275;4.46073138299523;4.53062656083445
4;49.139;23149.486;35.9927;970.238844773807;4.45335443037975;0.295632911392405;0.792529267092273;4.46315633838669;4.53297552829034
4;49.159;23149.506;37.7545;1000.58773243713;4.45835443037975;0.291392405063291;0.794011130830946;4.46786680202256;4.53787256723883
4;49.18;23149.527;39.5623;1034.82601866999;4.4579746835443;0.281835443037975;0.798311877054743;4.46687468999012;4.53765042165227
4;49.202;23149.549;41.4115;1059.41367591686;4.46664556962025;0.27639240506329;0.80402395967917;4.47518886821382;4.54684175378065
4;49.222;23149.569;43.31475;1093.75035289293;4.46518987341772;0.265189873417722;0.808205000582731;4.47305782151712;4.54548584835575
4;49.244;23149.591;45.25825;1127.80137502451;4.46430379746835;0.253481012658229;0.810003213544773;4.4714942714789;4.54426740254372
4;49.265;23149.612;44.7787;1113.46419150202;4.47145569620253;0.243797468354431;0.811521195788259;4.47809705663891;4.551035036109
4;49.285;23149.632;42.8444;1078.48942803784;4.47386075949367;0.247974683544304;0.810778062581437;4.48072779122055;4.55349125460668
4;49.306;23149.653;40.95955;1047.57249439881;4.47227848101266;0.246645569620253;0.809258962072055;4.47907455271088;4.55159410717126
4;49.328;23149.675;39.11955;1018.1080368636;4.46835443037975;0.249240506329114;0.806688746681013;4.47530022964823;4.54742332310412
4;49.349;23149.696;37.32325;985.068016101932;4.46740506329114;0.254303797468354;0.804681251218217;4.47463723903135;4.54641510830107
4;49.369;23149.716;35.57295;951.175195616052;4.4679746835443;0.257974683544303;0.799987699470615;4.47541603765981;4.54635337709762
4;49.39;23149.737;33.8744;915.196569556088;4.47069620253165;0.262658227848101;0.79547317685977;4.47840528313229;4.54850430967044
4;49.412;23149.759;32.2184;881.449559007197;4.46955696202532;0.265189873417722;0.793589178924271;4.47741723605834;4.54720231468295
4;49.432;23149.779;30.6084;842.973841488162;4.47348101265823;0.269050632911393;0.794244427068836;4.48156452744839;4.55140031458601
4;49.454;23149.801;29.0467;810.611860251737;4.46905063291139;0.269999999999999;0.795489638628756;4.47719929861579;4.54731979573588
4;49.474;23149.821;27.5287;775.548181945152;4.46803797468354;0.275253164556962;0.795247845152363;4.47650842150586;4.54659727521938
4;49.496;23149.843;26.05785;740.072822605353;4.46848101265823;0.276582278481012;0.79349491838754;4.47703253475523;4.54680706680674
4;49.517;23149.864;24.63415;706.309677159927;4.46689873417721;0.27753164556962;0.7897500304466;4.47551205066935;4.54465765776444
4;49.538;23149.885;23.2576;671.265304952895;4.46677215189873;0.285063291139241;0.78575;4.47585908367692;4.54430606357375
4;49.559;23149.906;21.9259;640.019303284571;4.46075949367088;0.286518987341773;0.781752637450094;4.46995172126974;4.53779743671337
4;49.579;23149.926;20.64135;604.123580735244;4.46151898734177;0.300506329113923;0.778527728490362;4.47162786110927;4.53889426537753
4;49.6;23149.947;19.4028;569.323908420048;4.46208860759493;0.301645569620254;0.776502637450094;4.47227288877815;4.53918287114179
4;49.622;23149.969;18.2068;535.455251383719;4.46069620253164;0.306898734177215;0.77525;4.47124115255706;4.53795218207726
4;49.642;23149.989;17.06025;504.087796680352;4.45455696202532;0.318101265822786;0.773006661150039;4.46590037318862;4.53230685649467
4;49.664;23150.011;15.9597;472.116412535214;4.45120253164557;0.321708860759493;0.772067774932647;4.46281307796093;4.52910468171233
4;49.684;23150.031;14.9063;439.40153547471;4.45107594936709;0.32240506329114;0.77300859158569;4.46273706730185;4.52919026035948
4;49.705;23150.052;13.89775;408.575850547733;4.44639240506329;0.335316455696203;0.77424484946576;4.45901811448049;4.52573724736528
4;49.727;23150.074;12.9421;379.211541992025;4.44221518987342;0.337341772151898;0.774496892084274;4.45500564134106;4.52182714179002
4;49.747;23150.094;12.02325;348.332006975478;4.44335443037975;0.351075949367089;0.773739147851275;4.4572023642863;4.52386175574773
4;49.769;23150.116;11.15845;320.443224593892;4.44107594936709;0.353481012658229;0.773253482580603;4.4551211447453;4.52172813896188
4;49.789;23150.136;10.33275;294.394361557579;4.43405063291139;0.367088607594936;0.772026000071586;4.44922005086823;4.51570406535176
4;49.811;23150.158;9.5611;267.887500431569;4.4353164556962;0.371075949367088;0.772609627588077;4.45081222052427;4.51737258359436
4;49.831;23150.178;8.83085;244.00898878732;4.42917721518987;0.384936708860759;0.77426944627626;4.44587303837904;4.5127907384259
4;49.853;23150.2;8.14545;221.472186664746;4.42449367088608;0.387531645569619;0.776501719902579;4.44143276657757;4.50880027735101
4;49.873;23150.22;7.50835;199.249723902414;4.42632911392405;0.395569620253164;0.776036379759478;4.44396948113271;4.51121903834752
4;49.895;23150.242;6.923;180.327318273369;4.42063291139241;0.397151898734177;0.776744294806499;4.43843722136;4.50589132885696
4;49.915;23150.262;6.37675;161.935991618162;4.41867088607595;0.400822784810126;0.780036609416871;4.43681319240264;4.50486053239262
4;49.937;23150.284;5.87995;145.74707246735;4.41405063291139;0.403544303797468;0.782906479950458;4.43245879789456;4.50107026732324
4;49.957;23150.304;5.4303;130.472501813324;4.41550632911392;0.406392405063292;0.7854904473004;4.43416857249905;4.50320398962099
4;49.979;23150.326;5.0255;117.484010779993;4.41215189873418;0.409873417721519;0.786961564971173;4.43114890249226;4.50048765144403
4;49.999;23150.346;4.6667;106.161943932426;4.40791139240506;0.414367088607595;0.789410141597248;4.42734490721194;4.4971714776148
4;50.021;23150.368;4.35275;96.3349402148653;4.40386075949367;0.424240506329114;0.790507230651413;4.42424791306031;4.49431544041256
4;50.041;23150.388;4.08825;88.0935679554684;4.40177215189873;0.428544303797469;0.791792905330994;4.42258389378296;4.49290377178067
4;50.063;23150.41;3.8686;81.2871786011502;4.40037974683544;0.431582278481013;0.79438613951474;4.42149354624186;4.49228833871019
4;50.084;23150.431;3.69495;75.8269133630274;4.40139240506329;0.434177215189874;0.796357068938876;4.42275535809283;4.49387911928968
4;50.104;23150.451;3.56845;72.145047948517;4.39886075949367;0.432721518987341;0.799058709608022;4.42009319974228;4.49173894119064
4;50.126;23150.473;3.48795;69.7423080107374;4.39689873417721;0.437278481012658;0.802433402827372;4.41858924868175;4.49086075430301
4;50.146;23150.493;3.45345;68.6017201771028;4.3970253164557;0.438037974683545;0.807030808775911;4.41879043413661;4.49188241465988
4;50.167;23150.514;3.45345;68.8811902752677;4.3920253164557;0.437025316455696;0.809956820008797;4.41371470618695;4.48741657949089
4;50.189;23150.536;3.4546;68.9524766741368;4.39069620253165;0.439556962025316;0.810998553931145;4.41264359152093;4.4865512501552
4;50.209;23150.556;3.45345;68.77191228346;4.39164556962025;0.445;0.812;4.41413364196931;4.48819783534162
4;50.23;23150.577;3.45;68.7051228247237;4.39126582278481;0.444050632911392;0.812;4.41366021471374;4.48773222139501
4;50.252;23150.599;11.5;339.022032605618;4.38987341772152;0.446518987341773;0.81248411920833;4.41252397496883;4.48670238300252
4;50.272;23150.619;11.50115;339.376714954706;4.39069620253164;0.439177215189873;0.810839343570383;4.41260577995222;4.48648528475792
0;50.872;23151.219;11.50345;339.327478698215;4.40613924050633;0.361898734177214;0.802819853191289;4.42097655507567;4.49327869347171
0;51.392;23151.739;11.50345;337.623856510154;4.42006329113924;0.325822784810126;0.791995883294604;4.43205595460821;4.5022635933421
0;52.033;23152.38;11.50115;338.424590164982;4.42240506329114;0.312215189873418;0.780917476860485;4.43341232783629;4.50166380067159
0;52.594;23152.941;11.5;335.830448480289;4.42924050632911;0.342468354430379;0.772974484248214;4.44246058358348;4.50920675839904
0;53.232;23153.579;11.5046;338.561687919906;4.42107594936709;0.342088607594937;0.772420695551066;4.43429105557116;4.50106330731239
0;53.833;23154.18;11.50115;341.598601142278;4.41177215189873;0.336518987341772;0.772105820040191;4.42458795246639;4.49145031659604
0;54.432;23154.779;11.50345;339.913276233931;4.41462025316456;0.355379746835443;0.772808939820391;4.4289013021416;4.49582032576679
0;55.032;23155.379;11.5046;341.936181058979;4.40411392405063;0.381518987341772;0.773747987944577;4.42060812487592;4.48781262337982
0;58.23;23158.577;11.5;340.434771169115;4.39272151898734;0.467658227848102;0.77712966975294;4.41754530949582;4.48538037239416
0;58.91;23159.257;11.50115;338.965439951634;4.39512658227848;0.464430379746836;0.7869424700587;4.41959650328881;4.48911034650128
0;59.509;23159.856;11.50115;342.525867885653;4.38240506329114;0.452151898734177;0.797870580972008;4.40566856201062;4.47733324002909
0;60.11;23160.457;11.50345;338.818641335099;4.38310126582279;0.497974683544305;0.806348738884087;4.41129861740376;4.48439001209845
0;60.63;23160.977;11.50345;340.076510743745;4.37240506329114;0.519683544303797;0.812795731642033;4.40318033059221;4.4775700915887
0;61.23;23161.577;11.5046;340.485246794253;4.37246835443038;0.511898734177215;0.813906818504539;4.40233118069817;4.47693691420323
0;61.909;23162.256;11.50345;343.560405279585;4.36310126582278;0.509113924050633;0.813586511494854;4.3927041379413;4.46741229966219
0;62.43;23162.777;11.50345;347.095692709068;4.35651898734177;0.484936708860759;0.814222026182225;4.38342574919093;4.45840541074837
5;62.535;23162.882;3.45345;71.6251256412579;4.33050632911392;0.533164556962025;0.817247408518961;4.36320404190502;4.43908130563377
5;62.557;23162.904;3.45115;71.7333521716326;4.32240506329114;0.553101265822785;0.82075;4.35764919898558;4.43426849704883
5;62.577;23162.924;3.45575;71.9812051388203;4.31772151898734;0.557658227848101;0.827221181979146;4.35358493825641;4.43147793614366
5;62.599;23162.946;3.46035;72.5747987198517;4.30822784810127;0.566582278481012;0.830229720521146;4.34532423064655;4.42392631700401
5;62.62;23162.967;3.50175;73.6672202192817;4.31069620253165;0.562974683544303;0.833928007627984;4.34730287015209;4.42656505280776
5;62.641;23162.988;3.5949;76.7881906536689;4.30639240506329;0.56620253164557;0.836786342216759;4.34345494430743;4.42332592465773
5;62.661;23163.008;3.73635;81.0574558315275;4.30715189873418;0.571139240506329;0.84;4.34485414148917;4.42530874751306
5;62.683;23163.03;3.91805;87.1835954237972;4.30227848101266;0.573227848101267;0.842750695983682;4.34029841071134;4.42135940968435
5;62.703;23163.05;4.15035;94.6134985511987;4.30316455696203;0.573291139240506;0.845475375733971;4.34118508412459;4.4227498850374
5;62.725;23163.072;4.42405;103.704673293385;4.30082278481013;0.580189873417721;0.847;4.33978074510204;4.42166325216636
5;62.745;23163.092;4.7495;115.145563667608;4.2970253164557;0.575316455696202;0.848487613516369;4.33536798835531;4.41761777712227
5;62.767;23163.114;5.1221;127.544214156655;4.30056962025316;0.572215189873418;0.849654188982912;4.33847084606619;4.42088696112245
5;62.788;23163.135;5.5361;141.725321506945;4.30082278481012;0.576075949367089;0.850236207599432;4.33923266555057;4.42174645750909
5;62.808;23163.155;5.9961;157.784328814807;4.30303797468354;0.56759493670886;0.850995615932836;4.34031102845708;4.42295075284398
5;62.83;23163.177;6.5067;176.782502605479;4.29892405063291;0.558227848101266;0.852990899408526;4.33501630025838;4.41813985722268
5;62.85;23163.197;7.06445;196.925311267604;4.30012658227848;0.547974683544304;0.854;4.33490079210857;4.41822146088485
5;62.872;23163.219;7.66245;217.816237721493;4.30493670886076;0.541455696202532;0.854;4.33885403513959;4.42210021802391
5;62.893;23163.24;8.31335;241.63727152748;4.30512658227848;0.534240506329114;0.853498465226594;4.33814796981887;4.4213106018677
5;62.914;23163.261;9.0045;266.298675845156;4.30613924050633;0.537784810126582;0.851748465226594;4.33959072501444;4.42238884638689
5;62.935;23163.282;9.7451;292.106848478575;4.31253164556962;0.52753164556962;0.84875;4.34467706868034;4.42680419643977
5;62.955;23163.302;10.53285;320.529724442865;4.31398734177215;0.519873417721518;0.846259091963172;4.34519909272565;4.42683968606885
5;62.976;23163.323;11.36545;350.687908313729;4.31386075949367;0.511772151898734;0.845748022332537;4.34411157634773;4.42567453672746
5;62.997;23163.344;12.2429;380.301552729492;4.31898734177215;0.50379746835443;0.845991895857069;4.34827132864411;4.42980426603301
5;63.019;23163.366;13.17095;412.707685126966;4.32025316455696;0.494303797468355;0.845749529241454;4.34843922000251;4.42992278897366
5;63.04;23163.387;14.1404;442.316036516503;4.33227848101266;0.479303797468354;0.844748461637462;4.35871184724489;4.43981631723113
5;63.06;23163.407;15.16045;477.238479914724;4.33094936708861;0.477088607594938;0.8435;4.35714768624866;4.43804328615462
5;63.082;23163.429;16.22305;511.599776305684;4.33272151898734;0.475189873417721;0.842252028868266;4.35870177654938;4.43933211835152
5;63.102;23163.449;17.3351;546.866784653553;4.33683544303797;0.45886075949367;0.84175;4.3610428634208;4.44153553617367
5;63.124;23163.471;18.492;580.363446631084;4.34556962025316;0.443227848101266;0.840225275066153;4.36811472488987;4.44819117874442
5;63.144;23163.491;19.6949;615.228972578804;4.35;0.441772151898735;0.837491639611053;4.37237494208734;4.45185971034709
5;63.166;23163.513;20.94495;650.876262857173;4.35626582278481;0.428101265822785;0.833239215685415;4.37725057685325;4.45585123215735
5;63.187;23163.534;22.24215;688.586727335802;4.35898734177215;0.416518987341772;0.8292607841343;4.37884216574953;4.45667276795695
5;63.208;23163.555;23.58535;722.8036359191;4.36664556962025;0.406835443037975;0.826991656038827;4.38555681851188;4.46284929249845
5;63.229;23163.576;24.97455;760.5898437324;4.3676582278481;0.400379746835442;0.826226734730361;4.38597108255005;4.46311471442853
5;63.249;23163.596;26.4086;795.071088782864;4.37411392405063;0.393417721518988;0.823757201717049;4.39177072764265;4.46835831727487
5;63.271;23163.618;27.88865;828.645686969579;4.38253164556962;0.381012658227848;0.82052924596744;4.39906288545061;4.4749326825816
5;63.292;23163.639;29.41585;863.512766221911;4.38727848101266;0.374177215189874;0.819;4.40320577060895;4.47872549486168
5;63.313;23163.66;30.9948;900.5729782992;4.38810126582279;0.366392405063292;0.820487178474061;4.40337099431828;4.47916011364228
5;63.333;23163.68;32.6117;938.666765872473;4.38835443037975;0.351139240506329;0.821640763447579;4.40238042118771;4.47839780691886
5;63.355;23163.702;34.2815;965.536474555512;4.40056962025316;0.346962025316455;0.8217305842928;4.41422650412354;4.49005977497727
5;63.376;23163.723;35.995;1002.1447925453;4.40196202531645;0.333291139240507;0.821241622504648;4.41456143414319;4.49029959561257
5;63.396;23163.743;37.75335;1034.86971371376;4.40683544303797;0.323354430379748;0.82044860923521;4.41868268940664;4.49420656290495
5;63.418;23163.765;39.56115;1066.1017473011;4.41259493670886;0.316962025316455;0.818729348266142;4.42396417265798;4.49908621240732
5;63.439;23163.786;41.41265;1099.00510158014;4.4146835443038;0.313734177215189;0.819284920666807;4.42581743074651;4.50100963246377
5;63.46;23163.807;43.31245;1125.5543294146;4.42316455696203;0.299430379746837;0.822756492496186;4.43328808564032;4.50898785718314
5;63.48;23163.827;45.2594;1153.76536070632;4.42791139240506;0.291582278481012;0.827361087359044;4.43750149567465;4.51397229643589
5;63.502;23163.849;44.77985;1139.11800859685;4.4353164556962;0.282278481012659;0.828329101791014;4.44428995487607;4.52082318874409
5;63.523;23163.87;42.8467;1104.06082102018;4.43848101265823;0.274999999999999;0.826902768088383;4.44699209575727;4.52321864247129
5;63.543;23163.89;40.95955;1070.58765523598;4.43911392405063;0.27740506329114;0.823505757545491;4.44777315067212;4.523366858055
5;63.565;23163.912;39.11725;1040.32028286499;4.43506329113924;0.279430379746835;0.822001954434333;4.44385730346242;4.51924274039691
5;63.586;23163.933;37.3221;1005.17312399928;4.43594936708861;0.283227848101265;0.819744932731185;4.4449819798638;4.51993877790976
5;63.607;23163.954;35.57525;969.789096272089;4.43759493670886;0.282658227848101;0.816505076640628;4.44658796113091;4.52093187697561
5;63.628;23163.975;33.87325;936.562080830232;4.43525316455696;0.287405063291139;0.814245426699877;4.44455535505161;4.51852497160518
5;63.648;23163.995;32.2161;898.952861177941;4.43867088607595;0.28493670886076;0.812226849378764;4.44780711845227;4.5213604830633
5;63.67;23164.017;30.60955;864.637468930764;4.43632911392405;0.296455696202532;0.809500712864355;4.44622333974139;4.51931337605493
5;63.69;23164.037;29.0467;830.064488334012;4.43430379746836;0.304113924050633;0.80675;4.44471995147543;4.517342250654
5;63.712;23164.059;27.5287;797.789599255868;4.42791139240506;0.311898734177215;0.806006065828233;4.43888275575869;4.51146604747545
5;63.732;23164.079;26.05785;763.185688996678;4.42556962025316;0.309556962025316;0.805747903721542;4.43638275810892;4.50896015293967
5;63.753;23164.1;24.63415;726.377065880302;4.42645569620253;0.311329113924051;0.80400322511868;4.4373906575397;4.50964045502763
5;63.775;23164.122;23.25875;694.467571049632;4.42056962025316;0.308164556962025;0.801273186450201;4.43129790937969;4.50315887805403
5;63.796;23164.143;21.9236;658.769373966506;4.41949367088608;0.311139240506328;0.799253093204508;4.43043247708222;4.50194818284062
5;63.816;23164.163;20.6379;622.905324993617;4.41860759493671;0.318164556962024;0.797500462650838;4.43004760282993;4.50125857413985
5;63.838;23164.185;19.4005;588.767143391617;4.41462025316456;0.329810126582278;0.795508127697676;4.42692293802896;4.49783057489719
5;63.858;23164.205;18.20795;555.231726938818;4.41069620253165;0.334050632911392;0.794008617997002;4.42332802495763;4.49402720305842
5;63.88;23164.227;17.06255;522.175551846886;4.40481012658228;0.345443037974683;0.794819780571035;4.41833488361022;4.48925624433646
5;63.901;23164.248;15.9643;489.052460634028;4.40044303797468;0.348987341772152;0.798;4.41425997140824;4.48581041676719
5;63.922;23164.269;14.9063;456.016838774814;4.39544303797468;0.36360759493671;0.800713506855728;4.41045689052458;4.48255196325006
5;63.943;23164.29;13.9012;424.092604248331;4.39177215189873;0.368101265822785;0.802784965818775;4.40717156190834;4.47969026579274
5;63.963;23164.31;12.9421;394.302884103227;4.38348101265823;0.382215189873418;0.803635530587374;4.40011298033416;4.47289887050083
5;63.985;23164.332;12.02325;363.664492288545;4.3806329113924;0.389556962025317;0.804209471122221;4.39791988683704;4.47084468579254
5;64.005;23164.352;11.15615;334.007384005687;4.3796835443038;0.391962025316456;0.804773654415229;4.39718798523962;4.47022625964016
5;64.026;23164.373;10.33735;306.711978314004;4.3726582278481;0.404873417721519;0.808015230078199;4.39136225583192;4.4650813065367
5;64.048;23164.395;9.55995;280.32101989837;4.36854430379747;0.406962025316457;0.809521358897357;4.38745910799075;4.461515690301
5;64.069;23164.416;8.83085;255.749551439204;4.36050632911392;0.42379746835443;0.810426348343818;4.38105235536237;4.45537996208136
5;64.09;23164.437;8.1466;232.390987896485;4.355;0.429810126582279;0.810704867313545;4.37615833179202;4.45061839824519
5;64.111;23164.458;7.51295;209.984550897741;4.35227848101266;0.439367088607594;0.811218963642494;4.3743995490624;4.44898276258861
5;64.131;23164.478;6.9207;189.623187897636;4.34689873417722;0.448607594936709;0.810748221547863;4.36998597016356;4.44455735233211
5;64.153;23164.5;6.3779;170.76227360469;4.34177215189873;0.459493670886076;0.812992209199581;4.36601876457119;4.44106700971815
5;64.174;23164.521;5.87995;153.954787361095;4.33354430379747;0.472278481012658;0.815221271856311;4.35920327543958;4.43477608439143
5;64.194;23164.541;5.428;138.146960440459;4.33063291139241;0.482531645569621;0.817528713698873;4.35743252411454;4.43346043175456
5;64.216;23164.563;5.0255;124.736109127958;4.32481012658228;0.486392405063291;0.819756837820969;4.35207539028127;4.42860717109184
5;64.236;23164.583;4.66325;112.397094315881;4.3223417721519;0.491202531645569;0.8225;4.35016302250665;4.42723667453912
5;64.258;23164.605;4.35505;102.316765129541;4.31683544303798;0.497848101265823;0.825260076257413;4.34544830531936;4.42311826290766
5;64.278;23164.625;4.09055;93.4417382572932;4.31436708860759;0.506329113924051;0.8295;4.34397658221905;4.4224656919944
5;64.3;23164.647;3.8663;86.3643310565848;4.30816455696203;0.513291139240506;0.833740908144704;4.33863453675078;4.41801692452627
5;64.321;23164.668;3.6938;80.6821063604748;4.30550632911392;0.525949367088607;0.836998052492704;4.33751166993023;4.41753021796768
5;64.341;23164.688;3.5696;76.6154467001467;4.30411392405063;0.534810126582279;0.8390002536629;4.33721322310784;4.41761700109323
5;64.363;23164.71;3.48795;74.5961063837253;4.29481012658228;0.537151898734177;0.841523153384357;4.32827057676706;4.40931824700705
5;64.384;23164.731;3.45575;73.3580264719116;4.29632911392405;0.538924050632911;0.844753093190701;4.32999803550787;4.41163130553283
5;64.405;23164.752;3.4546;73.4963287890796;4.29196202531646;0.542151898734177;0.848250362964044;4.3260682736244;4.40844591509618
5;64.425;23164.772;3.45575;73.3966369405507;4.29329113924051;0.539746835443038;0.851480266621952;4.32708625435775;4.41006735743326
5;64.447;23164.794;3.45345;73.1994536875038;4.29329113924051;0.545126582278481;0.853127148473341;4.32776059839123;4.41104723715921
5;64.467;23164.814;3.45575;73.6309756846036;4.28816455696202;0.545316455696203;0.853228456063982;4.32269884498543;4.40610078217416
5;64.489;23164.836;11.5046;360.088572803927;4.28886075949367;0.551075949367088;0.853102797510101;4.32411971576822;4.40747044226221
5;64.51;23164.857;11.50345;361.088742019442;4.28873417721519;0.537341772151898;0.853331239812494;4.32226526521834;4.40569531717219
0;65.07;23165.417;11.50345;357.517313715709;4.31;0.489620253164556;0.852693257134491;4.33772152083429;4.42073679187888
0;65.669;23166.016;11.50115;363.280246446026;4.29291139240506;0.48759493670886;0.852120325175828;4.32051351639424;4.40374228286841
0;66.229;23166.576;11.50115;361.837706572469;4.29170886075949;0.514746835443038;0.85180562564467;4.32246795825257;4.40559894611392
0;66.83;23167.177;11.50115;366.359053876695;4.27443037974684;0.536645569620253;0.84881690323034;4.30798601886029;4.39081241616005
0;67.469;23167.816;11.50345;367.360067058399;4.26569620253164;0.554240506329113;0.854404674153775;4.30155165389756;4.385584793202
0;68.03;23168.377;11.50115;370.905268607093;4.25341772151899;0.55113924050633;0.860769919851636;4.28897619207168;4.37449901486777
0;68.669;23169.016;11.50575;371.61701966766;4.2529746835443;0.536518987341773;0.866821157555041;4.28668243314653;4.37344546117041
0;69.269;23169.616;11.5046;372.285044656456;4.24303797468354;0.561139240506328;0.872713487428269;4.27998230158054;4.36805189220342
