;idxAnalysis;T;B;F;dx;dy;dz;D2;D3
0;0;0.748;6.0048;117.719166285623;-4517.91139240506;-1106.70886075949;-628.042468794926;4651.48662817674;190.694194844509
1;0;1.348;6.0036;118.761407882877;-4516.83544303798;-1086.39240506329;-625.317681807423;4645.64859597272;184.544461703194
2;0;1.949;6.0036;119.480575168967;-4525.37974683544;-1050.69620253165;-623.848504152618;4645.7533687318;184.452540476147
3;0;2.549;6.0012;118.90875663291;-4536.96202531646;-1040.50632911392;-614.278013933117;4654.74788147433;192.105464043525
4;0;3.148;6.0048;120.289511733065;-4523.79746835443;-1034.87341772152;-626.214213101067;4640.65798410059;179.718309495709
5;0;3.749;6.0;121.193833320532;-4522.53164556962;-1001.01265822785;-645.9904944052;4631.98864712674;173.81756603493
6;0;4.348;6.0036;122.218217120113;-4522.78481012658;-977.53164556962;-646.577853484551;4627.21844705886;169.174384311706
7;0;4.949;6.0036;122.504661168762;-4523.86075949367;-971.645569620252;-640.664931604934;4627.03050392467;168.173604014059
8;0;5.549;6.0;126.201208276793;-4525.56962025317;-986.772151898735;-441.13098015659;4631.90022210337;149.85892857017
9;0;6.15;6.0036;129.018179509625;-4522.40506329114;-983.924050632914;-305.708189843538;4628.20203684922;135.287570993484
10;0;6.75;6.0012;130.840455398623;-4531.58227848101;-958.417721518989;-109.162646166691;4631.82496167167;130.111153305403
11;0;7.35;6.0048;130.899813539156;-4524.55696202532;-978.291139240506;-108.066746664805;4629.11106539131;127.372304411705
12;0;7.95;6.0036;129.026406567715;-4531.64556962025;-1001.07594936709;-107.846758149878;4640.9012729275;139.154192646288
13;0;8.55;6.0036;129.974545220738;-4517.84810126582;-1014.11392405063;-118.157840283937;4630.26765069413;128.775015292208
14;0;9.149;6.0;130.140955923538;-4509.55696202531;-1023.86075949367;-156.486421795675;4624.32642106739;123.973400484204
15;0;9.75;6.0036;129.032742952721;-4500.63291139241;-1067.53164556962;-179.398232716081;4625.50758483878;125.985217442664
16;0;10.35;6.0012;128.923345360334;-4495.88607594937;-1075.94936708861;-199.840349802431;4622.84097157297;124.158395156029
17;0;10.949;6.0036;125.802796802917;-4485.75949367089;-1102.02531645569;-421.428859351507;4619.14472961908;135.329474785299
18;0;11.548;6.0036;123.241005689936;-4476.64556962026;-1108.48101265823;-571.731947505992;4611.84190008986;144.145697223564
19;0;12.148;6.0036;118.379571223117;-4454.3670886076;-1162.08860759494;-738.873140779905;4603.4591441624;159.378106732487
20;0;14.548;6.0048;119.454007559975;-4398.41772151899;-1219.24050632911;-791.304502924396;4564.2771459724;129.363185415666
21;0;15.148;6.0012;116.926202690847;-4401.26582278481;-1223.35443037974;-848.465723212236;4568.12181373739;143.249131138951
22;0;15.748;6.0;114.940257555936;-4411.07594936709;-1217.59493670886;-885.776983447618;4576.03851174614;157.979438421648
23;0;16.348;6.0048;112.024782585551;-4414.87341772152;-1225.50632911392;-949.652707572147;4581.80892849128;176.18938729792
24;0;16.949;6.0012;110.810028494579;-4407.21518987342;-1207.46835443038;-1019.56306197753;4569.6307899875;178.990430805128
25;0;17.548;6.0;113.114337610855;-4396.13924050633;-1195.25316455696;-999.903382176891;4555.7293981648;161.169499813636
26;0;18.149;6.0036;114.027541103085;-4417.46835443038;-1152.40506329114;-979.658113026626;4565.31095242075;166.239136166811
27;0;18.749;6.0036;113.424021066928;-4423.22784810127;-1171.58227848101;-958.558059182444;4575.75672774125;172.081088525944
28;0;19.348;6.0012;114.756696070098;-4434.24050632912;-1136.70886075949;-936.413920726184;4577.61902107406;169.415535141199
29;0;19.948;6.0048;114.646833574252;-4439.24050632911;-1148.41772151899;-914.695612728926;4585.38106771204;172.723216795192
30;0;20.549;6.0012;115.738777720938;-4440.69620253165;-1130.69620253165;-900.346072848115;4582.38547763045;166.997828317642
31;0;21.149;6.0012;115.370170788045;-4447.53164556962;-1127.02531645569;-897.109485546017;4588.10677755818;171.989757350482
32;0;21.748;6.0012;116.192450940316;-4461.39240506329;-1087.72151898734;-885.566019865418;4592.07581544823;173.685521858917
33;0;22.348;6.0036;117.85712958163;-4483.73417721519;-1026.26582278481;-852.136558870255;4599.68408816777;174.951520260442
34;0;22.949;6.0048;119.508905297331;-4488.03797468354;-997.848101265824;-826.523009008637;4597.6282685099;168.330215240844
35;0;23.548;6.0036;120.054797267504;-4497.27848101266;-985.886075949367;-795.723323147777;4604.07266347202;169.329258253501
36;0;24.149;5.9988;121.017135449402;-4502.78481012658;-963.924050632913;-771.962331522636;4604.80408070693;166.06269640761
37;0;24.748;6.0048;122.098872060255;-4507.3417721519;-953.98734177215;-740.499939090291;4607.19238791337;163.322091223413
38;0;25.349;6.0048;121.592436303899;-4507.3417721519;-967.6582278481;-739.083017208026;4610.04254827518;165.91165082751
39;0;25.949;6.0036;122.801254655513;-4510.82278481012;-929.050632911394;-736.852075787913;4605.50293393406;161.076356157581
40;0;26.549;6.0;123.884001106627;-4523.10126582278;-857.6582278481;-743.555878508627;4603.69663386753;160.356949789276
41;0;27.148;6.0012;125.03205368453;-4528.03797468354;-826.582278481013;-726.70027064021;4602.86499511718;156.877621421369
42;0;27.749;6.0036;124.771794249875;-4540.0;-815.25316455696;-707.779573171217;4612.61723128206;163.603652177736
43;0;28.348;6.0012;124.811943139134;-4558.54430379747;-758.354430379749;-700.14339518116;4621.19331036486;170.930721092978
44;0;28.949;6.0036;124.802788794377;-4555.37974683545;-751.392405063288;-721.537210741114;4616.93352608258;169.974548480809
45;0;29.549;6.0012;125.576882488381;-4542.46835443038;-753.797468354428;-737.626532467426;4604.58786150281;160.295216442866
46;0;30.148;6.0048;124.148290662381;-4557.02531645569;-727.151898734176;-761.825651446667;4614.67546189879;174.136724733731
47;0;30.749;6.0048;124.282030287066;-4559.87341772152;-689.999999999999;-782.330389373897;4611.78334114292;174.66890916632
48;0;31.349;6.0012;122.816835403301;-4569.17721518987;-675.06329113924;-805.874688314058;4618.77590610911;185.552536137278
49;0;31.949;6.0012;115.855078847933;-4574.81012658228;-670.696202531648;-986.42679230758;4623.71291175935;224.764683965603
50;0;32.549;6.0012;111.744692862243;-4566.70886075949;-659.240506329114;-1116.22625674792;4614.04679908259;244.14534434936
51;0;33.149;6.0036;104.797269123093;-4560.94936708861;-637.974683544306;-1301.61141427662;4605.35241061848;282.756272499113
52;0;33.749;6.0036;104.341225057474;-4563.10126582279;-626.708860759493;-1313.20443346772;4605.93716395567;286.484632232079
53;0;34.349;6.0036;105.058497386121;-4567.3417721519;-605.443037974685;-1299.26102071343;4607.2955338111;283.987710013573
54;0;34.949;6.0012;105.71186902634;-4576.39240506329;-613.797468354433;-1261.77345619521;4617.37098111894;283.667633337212
55;0;35.549;6.0036;106.494696959274;-4577.46835443038;-631.139240506331;-1234.26691306338;4620.77409929532;279.778281438676
56;0;36.149;6.0036;104.583594304227;-4578.22784810127;-656.265822784808;-1264.12325648558;4625.02487120722;291.670235466991
57;0;36.748;6.0048;102.572764861105;-4573.67088607595;-673.860759493674;-1310.6443267365;4623.045932859;302.241122829398
58;0;37.347;6.0012;99.0980313318794;-4585.25316455696;-660.822784810125;-1373.49337988253;4632.62704477749;328.947578418558
59;0;37.947;6.0036;97.3488912888024;-4577.21518987342;-690.759493670889;-1413.86439845259;4629.04391559471;337.150835430248
60;0;38.547;6.0012;96.1149843855632;-4567.78481012658;-717.088607594936;-1443.32690570185;4623.72946254055;340.7657560506
61;0;39.148;6.0012;95.0372647823166;-4559.87341772152;-730.379746835444;-1473.69331760363;4617.99741882028;344.439752547766
62;0;39.747;6.0012;93.5536772145731;-4552.21518987342;-746.329113924052;-1510.73948216194;4612.98929992309;351.070875478423
63;0;40.347;6.0036;92.6898586745214;-4546.45569620253;-772.088607594937;-1526.88542322155;4611.54857022132;354.752495872632
64;0;40.948;6.0036;93.1718611611336;-4553.79746835443;-783.987341772152;-1498.72011710417;4620.79079107139;354.763839902358
65;0;41.548;6.0036;93.4342477154347;-4578.73417721519;-784.050632911391;-1452.80153812331;4645.3785702101;364.25532202089
66;0;42.148;6.0036;95.7117504948973;-4577.27848101266;-774.240506329114;-1407.87106877548;4642.2975620249;348.085198249697
67;0;42.749;6.0048;95.5741040572077;-4579.11392405063;-791.32911392405;-1399.00957389717;4646.98677596335;350.010806070203
68;0;43.348;6.0048;95.4418045432535;-4573.73417721519;-808.670886075948;-1401.38863129023;4644.6736081035;348.482559148565
69;0;43.948;6.0012;96.2683692566288;-4574.55696202532;-818.481012658225;-1373.00574918921;4647.20158449107;342.784493165473
70;0;44.548;6.0012;97.3556318177218;-4576.96202531646;-867.974683544304;-1311.56412725404;4658.53640454411;336.644810558148
71;0;45.148;6.0012;98.1379986132624;-4566.96202531645;-931.772151898733;-1266.43986252791;4661.04510638296;327.032236863048
72;0;45.749;6.0048;97.7275545491161;-4552.27848101266;-1023.60759493671;-1235.12772034013;4665.94169242427;323.650221701965
73;0;46.348;6.0036;98.4042434364346;-4554.30379746836;-1036.32911392405;-1202.24994466761;4670.72383169903;319.972739032904
74;0;46.949;6.0012;103.944961850413;-4553.60759493671;-1059.24050632911;-1030.31374204904;4675.18262519376;284.366602420241
75;0;47.548;6.0036;108.278642973096;-4557.6582278481;-1076.83544303798;-871.433449869132;4683.14243785669;260.530135393822
76;0;48.148;6.0012;109.102491719493;-4560.25316455696;-1099.3670886076;-805.253022032977;4690.89724043975;256.511461259291
77;0;48.749;6.0012;109.597836828666;-4568.79746835443;-1134.49367088608;-707.161926047642;4707.5456658563;257.363871152481
78;0;49.348;6.0036;111.176078443853;-4560.94936708861;-1206.45569620253;-536.459419320047;4717.81670649099;245.21894868199
79;0;49.948;6.0036;110.699816357521;-4557.08860759494;-1250.12658227848;-474.950046249566;4725.4495076332;246.257899464221
80;0;50.547;6.0012;109.954644210251;-4567.15189873418;-1253.2911392405;-452.746310254406;4735.99146386582;254.582828207927
81;0;51.148;6.0036;108.838786131414;-4563.86075949367;-1286.58227848101;-449.156435210522;4741.74218946449;259.967614275637
82;0;51.748;6.0012;107.617150751572;-4554.17721518987;-1331.26582278481;-444.598511480888;4744.76541024628;262.549982392435
83;0;52.347;6.0012;107.705438344234;-4552.3417721519;-1341.83544303797;-416.522479757803;4745.98124381797;261.22385523766
84;0;52.948;6.0012;106.541356200106;-4546.51898734177;-1383.98734177215;-391.001589881892;4752.49995943659;265.557235447109
85;0;53.548;6.0036;106.773696323814;-4566.20253164557;-1354.49367088608;-356.317636235135;4762.86244442109;273.172204011184
86;0;54.147;6.0036;105.428854035791;-4558.29113924051;-1405.69620253164;-318.834991546993;4770.1152946119;277.758901652035
87;0;54.748;6.0036;106.761706381596;-4542.59493670886;-1417.27848101266;-263.776067293063;4758.5551432924;262.860348922442
88;0;55.348;6.0012;107.235256267423;-4541.70886075949;-1415.75949367089;-219.586457838635;4757.25701637199;259.322178547633
89;0;55.947;6.0012;108.700021735725;-4542.08860759494;-1391.96202531646;-177.255541418605;4750.59229982607;250.898055925305
90;0;56.548;6.0036;109.879490004909;-4548.29113924051;-1369.74683544304;-23.4378085061276;4750.06933428344;247.127157389314
91;0;57.148;6.0012;110.876546472327;-4553.60759493671;-1335.12658227848;101.468360145213;4745.3034802183;243.388200251055
92;0;57.747;6.0;112.583138053065;-4547.6582278481;-1287.15189873418;269.284555043236;4726.3046207084;230.969744233096
93;0;58.348;6.0;112.478208145095;-4548.48101265823;-1289.43037974683;261.004328689316;4727.7172321033;231.916418092408
94;0;58.949;6.0036;112.7294792852;-4548.79746835443;-1289.3670886076;241.273892549217;4728.00443076062;231.156629064773
95;0;59.549;6.0036;113.93633318308;-4548.54430379747;-1271.32911392405;205.082344872403;4722.87338381195;224.323954172982
96;0;67.749;6.0012;123.458001447613;-4586.64556962025;-942.278481012657;309.679384470543;4682.43593838684;189.665302177716
97;0;68.35;6.0036;123.78313573161;-4586.07594936709;-915.759493670886;368.487790732643;4676.61288365967;188.107685347952
98;0;68.95;6.0012;120.497151382847;-4600.75949367089;-914.683544303797;466.729616391659;4690.80311938403;210.965468651636
99;0;69.55;6.0;121.629321560221;-4613.41772151899;-845.696202531644;464.312910014944;4690.29051767605;210.21669548605
100;0;70.15;6.006;122.411001981213;-4624.93670886076;-788.48101265823;467.032329577209;4691.66728022036;211.855359940607
101;0;70.75;6.0048;123.439451666914;-4630.3164556962;-735.316455696202;467.903851799866;4688.33880707321;208.629737621351
102;0;71.35;6.0012;123.940534500589;-4631.89873417721;-710.696202531648;465.889800998666;4686.10445636516;206.206757261774
103;0;71.949;6.0048;123.18752627026;-4647.59493670886;-682.911392405061;461.863466514644;4697.50004423613;217.150900903419
104;0;72.55;6.0012;123.571860234218;-4643.92405063291;-687.468354430381;450.731950602691;4694.53334490128;213.121565193595
105;0;73.149;6.0036;123.497712279374;-4645.0;-696.39240506329;438.05591247279;4696.91253717054;214.295874151017
106;0;73.75;6.0036;122.815464487061;-4648.35443037975;-707.974683544306;436.979691580098;4701.95991720162;219.221756104231
107;0;74.35;6.0036;121.900873168888;-4647.21518987342;-731.962025316456;455.502963640098;4704.50607689007;223.506149089462
108;0;74.95;6.0012;122.089484263363;-4649.87341772152;-713.987341772152;454.64657390426;4704.37038561422;223.288631919019
109;0;75.549;6.0036;122.875205663798;-4645.88607594937;-704.873417721519;453.447589794227;4699.05351807261;217.881134110538
110;0;76.149;6.0012;121.014379998558;-4653.41772151899;-735.696202531647;457.859752421283;4711.21485323759;230.411132180864
111;0;76.749;6.006;119.532262665817;-4643.41772151899;-822.658227848101;456.430647500308;4715.72843751236;234.765679340875
112;0;77.349;6.0012;117.92819229482;-4641.89873417721;-867.088607594936;465.304305630159;4722.18874165116;242.057914147615
113;0;77.949;6.0;117.300480482151;-4633.03797468354;-895.759493670884;493.2408487448;4718.83735101787;241.545550443351
114;0;78.55;6.0012;117.5816782942;-4626.7088607595;-898.797468354432;508.107315679774;4713.20185981364;237.511028950156
115;0;79.15;6.0036;116.642764178011;-4627.9746835443;-928.987341772152;498.119742353368;4720.2931214809;243.502968546642
116;0;79.749;6.0012;116.360714066589;-4630.50632911393;-936.07594936709;482.758621707301;4724.17474771495;245.776993477411
117;0;80.349;6.0036;115.66349173236;-4627.53164556962;-964.556962025317;483.913705946614;4726.98839259626;248.693565303085
118;0;80.949;6.0036;113.782849216918;-4613.73417721519;-1048.10126582279;486.820739861602;4731.28516593777;253.264685042479
119;0;81.005;6.0036;111.967985530434;-4629.93670886076;-1052.91139240506;491.084836519138;4748.15083251499;270.478882845488
120;0;82.15;6.0036;115.199553945332;-4586.26582278481;-1129.49367088608;354.937216485589;4723.30288567394;233.620163942037
121;0;82.75;6.0048;117.056090611145;-4578.48101265823;-1134.30379746836;246.345276504925;4716.89871506936;220.327162443791
122;0;82.804;6.0012;116.40640071758;-4593.35443037975;-1130.63291139241;145.749662100029;4730.45829739708;229.703103662344
123;0;83.404;6.0012;116.385045934205;-4580.82278481012;-1167.53164556962;42.0760548149963;4727.26850615047;224.455755861802
124;0;84.005;6.0048;116.781739772342;-4576.26582278481;-1171.45569620253;-18.9036708474381;4723.824438837;220.862262780869
125;0;85.15;5.9988;116.799192649316;-4534.55696202532;-1254.49367088608;-27.3352428203393;4704.88694998567;201.966357759165
126;0;85.749;6.0036;115.503874273496;-4522.53164556962;-1306.01265822785;-31.5455108757295;4707.33061815611;204.436315860942
127;0;86.349;6.0036;115.021703274476;-4519.43037974683;-1321.13924050633;-36.3104351898738;4708.57301633778;205.713019274793
128;0;86.95;6.0036;113.655700122792;-4523.22784810127;-1340.50632911392;-41.8023261864929;4717.68453632005;214.869733121923
129;0;87.55;6.0036;111.762749639188;-4507.15189873418;-1405.3164556962;-46.2428055839762;4721.15797012911;218.384434250392
130;0;88.149;6.0;110.969125926951;-4501.07594936709;-1427.3417721519;-81.7234895896041;4721.96878817517;219.675932694433
131;0;88.749;6.0048;112.269631324114;-4487.53164556962;-1423.29113924051;-145.709967828749;4707.83367771519;207.088038641524
132;0;89.348;6.0;110.703814785507;-4470.18987341772;-1471.20253164557;-204.960538016185;4706.06357729331;207.52472827291
133;0;89.949;6.0012;111.16476007915;-4456.83544303797;-1476.07594936709;-261.281651962963;4694.91026268016;199.175079287451
134;0;90.003;6.0036;108.304401985414;-4467.91139240506;-1474.62025316456;-420.332267408833;4704.96940494049;220.707899145662
135;0;90.603;6.0012;107.948816998796;-4445.56962025317;-1517.72151898734;-410.750057874335;4697.5065574957;212.430358700983
136;0;91.748;6.0012;112.651704697557;-4427.97468354431;-1462.0253164557;-409.998817764458;4663.09744955718;178.087144524757
137;0;92.349;6.0036;113.668007954622;-4417.97468354431;-1460.94936708861;-411.382417849613;4653.26480630912;168.414009842289
138;0;92.949;6.0012;114.416685024298;-4437.0253164557;-1413.03797468355;-419.872747396095;4656.59424652466;172.485333179059
139;0;93.55;6.0036;115.614217337262;-4453.03797468354;-1363.79746835443;-423.810092313517;4657.19773454635;173.441567368341
140;0;94.15;6.0012;115.182869994193;-4462.21518987342;-1358.03797468354;-412.150979661626;4664.29325208221;179.46729528949
141;0;94.749;6.0012;115.827611311094;-4469.74683544304;-1332.46835443038;-412.17378428472;4664.13000338878;179.306687623424
142;0;95.349;6.0036;117.396991874497;-4473.98734177215;-1296.20253164557;-411.706593367179;4657.9720627524;173.131526850354
143;0;95.95;6.0012;118.918723896036;-4477.02531645569;-1256.26582278481;-422.736903899969;4649.94188153813;166.118331291394
144;0;96.549;6.0036;119.85689191308;-4476.32911392405;-1236.96202531646;-433.388121950821;4644.09274113244;161.270859682907
145;0;97.15;6.0036;119.938251991352;-4482.59493670886;-1217.78481012658;-447.46637316467;4645.06805228761;163.570835795393
146;0;97.749;6.0048;118.508128515293;-4490.12658227848;-1225.25316455696;-465.03694350006;4654.29715877067;174.471688953398
147;0;98.349;6.0048;118.735597029371;-4500.63291139241;-1191.45569620253;-484.737395705942;4655.67001398531;177.836850598162
148;0;98.95;6.0048;119.403106419762;-4506.07594936709;-1188.54430379747;-426.843539340432;4660.18862531914;176.695869458887
149;0;99.55;6.0036;120.299063485748;-4512.9746835443;-1159.6835443038;-412.771240309955;4659.592945445;174.839941048415
150;0;100.15;6.0012;120.284763538529;-4522.46835443038;-1137.15189873418;-414.914015092843;4663.24291213947;178.665098823223
151;0;100.748;6.0012;121.531897478686;-4522.72151898734;-1142.21518987342;-314.67542830006;4664.72565948832;172.32737928207
152;0;101.349;6.0;120.861915126241;-4532.6582278481;-1129.87341772152;-328.237320869175;4671.36003221254;179.877778606246
153;0;101.948;6.0036;120.145410223351;-4537.3417721519;-1132.0253164557;-344.79291439934;4676.42509556297;186.11866220414
154;0;102.549;6.0;119.617681377699;-4541.96202531645;-1124.30379746836;-366.189264999474;4679.04670509053;190.354093419691
155;0;103.148;6.0036;118.790975378389;-4554.43037974684;-1107.53164556962;-392.552683815893;4687.15931347539;200.568861988749
156;0;103.749;6.0036;118.447732482593;-4548.16455696202;-1119.87341772152;-418.889948788622;4684.00654450064;199.699873277155
157;0;104.349;6.006;117.335991021698;-4559.55696202532;-1109.49367088608;-447.27276843905;4692.60438303612;210.871956796974
158;0;104.948;6.0036;117.067305631288;-4563.86075949367;-1101.77215189873;-453.565963220197;4694.96825407219;213.826156404067
159;0;105.548;6.0012;117.259332390633;-4563.03797468354;-1088.98734177215;-474.278008097632;4691.18417768308;212.097943617836
160;0;106.149;6.0012;117.145608107336;-4565.6329113924;-1087.3417721519;-470.226685109853;4693.32675306716;213.824052945512
161;0;106.749;6.0036;117.602437748724;-4564.62025316456;-1083.41772151899;-463.499402344196;4691.43389753085;211.274462828284
162;0;107.348;6.0036;116.736706659362;-4582.0253164557;-1065.69620253165;-456.312253310054;4704.32401060251;223.402994799767
163;0;107.948;6.0036;115.791469898051;-4589.3670886076;-1072.91139240506;-451.606579995803;4713.11246735606;231.699318123869
164;0;108.549;6.0036;117.587169048575;-4588.54430379747;-1030.88607594936;-452.02080403332;4702.92089339152;221.593922950142
165;0;109.148;6.0012;117.234733849181;-4596.45569620253;-1017.46835443038;-453.656317745728;4707.72204143575;226.529667319
166;0;109.748;6.0036;115.612047152835;-4617.59493670886;-1000.50632911392;-466.800848425548;4724.74294688254;244.746723047382
167;0;110.348;6.0;115.20505617619;-4617.72151898734;-997.151898734177;-490.289098632687;4724.15748425769;246.531275431922
168;0;110.948;6.0012;114.920066704513;-4623.48101265823;-989.240506329114;-492.808629842345;4728.12578658536;250.738928403674
169;0;111.55;6.0012;115.734928216744;-4622.91139240506;-976.962025316458;-476.584496357199;4725.01476621385;245.989084332263
170;0;112.149;6.0012;117.207217341795;-4616.20253164557;-966.26582278481;-454.366643860369;4716.24802713481;235.084475872702
171;0;112.75;6.0012;118.297105988021;-4606.01265822785;-976.07594936709;-429.782979494447;4708.2987231789;224.873758482891
172;0;113.35;6.0012;119.385030028882;-4597.53164556962;-981.58227848101;-403.907147870708;4701.14890228357;215.468182105618
173;0;113.949;6.0012;122.898890536636;-4612.15189873418;-936.07594936709;-29.4171377150338;4706.18564444506;203.277582970657
174;0;114.549;6.0012;121.839523754405;-4613.03797468355;-934.050632911395;227.230248597589;4706.65166978763;209.133649058818
175;0;115.148;6.0036;119.16680500261;-4610.44303797469;-916.012658227849;484.340349007388;4700.55998753796;222.447044473093
176;0;115.749;6.0048;108.68318042656;-4591.20253164557;-988.291139240503;868.338906098714;4696.36668739676;272.968228363196
177;0;116.349;6.0012;107.282925935659;-4593.92405063291;-1024.17721518987;861.588919813045;4706.70555177372;281.915110829261
178;0;116.949;6.0012;107.497941389168;-4586.7088607595;-1044.93670886076;850.470176337387;4704.23116979751;277.490604502195
179;0;117.548;6.0012;107.960021385606;-4587.78481012658;-1034.3670886076;844.823647780178;4702.94426269574;275.222654279662
180;0;118.149;6.0;107.896144954081;-4584.24050632911;-1053.29113924051;833.021956314174;4703.68825963957;273.88275170876
181;0;118.748;6.0036;107.072029870063;-4582.46835443038;-1089.62025316456;822.569223930144;4710.23232075258;278.51739969848
182;0;119.348;6.0036;104.738345036639;-4584.43037974683;-1146.96202531646;820.624001224446;4725.72997475139;293.451557729875
183;0;119.949;6.0048;103.450237725973;-4585.06329113924;-1161.83544303798;844.765824245907;4729.97536784832;301.820108835057
184;0;120.549;6.0048;101.843128264642;-4591.77215189873;-1169.62025316456;871.17686342762;4738.39456267262;314.814043623624
185;0;121.149;6.0036;102.406076945221;-4585.37974683544;-1195.88607594937;832.224368638935;4738.76048448729;308.283438864804
186;0;121.748;6.0036;100.776160551352;-4589.30379746835;-1243.22784810127;810.545362034918;4754.71606173828;320.308886197136
187;0;122.349;6.0048;101.151906400917;-4576.45569620253;-1281.01265822785;776.627813713206;4752.3615361044;312.401429878668
188;0;122.948;6.0012;99.5974766708511;-4571.32911392405;-1321.07594936709;783.854791867798;4758.39169592056;319.522147853745
189;0;123.549;6.0048;99.2324875143705;-4563.16455696202;-1335.0;802.856873554724;4754.43958568351;318.750193998905
190;0;124.149;6.0048;97.8989305040781;-4568.67088607595;-1345.06329113924;821.463331124339;4762.55697314461;329.88225873859
191;0;124.748;6.0036;97.7485406457636;-4558.54430379747;-1353.86075949367;841.107690893441;4755.34069502713;326.153887945714
192;0;125.348;6.0012;98.153187451655;-4542.46835443038;-1372.08860759493;839.978499311052;4745.17079756812;315.942807027088
193;0;125.949;6.0;98.2415956491949;-4534.55696202531;-1389.74683544304;828.917503505208;4742.74215074741;311.634704325292
194;0;126.548;6.0012;98.7856474669591;-4518.10126582279;-1414.93670886076;813.578505796767;4734.47831744018;300.872908748282
195;0;126.602;6.0048;97.8039321458884;-4525.82278481013;-1429.3670886076;806.624465731265;4746.17342218982;311.229448439003
196;0;134.652;6.0012;106.19609923205;-4481.39240506329;-1323.98734177215;804.944437024241;4672.88137762257;238.703904297284
197;0;135.253;6.0036;106.778521836757;-4485.44303797468;-1305.69620253165;804.687615554101;4671.62089859838;237.418122786983
198;0;135.853;6.0036;106.796364008621;-4505.18987341772;-1265.50632911392;809.772398841302;4679.55575504481;246.102378607792
199;0;136.452;6.0;107.912165749225;-4501.89873417722;-1246.32911392405;807.930878643888;4671.23414880919;237.588653075417
200;0;137.052;6.0048;108.499894666498;-4512.84810126582;-1210.06329113924;814.318153881635;4672.26402867617;239.69598534446
201;0;137.653;6.0036;108.745068928196;-4527.9746835443;-1180.18987341772;803.710285367231;4679.25238388953;244.773488166947
202;0;138.253;6.0012;108.101597428485;-4543.86075949367;-1171.13924050633;788.643622789379;4692.35950480354;255.171548618912
203;0;138.853;6.0036;116.66118112939;-4546.58227848101;-1195.56962025316;313.356154270798;4701.14849072755;208.580330556753
204;0;139.453;6.0036;118.75395660326;-4551.07594936709;-1183.03797468354;-0.148707584105888;4702.32614207595;199.326144427333
205;0;140.052;6.0036;113.828107179826;-4577.53164556962;-1135.88607594937;-477.39652141942;4716.35803811871;237.4578452287
206;0;140.653;6.0012;114.520481340849;-4590.3164556962;-1093.73417721519;-465.944259246538;4718.81972677956;238.767989533937
207;0;141.253;6.0048;116.026428556449;-4610.82278481013;-1012.3417721519;-457.370361896987;4720.64853770834;239.753447577644
208;0;141.853;6.0;113.602256574516;-4641.26582278481;-993.734177215191;-458.153651675428;4746.45721066944;265.517675468912
209;0;142.453;6.0048;113.347052276848;-4657.40506329114;-958.227848101269;-463.764368749307;4754.95767935391;274.520269153043
210;0;143.053;6.0012;111.956129017073;-4675.50632911392;-940.063291139241;-474.616071819088;4769.07521695054;289.633810397042
211;0;143.653;6.0048;113.212265120288;-4659.17721518987;-954.050632911393;-470.1673550459;4755.85375434349;276.037797972927
212;0;144.251;6.0048;114.948447668297;-4654.49367088608;-925.126582278482;-454.738484590606;4745.54217403626;264.279896851513
213;0;144.851;6.0036;113.159179009126;-4682.9746835443;-910.886075949367;-420.697374195977;4770.74054315211;286.253763451117
214;0;145.452;6.006;111.920627065708;-4693.41772151899;-929.999999999997;-397.223368460213;4784.670303027;298.130732766955
215;0;146.052;6.0012;113.106273256817;-4687.0253164557;-915.759493670886;-382.205689774549;4775.64883207978;287.918800881624
216;0;146.652;6.0048;111.179835033971;-4709.74683544304;-923.607594936706;-349.500209062751;4799.45478605544;309.163405322534
217;0;147.252;6.0012;112.575415850726;-4710.3164556962;-889.746835443038;-312.489856911559;4793.61351633435;300.788135904407
218;0;147.852;6.0048;115.66982544577;-4693.86075949367;-869.050632911392;-243.943459557651;4773.63360890613;276.862575800601
219;0;148.452;6.0012;114.422738160344;-4689.6835443038;-889.493670886074;-328.348991575307;4773.29348943266;281.573522951524
220;0;149.053;6.0036;115.680528438099;-4679.74683544304;-883.481012658224;-328.007163619319;4762.41211399924;270.694360026867
221;0;149.652;6.0036;114.477152080186;-4668.22784810126;-930.06329113924;-385.479634297298;4759.97573179874;272.558974169505
222;0;150.252;6.0036;114.465599284574;-4671.39240506329;-938.227848101267;-342.327641952079;4764.68031425359;273.962079761593
223;0;150.853;6.0;114.68526292996;-4662.08860759494;-959.81012658228;-329.756667359278;4759.8640384108;268.272903934996
224;0;151.452;6.0048;116.338860320714;-4648.2911392405;-959.240506329114;-319.109774719983;4746.23565197982;253.951115204587
225;0;152.052;6.0048;117.938352890017;-4633.60759493671;-955.443037974684;-321.771524786107;4731.08769128934;239.017256066518
226;0;152.652;6.0048;120.119343141559;-4622.72151898734;-927.088607594938;-322.025470448152;4714.76908537851;222.753689313303
227;0;153.252;6.0036;118.948129749023;-4622.9746835443;-954.113924050632;-329.890259351454;4720.40552333789;228.918837847266
228;0;153.852;6.0036;117.75301904477;-4632.0253164557;-958.354430379747;-337.868257249275;4730.12703280948;239.178476794355
229;0;154.452;6.0012;116.202090847337;-4627.72151898734;-1006.13924050633;-346.1166078653;4735.83388946289;245.464945098082
230;0;155.053;6.0;118.289282310965;-4596.39240506329;-1028.35443037975;-358.569343975205;4710.02505044349;220.654088758401
231;0;155.653;6.0036;119.671587362315;-4589.05063291139;-1013.98734177215;-362.376633006817;4699.73999713799;210.689941526485
232;0;156.252;6.0036;120.550907657027;-4572.15189873418;-1039.11392405063;-351.193810571375;4688.7451127412;198.879180161703
233;0;156.851;6.0012;121.907259273084;-4555.50632911392;-1048.03797468355;-347.586365790338;4674.50762230374;184.412697070648
234;0;157.452;6.0036;121.864099071517;-4523.10126582279;-1126.20253164557;-347.334048907602;4661.19911644767;171.122179051713
235;0;158.051;6.0012;120.953029793125;-4510.88607594937;-1172.27848101266;-341.551678439349;4660.72204998745;170.22025762578
236;0;158.652;6.0;120.726467485586;-4496.45569620253;-1199.62025316456;-364.672824434119;4653.72996420235;164.996234852335
237;0;159.252;6.006;120.938814314586;-4497.15189873418;-1186.64556962025;-397.640417061632;4651.07545715911;165.042502962963
238;0;159.852;6.0036;121.319695837071;-4496.70886075949;-1170.12658227848;-421.72671289541;4646.45959812282;162.558939436649
239;0;160.452;6.0;122.71862399998;-4488.03797468354;-1157.91139240506;-422.209504888367;4635.00201239039;151.192144817518
240;0;161.051;6.0012;122.113456563886;-4491.83544303797;-1159.43037974684;-431.320035883518;4639.05857397943;156.066583143732
241;0;161.652;6.0;123.544134236397;-4493.22784810127;-1119.24050632911;-449.195613425326;4630.52867456412;149.265308973804
242;0;162.252;6.0036;122.865250142912;-4493.16455696203;-1128.79746835443;-465.973211009358;4632.7865761875;153.161777030679
243;0;162.851;6.0036;121.394648111426;-4516.45569620253;-1103.73417721519;-476.103155054293;4649.36567605875;170.679000954799
244;0;163.451;6.0012;119.482384212881;-4519.81012658228;-1137.21518987342;-473.839710808457;4660.68041904125;181.705544639235
245;0;164.052;6.0;118.900837877605;-4527.3417721519;-1132.15189873418;-474.715152962884;4666.75384434179;187.836377463137
246;0;164.653;6.0048;118.674338493171;-4532.59493670886;-1131.07594936709;-467.981342055594;4671.58962918571;191.971373717589
247;0;165.253;6.0036;118.108001033922;-4554.49367088608;-1093.73417721519;-467.22887874552;4683.97983007505;204.225283931471
248;0;165.853;6.0012;119.196340491365;-4553.29113924051;-1067.15189873418;-473.652255188781;4676.6733233847;197.597816502011
249;0;166.453;6.0;120.776987671851;-4532.59493670886;-1068.92405063291;-496.181597959301;4656.93198214235;180.290687588559
250;0;167.053;6.0036;119.891634324733;-4540.06329113924;-1078.10126582278;-486.568456211896;4666.31300138758;188.612291046564
251;0;167.652;6.0048;122.861346502442;-4533.86075949367;-1037.40506329114;-460.787521840169;4651.03242859245;170.802284233065
252;0;168.253;6.006;122.300472211657;-4544.49367088608;-1034.43037974684;-439.08773424678;4660.73695194942;178.374474834582
253;0;168.852;6.0012;120.930784845857;-4548.54430379747;-1053.79746835443;-437.694521652628;4669.01963884482;186.490471490835
254;0;169.451;6.0036;122.50704307966;-4559.24050632911;-1018.03797468354;-371.415015106921;4671.51745286796;183.259107848903
255;0;170.052;6.0048;122.20310312073;-4570.88607594937;-1003.29113924051;-352.246249377213;4679.70005763044;189.938317257815
256;0;170.652;6.0012;122.554485157781;-4565.0;-1015.06329113924;-330.045385530661;4676.49211322102;185.124192204012
257;0;171.251;6.0;121.604603918306;-4562.46835443038;-1041.01265822785;-335.966666700918;4679.72486795637;188.769222894855
258;0;171.852;6.0012;120.951960388704;-4570.06329113924;-1039.62025316456;-331.895045384634;4686.82075140584;195.557552798437
259;0;172.451;6.0012;121.2986480799;-4579.62025316456;-1012.84810126582;-314.458539357744;4690.28601893667;197.815579493391
260;0;173.052;6.0012;121.101427225186;-4582.08860759494;-1012.91139240506;-309.265675321604;4692.70982447405;199.889617527442
261;0;173.651;6.0;121.213839005099;-4574.74683544304;-1026.32911392405;-314.796063596647;4688.46030787125;196.016558828045
262;0;174.251;6.0012;121.396361217904;-4575.94936708861;-1013.35443037975;-334.733327074474;4686.81126265278;195.749430644632
263;0;174.851;6.0036;122.739690127616;-4547.59493670886;-1037.53164556962;-382.568604468503;4664.44976647176;177.112216716974
264;0;175.452;6.0036;121.632134858059;-4554.81012658228;-1055.82278481013;-352.815282684732;4675.58093097967;185.873603098786
265;0;176.051;6.0012;120.210289948078;-4557.27848101266;-1081.07594936709;-352.248999291253;4683.74981844686;193.976870211592
266;0;176.652;6.0012;119.474141235529;-4569.30379746835;-1087.27848101266;-292.464263917331;4696.8831887574;202.979922874791
267;0;177.251;6.0012;118.690300951667;-4567.0253164557;-1116.58227848101;-267.727521245858;4701.53977179446;206.156426728416
268;0;177.852;6.006;117.896930718747;-4569.24050632911;-1131.01265822785;-272.468897154688;4707.13803045443;212.017257409251
269;0;178.451;6.0048;117.576962498058;-4555.94936708861;-1165.6329113924;-277.154973356015;4702.69866349059;207.858690180823
270;0;179.051;6.006;118.02348131756;-4567.91139240506;-1130.0;-277.346619208794;4705.60458271453;210.770851033227
271;0;179.651;6.0036;117.940206411413;-4573.03797468355;-1127.46835443038;-239.705892459577;4709.9746504774;213.070411160076
272;0;180.251;6.0012;117.494604386827;-4577.72151898734;-1115.69620253164;-281.544906834025;4711.72073893852;217.124983123594
273;0;180.852;6.0036;116.595821512227;-4577.78481012658;-1137.53164556962;-280.793727351638;4717.0003193235;222.350476929519
274;0;181.453;6.0012;113.353122277389;-4600.94936708861;-1150.50632911392;-311.722937373469;4742.61530084871;249.848733289226
275;0;182.051;6.0012;111.46710665954;-4604.55696202532;-1185.50632911392;-314.24401022154;4754.72081965966;262.093847015513
276;0;182.652;6.0012;108.997095244202;-4610.3164556962;-1232.78481012658;-302.936553374161;4772.29255282427;278.897820438264
277;0;183.252;6.0048;108.837907805349;-4582.0253164557;-1297.3417721519;-291.615478603461;4762.14780056343;268.068146838011
278;0;183.852;6.0048;108.865236005836;-4586.64556962025;-1292.15189873418;-271.627118641432;4765.18353379169;269.918960374341
279;0;184.451;6.0012;107.563789574926;-4589.93670886076;-1310.25316455696;-280.230195019446;4773.28842063614;278.507221450128
280;0;185.052;6.0012;106.844052577274;-4605.44303797468;-1293.35443037975;-292.754795221673;4783.60442120922;289.554290640607
281;0;185.652;6.0036;105.748614204387;-4606.51898734177;-1315.50632911392;-298.624870564182;4790.67574384648;296.974051596377
282;0;186.252;6.0012;105.429219601006;-4599.6835443038;-1332.59493670886;-305.742670514915;4788.83054336664;295.580681165508
283;0;186.852;6.0036;104.123945173647;-4591.20253164557;-1371.77215189873;-331.273944875561;4791.75328280929;300.190809229525
284;0;187.452;6.0036;103.395214742636;-4581.32911392405;-1399.6835443038;-352.708268088665;4790.37477388596;300.341919607749
285;0;188.051;6.006;103.565835776477;-4574.55696202531;-1405.56962025316;-366.620855736614;4785.62402996651;296.64667533496
286;0;188.762;6.0036;105.56253237748;-4538.60759493671;-1423.35443037975;-374.21772926684;4756.56354265333;268.261431130815
287;0;189.252;6.0036;105.057968266177;-4547.02531645569;-1418.16455696202;-378.020503551731;4763.04838723189;275.02568434053
288;0;189.852;6.0048;105.023111270625;-4542.34177215189;-1430.50632911393;-366.290890492055;4762.27016586323;273.336059065408
289;0;190.452;6.0036;106.500789681054;-4544.93670886076;-1400.06329113924;-348.47713843592;4755.69415614016;265.444528644346
290;0;191.051;6.0036;107.305077055498;-4548.60759493671;-1382.27848101266;-327.797761932971;4754.00093098293;262.288682180213
291;0;191.652;6.0048;107.13936549253;-4550.12658227848;-1383.41772151899;-328.375162436232;4755.78558252683;264.108846489144
292;0;192.252;6.0048;106.441859530621;-4530.94936708861;-1431.58227848101;-324.402459334498;4751.72915759953;259.789827695929
293;0;192.851;6.0036;106.740643219129;-4534.36708860759;-1413.16455696202;-350.006158541943;4749.47565098521;259.354803069449
294;0;193.451;6.0036;105.636106238716;-4533.16455696202;-1428.98734177215;-382.300359704823;4753.06066902598;265.410562071199
295;0;201.952;6.0048;109.790711995519;-4538.86075949367;-1326.58227848101;-412.187541248012;4728.75010289731;243.680535364837
296;0;202.551;6.0012;107.857386705829;-4525.06329113924;-1379.30379746835;-443.180536030915;4730.6106111713;248.324630252406
297;0;203.151;6.0;107.098403917631;-4517.91139240507;-1412.84810126582;-422.053284123583;4733.67332067538;249.451165610586
298;0;203.751;6.0012;107.340742298298;-4526.07594936709;-1401.39240506329;-398.629238849141;4738.06544619302;251.80487953751
299;0;204.407;6.0012;106.494876966757;-4551.51898734177;-1379.93670886076;-377.147197677502;4756.10664436723;268.036619154177
300;0;205.006;6.0012;104.9542497982;-4575.75949367089;-1376.20253164557;-349.255009846166;4778.23276452989;287.979796860927
301;0;205.607;6.0036;104.952942312449;-4580.0;-1376.77215189873;-320.683755700768;4782.45769016767;290.197224130698
302;0;206.206;6.0012;107.56911452906;-4572.59493670886;-1337.08860759494;-306.148170500052;4764.07707743858;270.903759197101
303;0;206.806;6.0012;108.305149048986;-4583.48101265823;-1298.41772151899;-316.020037359806;4763.84159822228;271.312038081082
304;0;207.406;6.0;108.719880461069;-4597.40506329114;-1256.51898734177;-334.640554770997;4766.02279490199;274.756542816183
305;0;208.006;6.0036;107.143279989258;-4604.87341772152;-1275.6329113924;-346.787408374837;4778.29451979111;287.862137911407
306;0;208.607;6.0;105.970039729162;-4610.50632911392;-1297.53164556962;-313.374662269898;4789.60927237851;296.850066513217
307;0;209.206;6.0;105.409779384946;-4603.41772151899;-1331.51898734177;-277.686183614527;4792.11827195936;297.156992121937
308;0;209.806;6.0;105.397265827891;-4602.40506329114;-1353.86075949367;-151.392230012448;4797.40256000106;296.790717313917
309;0;210.352;6.0048;105.800206659726;-4589.62025316456;-1377.72151898734;-69.6367149444205;4791.94434985832;289.450304823967
310;0;210.952;6.0036;106.29392357846;-4575.6329113924;-1393.54430379747;20.0747260469652;4783.13519215835;280.177318591644
311;0;211.551;6.0048;105.410823430576;-4580.50632911392;-1395.0;157.525808228858;4788.22130138663;287.811790428724
312;0;212.152;6.0012;106.411864517808;-4579.87341772152;-1379.81012658228;85.8759757876875;4783.21194468437;280.982774946906
313;0;212.752;6.0036;107.083913241483;-4573.86075949367;-1380.56962025317;8.05360587734372;4777.67461466371;274.681402539271
314;0;213.35;6.0036;107.343741280086;-4582.78481012658;-1356.70886075949;-78.7154849355901;4779.39070894923;277.038878122112
315;0;213.95;6.0012;105.455474480066;-4602.21518987342;-1356.51898734177;-122.210883322039;4797.9712813772;296.527468087113
316;0;214.55;6.0012;103.255405299767;-4590.12658227848;-1419.93670886076;-169.852993407915;4804.73540358986;304.736716780515
317;0;215.151;6.0012;103.001197009406;-4582.6582278481;-1433.60759493671;-204.66389969323;4801.66504137097;303.02481073098
318;0;215.75;6.0012;102.76529469082;-4593.22784810126;-1415.25316455696;-236.904628374602;4806.31704992102;309.152053635335
319;0;216.351;6.0048;102.661941968586;-4602.97468354431;-1391.89873417722;-290.847382151091;4808.82085583919;314.608350961926
320;0;216.952;6.006;103.063024268997;-4590.88607594937;-1392.02531645569;-348.923232279616;4797.28771745028;306.960173018464
321;0;217.552;6.0048;101.722901362002;-4597.59493670886;-1390.25316455696;-415.608057155354;4803.19508906432;318.142304556468
322;0;218.151;6.0036;101.562754451711;-4600.88607594937;-1365.94936708861;-481.175805016514;4799.37187112174;320.432440974771
323;0;218.751;6.0012;101.193239411456;-4595.25316455696;-1365.18987341772;-529.770651996929;4793.75583826013;319.940180073802
324;0;219.351;6.0048;102.640943353621;-4594.49367088607;-1337.3417721519;-526.128047421297;4785.1703321151;311.007252761249
325;0;219.951;6.0012;102.472734264949;-4595.94936708861;-1347.91139240506;-496.325756380808;4789.53188804684;312.179639750165
326;0;220.551;6.0;103.988644201989;-4585.18987341772;-1345.37974683544;-462.871031877529;4778.4948298065;297.860592710311
327;0;221.151;6.0036;103.986516416551;-4591.32911392405;-1344.93670886076;-436.056394695647;4784.26146685231;301.092314117494
328;0;221.751;6.0048;104.276091773801;-4578.10126582278;-1362.21518987342;-439.760763842561;4776.46746284847;293.668734972788
329;0;222.351;6.0048;103.766341245941;-4584.49367088608;-1361.70886075949;-439.650099841382;4782.45054756088;299.616521247136
330;0;222.951;6.0012;104.247738749894;-4582.6582278481;-1356.07594936709;-429.25511674751;4779.08970555227;295.328705806807
331;0;223.551;6.0048;105.021989253345;-4573.86075949367;-1358.86075949367;-424.029215803628;4771.44682574665;287.251098510679
332;0;224.151;6.0012;103.392039384412;-4574.17721518987;-1367.15189873418;-496.447328022357;4774.11787769999;296.860566690993
333;0;224.751;6.0012;103.58351714823;-4550.88607594937;-1376.39240506329;-568.809978777338;4754.47369631863;285.378109646565
334;0;225.352;6.0012;104.938669042023;-4530.25316455696;-1344.6835443038;-656.371855104016;4725.60764021938;267.973860908532
335;0;225.951;6.0036;103.489952297839;-4524.55696202532;-1353.67088607595;-722.038375676907;4722.7153810516;274.591441968594
336;0;226.551;6.0012;102.857493371911;-4510.75949367088;-1370.37974683545;-758.557868708648;4714.32835728259;271.966167467431
337;0;227.15;6.0048;101.222781963822;-4518.48101265823;-1385.88607594937;-773.312799139096;4726.24067068778;286.08796772158
338;0;227.751;6.0036;102.903478909474;-4495.69620253165;-1384.81012658228;-779.380402323365;4704.14534555878;265.271934744078
339;0;228.35;6.0036;102.374819040612;-4491.51898734177;-1383.16455696202;-814.008338669611;4699.66881868155;266.643234112094
340;0;228.46;6.0036;103.344816029178;-4454.11392405063;-1399.74683544304;-856.772790060136;4668.87802922228;243.839123621313
341;0;229.061;6.0036;105.117457624043;-4438.92405063291;-1366.39240506329;-891.964272302982;4644.46713110362;226.341941006901
342;0;229.661;6.0012;105.280521761165;-4439.6835443038;-1356.83544303797;-897.663128676263;4642.39080572133;225.381486897058
343;0;230.26;6.0036;104.728067979255;-4444.6835443038;-1358.10126582279;-901.984324196924;4647.5424535161;231.26093264106
344;0;230.861;6.0036;106.178312860943;-4435.3164556962;-1346.13924050633;-898.895284213657;4635.09686166324;218.45482335498
345;0;231.951;6.0036;105.718551986112;-4429.17721518988;-1369.3670886076;-893.686872766894;4636.03030910269;218.382557416277
346;0;232.55;6.0048;105.58558332996;-4429.24050632911;-1372.40506329114;-893.890536284406;4636.98901450647;219.362482011788
347;0;233.15;6.0036;105.451009984284;-4420.75949367089;-1389.62025316456;-892.291161172717;4634.02189775646;216.146370392993
348;0;233.752;6.0048;105.572450004436;-4421.58227848101;-1395.69620253165;-877.68860724365;4636.63215439165;215.971818778312
349;0;234.352;6.0036;105.859028923183;-4434.87341772152;-1382.40506329114;-853.706520497791;4645.33593943709;220.130404018753
350;0;234.951;6.0012;105.871070137777;-4450.75949367089;-1355.56962025316;-851.4579664929;4652.61529312868;226.884748549277
351;0;235.552;6.0036;106.6425595217;-4456.07594936709;-1320.3164556962;-868.826047006592;4647.56370690171;225.076470370068
352;0;236.152;6.0036;106.247099848531;-4448.2911392405;-1330.94936708861;-885.913173974228;4643.13690054462;223.897759526879
353;0;236.752;6.0036;106.13180676542;-4454.30379746835;-1313.98734177215;-898.979401467208;4644.06988044737;227.280014834299
354;0;237.352;6.0012;106.566977595339;-4475.12658227848;-1261.07594936709;-905.212813349608;4649.41614372037;233.716237536284
355;0;237.461;6.0036;108.031728472284;-4468.41772151899;-1255.06329113924;-887.978523906899;4641.32963694136;222.51020077939
356;0;238.062;6.0036;106.989906362995;-4479.30379746836;-1275.37974683544;-862.025568432353;4657.33357283462;233.437911477737
357;0;239.15;6.0048;106.016057787409;-4495.12658227848;-1282.53164556962;-840.15181228513;4674.51071371049;246.411066677651
358;0;239.75;6.0036;106.095067571851;-4496.64556962025;-1288.10126582278;-823.554737748958;4677.50213787227;246.4493002735
359;0;240.351;6.0036;107.065552009954;-4496.01265822785;-1284.05063291139;-798.308292460953;4675.7797051214;240.438834921042
360;0;240.95;6.0036;105.800605835325;-4505.44303797468;-1306.83544303798;-777.379042617399;4691.1444066043;252.118717709953
361;0;241.55;6.006;105.854265638458;-4519.11392405063;-1302.6582278481;-741.539947230863;4703.11695762806;258.217345434653
362;0;242.15;6.0036;107.156923419981;-4527.84810126582;-1276.96202531645;-705.074759834863;4704.47026159554;254.01280839068
363;0;242.751;6.0036;107.919354568826;-4537.59493670886;-1260.94936708861;-669.057318400865;4709.5393740797;253.826548373696
364;0;243.351;6.0048;108.134980493213;-4553.67088607595;-1272.40506329114;-573.844369989896;4728.1003779303;259.796504654987
365;0;243.95;6.0036;110.832683736947;-4564.55696202531;-1221.20253164557;-502.599843414488;4725.09427237926;248.749413160544
366;0;244.55;6.0036;111.727364867076;-4554.62025316455;-1258.98734177215;-400.140485806842;4725.42217979296;239.333516915591
367;0;245.15;6.0036;113.644145601244;-4537.53164556962;-1255.37974683544;-390.552373715446;4707.99020212557;221.161608150713
368;0;245.75;6.0012;116.162800693311;-4532.08860759493;-1215.88607594937;-379.409042069586;4692.35613490487;204.67005194539
369;0;246.35;6.0036;116.310449537506;-4524.62025316455;-1229.62025316456;-378.467924037882;4688.72630917388;200.976229942589
370;0;246.951;6.0036;116.055764073243;-4531.77215189873;-1220.37974683544;-378.456494430576;4693.21697380496;205.451431350618
371;0;247.551;6.0012;116.053606335744;-4534.74683544304;-1207.27848101266;-396.36812074622;4692.70180091138;206.411627732361
372;0;247.661;6.0036;114.659783868627;-4518.54430379747;-1260.6329113924;-424.892871164943;4691.10199874893;207.304864298382
373;0;248.26;6.0048;114.610793557382;-4517.78481012658;-1253.22784810127;-454.992258001222;4688.38561019323;207.411615210292
374;0;248.86;6.0036;112.997629539422;-4508.35443037975;-1288.16455696202;-496.74150325152;4688.77676966369;212.016406842128
375;0;249.461;6.0012;110.990898651957;-4504.62025316456;-1318.35443037975;-537.760199558529;4693.57667768645;221.282809226333
376;0;250.06;6.0036;110.003975722159;-4492.59493670886;-1345.18987341772;-576.137022062389;4689.66364048507;221.921050036561
377;0;250.66;6.0036;110.235550116544;-4482.02531645569;-1344.05063291139;-610.933884977781;4679.2117969995;215.926069880024
378;0;251.261;6.0048;111.057582484616;-4487.40506329114;-1315.6329113924;-617.039156828684;4676.29064105192;213.824300379402
379;0;251.861;6.0036;111.445028528978;-4482.21518987342;-1311.07594936709;-628.892493114867;4670.02924544813;209.184092460422
380;0;252.46;6.0012;109.840472865156;-4483.79746835443;-1331.96202531645;-644.311717176464;4677.45257315418;218.620501797829
381;0;253.061;6.006;109.434957898821;-4477.84810126582;-1343.54430379747;-663.922379857744;4675.06523101834;218.972875901821
382;0;253.661;6.0036;109.647154218208;-4464.24050632912;-1350.56962025316;-686.909420313097;4664.06277804024;211.374417588752
383;0;254.261;6.0012;110.478244273318;-4462.59493670886;-1322.78481012658;-711.58118885273;4654.51535855681;205.594377451753
384;0;254.86;6.0012;108.071712088952;-4484.87341772152;-1318.35443037975;-736.371745520679;4674.62811110007;229.271264909502
385;0;255.461;6.0036;106.368722542113;-4489.87341772152;-1334.05063291139;-758.000576933375;4683.8717316269;241.809719363352
386;0;256.061;6.0012;104.387019469255;-4481.7088607595;-1378.29113924051;-775.997016013875;4688.85921916185;249.638440485612
387;0;256.661;6.0012;104.191440736761;-4485.6329113924;-1378.54430379747;-770.868354029412;4692.68441441561;252.578306845883
388;0;257.26;6.0012;102.96205510704;-4490.82278481013;-1382.21518987342;-794.270071677381;4698.72409444166;262.382782363759
389;0;257.861;6.0048;102.458517515518;-4500.18987341772;-1358.41772151898;-828.48917770279;4700.74543056186;270.196195477288
390;0;258.46;6.0048;102.594577294011;-4489.62025316456;-1352.59493670886;-862.482245336781;4688.94477259392;264.607230462364
391;0;259.06;6.0012;103.56453388201;-4475.6329113924;-1346.70886075949;-874.0490612635;4673.85437440952;251.879228191036
392;0;259.661;6.0036;103.443204633887;-4478.92405063292;-1337.84810126582;-884.65324490772;4674.46234270836;254.437288827282
393;0;260.26;6.0036;103.51806568992;-4487.9746835443;-1313.86075949367;-894.125001305809;4676.33904411045;258.050973622523
