idxAnalysis;T;Tabs;B;F;dx;dy;dz;D2;D3
0;0.6709999999984575;23171.622;5.755749999999999;142.33273247123714;4.662911392405065;0.05886075949367132;0.24674999999999997;4.663282882522688;4.669806506155166
0;1.2710000000006403;23172.222;5.754599999999999;141.78808755197684;4.665696202531646;0.0282911392405065;0.26775;4.665781975497542;4.673458195531201
0;1.870999999999185;23172.822;5.75345;143.64487185283147;4.65253164556962;0.024936708860759837;0.23800000000000002;4.652598473162665;4.658681847097477
0;2.469999999997526;23173.421;5.75115;145.2688896775815;4.637848101265824;-0.00018987341772062674;0.24500000000000002;4.637848105152531;4.644314809147516
0;3.0709999999999127;23174.022;5.75115;143.91972440691023;4.635886075949368;0.0312025316455729;0.35874999999999996;4.635991081436884;4.649851058868696
0;3.6709999999984575;23174.622;5.75115;143.83247853576015;4.6348734177215185;0.08740506329113745;0.36224999999999996;4.635697492653126;4.649829707192564
0;4.270000000000437;23175.221;5.75345;141.36085026384092;4.643797468354431;0.13816455696202484;0.43225;4.645852383782285;4.665917319712763
0;4.870999999999185;23175.822;5.75345;140.59400794187047;4.639936708860762;0.12556962025316332;0.49524999999999997;4.641635529828269;4.667981678869804
0;5.47099999999773;23176.422;5.75345;139.4250158725521;4.638481012658229;0.13537974683544365;0.55125;4.640456203935572;4.673083601129359
0;6.072000000000116;23177.023;5.75115;137.9763861377258;4.6363291139240514;0.2025316455696231;0.59675;4.640750663424714;4.678961132834608
0;6.671999999998661;23177.623;5.75345;135.82514108926512;4.641075949367085;0.2500000000000029;0.644;4.647804424434573;4.692208644955336
0;7.27100000000064;23178.222;5.754599999999999;134.71466686076144;4.636582278481011;0.28272151898734077;0.6895;4.645193933779588;4.696087406812471
0;7.871999999999389;23178.823;5.754599999999999;134.48295607993472;4.638037974683541;0.25791139240506256;0.7017500000000001;4.645203390696571;4.697910982919846
0;8.47099999999773;23179.422;5.75115;134.3792601823055;4.6391139240506325;0.28329113924050625;0.6877500000000001;4.647755573380838;4.698364814740618
0;9.069999999999709;23180.021;5.754599999999999;132.71107337482954;4.648164556962024;0.3129113924050607;0.7035;4.658685145842638;4.7115028959022025
0;9.669999999998254;23180.621;5.75345;131.14052880991156;4.663860759493672;0.29208860759493366;0.70875;4.672998281471077;4.726440468379099
0;10.27100000000064;23181.222;5.754599999999999;130.7159828903863;4.665949367088606;0.3239240506329111;0.7035;4.677179736423756;4.729790961217313
0;10.870999999999185;23181.822;5.755749999999999;131.83686410686295;4.65348101265823;0.3467088607594942;0.7000000000000001;4.666378956889358;4.718590103971716
0;11.469999999997526;23182.421;5.75345;131.18413599457784;4.663291139240506;0.28481012658227844;0.7122499999999999;4.671980421354827;4.725960338388678
0;12.069999999999709;23183.021;5.75345;131.7926335769677;4.659999999999999;0.27443037974683443;0.7070000000000001;4.6680736962186;4.721309249914475
0;12.670999999998457;23183.622;5.75115;130.57508980139627;4.672721518987342;0.26291139240506306;0.70525;4.680112049327851;4.7329511255414145
0;13.27100000000064;23184.222;5.75115;131.7646951579503;4.666645569620253;0.23113924050632828;0.6965;4.672366233607783;4.723993910978102
0;13.869999999998981;23184.821;5.754599999999999;132.57146686924355;4.660316455696202;0.19829113924050515;0.70525;4.664533078790856;4.717546651134899
0;14.47099999999773;23185.422;5.75115;130.79459962943295;4.676139240506328;0.1668354430379744;0.714;4.679114474091949;4.733276693967592
0;15.069999999999709;23186.021;5.754599999999999;131.0171524536104;4.679873417721519;0.17867088607594983;0.6930000000000001;4.6832828754440685;4.734277927142392
0;15.670999999998457;23186.622;5.754599999999999;130.2737190035338;4.6870253164556965;0.14094936708860784;0.7017500000000001;4.689144169374546;4.741363316987984
0;16.270000000000437;23187.221;5.75;130.04959331913875;4.69012658227848;0.11354430379746905;0.69825;4.6915007904422295;4.743177492907056
0;16.870999999999185;23187.822;5.755749999999999;131.8780121161078;4.691898734177215;0.06405063291139243;0.63525;4.692335901803078;4.735140840339399
0;17.469999999997526;23188.421;5.75345;132.40603957567242;4.697658227848102;0.04056962025316399;0.5880000000000001;4.6978334069820376;4.734488643956859
0;18.06999999999971;23189.021;5.75345;132.33997005414673;4.705126582278481;0.05822784810126503;0.55475;4.705486865092504;4.738074946648489
0;18.669999999998254;23189.621;5.75115;134.36166385663785;4.696962025316455;0.023037974683544578;0.5005;4.697018524079118;4.723609135559627
0;19.270000000000437;23190.221;5.75345;134.6475548333505;4.705886075949367;-0.010759493670885283;0.43925000000000003;4.705898376135867;4.726353783734157
0;19.37999999999738;23190.331;5.75345;134.1490855517031;4.6987974683544325;0.03417721518987291;0.504;4.698921762559168;4.7258736473431195
0;19.980999999999767;23190.932;5.75345;132.87411433974617;4.709810126582276;0.061962025316456545;0.5057499999999999;4.710217693593182;4.737291819546087
0;20.57999999999811;23191.531;5.754599999999999;130.1745714486326;4.707721518987342;0.09696202531645637;0.63175;4.70871994651306;4.75091060715627
0;21.179000000000087;23192.13;5.75345;127.68380857710946;4.715632911392405;0.0790506329113939;0.69825;4.716295448503084;4.767703411504423
0;21.779999999998836;23192.731;5.75345;126.0991562440318;4.717025316455696;0.0958227848101254;0.749;4.717998499594158;4.77708183331338
0;22.37999999999738;23193.331;5.75115;124.84855953344282;4.709873417721519;0.12063291139240363;0.81025;4.711418036034458;4.780582074681993
0;23.47099999999773;23194.422;5.75345;121.72361695160609;4.725759493670887;0.0804430379746845;0.86975;4.726444104649829;4.805802631910629
0;23.580999999998312;23194.532;5.755749999999999;122.12809365207113;4.727215189873418;0.06398734177215162;0.85575;4.727648234722739;4.804473529303396
0;24.181000000000495;23195.132;5.75345;120.31036162986149;4.715189873417721;0.02993670886075853;0.9467500000000001;4.715284906441862;4.809391573933072
0;24.78099999999904;23195.732;5.75115;120.74364128711093;4.713101265822783;0.013670886075949884;0.9380000000000001;4.7131210927607645;4.80555453980354
0;25.380999999997584;23196.332;5.75345;121.36499399642139;4.710886075949368;-0.006835443037974942;0.9275;4.710891035022478;4.801328003152373
0;25.979999999999563;23196.931;5.75115;120.9901783831786;4.71481012658228;0.017974683544303278;0.9257500000000001;4.714844389687886;4.804869476007785
0;26.57999999999811;23197.531;5.75115;122.41004470675014;4.723481012658226;0.02784810126582264;0.85575;4.723563103599537;4.800453776070226
0;27.181000000000495;23198.132;5.75345;121.4994174417698;4.727025316455693;0.012784810126582162;0.87675;4.7270426054546;4.807662878809517
0;27.78099999999904;23198.732;5.75345;122.04094549031196;4.727088607594935;-0.00037974683544305234;0.85925;4.727088622848263;4.804547576074306
0;28.380999999997584;23199.332;5.75115;121.28742629893469;4.729050632911392;0.03031645569620338;0.875;4.729147806542487;4.809414099048409
0;28.980999999999767;23199.932;5.75345;120.78406229216792;4.732974683544304;0.0072784810126588035;0.882;4.732980280051582;4.814460128753499
0;29.580999999998312;23200.532;5.75345;122.01571466937216;4.724430379746833;-0.013417721518986651;0.868;4.724449433354702;4.803524377821514
0;30.181000000000495;23201.132;5.75115;120.96476867142911;4.731392405063289;0.026075949367087195;0.8785000000000001;4.7314642602291705;4.812329612134436
0;30.779999999998836;23201.731;5.754599999999999;120.74049714008075;4.742658227848099;0.047088607594936695;0.854;4.7428919872943025;4.819163869712307
0;31.380999999997584;23202.332;5.755749999999999;120.17261204536719;4.740253164556963;0.05784810126582377;0.88025;4.740606128641396;4.821637328689536
0;31.980999999999767;23202.932;5.758049999999999;122.208007603447;4.736835443037977;0.10727848101265779;0.82075;4.738050093330501;4.808611987820307
0;32.57999999999811;23203.531;5.75345;122.4322088857476;4.729810126582281;0.11943037974683547;0.8294999999999999;4.731317728617131;4.803481830831336
0;33.181000000000495;23204.132;5.755749999999999;122.06382532019028;4.727025316455697;0.07525316455696157;0.8574999999999999;4.727624285112864;4.804761974457103
0;34.27000000000044;23205.221;5.75345;122.15476618134007;4.731075949367087;0.09189873417721507;0.8382499999999999;4.731968408181003;4.8056412765127465
0;34.86899999999878;23205.82;5.754599999999999;122.7118172019495;4.731708860759495;0.0711392405063288;0.82075;4.732243604732298;4.8028908062780005
0;35.46899999999732;23206.42;5.754599999999999;122.18521735816293;4.7195569620253135;0.07607594936708849;0.875;4.720170067685455;4.800586471242208
0;36.068999999999505;23207.02;5.75115;123.66169398342407;4.7256329113924025;0.10265822784810215;0.8015;4.726747838099675;4.794220205099047
0;36.669999999998254;23207.621;5.75345;125.69185313214511;4.721582278481012;0.1413924050632917;0.74025;4.723698871083499;4.781349295667022
0;37.26900000000023;23208.22;5.75345;126.0494601925924;4.729050632911395;0.1479746835443052;0.69825;4.731365172506737;4.7826111548096515
0;37.86899999999878;23208.82;5.75345;124.8427340510066;4.737721518987345;0.17651898734177313;0.70525;4.741008768644909;4.793176577893612
0;38.469999999997526;23209.421;5.754599999999999;124.84679079937605;4.732594936708863;0.09607594936708864;0.74025;4.733570050501963;4.791101698514566
0;39.068999999999505;23210.02;5.75115;125.77884740554461;4.734873417721517;0.06664556962025299;0.6965;4.735342428356776;4.786290856581519
0;39.669999999998254;23210.621;5.75345;126.97988880301452;4.726835443037976;0.05911392405063275;0.68425;4.727205068703566;4.776470017081306
0;40.27100000000064;23211.222;5.75345;125.79973070164473;4.734303797468356;0.0507594936708856;0.7017500000000001;4.73457590211848;4.78629940929535
0;40.870999999999185;23211.822;5.754599999999999;124.93164572844529;4.731012658227848;0.0507594936708856;0.74725;4.7312849521572735;4.789931091467794
0;41.47099999999773;23212.422;5.75345;124.88483502369861;4.7279746835443035;0.029556962025317275;0.7595;4.728067070404144;4.788680243265364
0;42.06999999999971;23213.021;5.75345;124.56408978379758;4.71626582278481;-0.006202531645568656;0.81025;4.71626990136982;4.785363815329707
0;42.18000000000029;23213.131;5.754599999999999;123.78606478288266;4.7027215189873415;-0.09246835443038055;0.87325;4.703630521386398;4.784005188565087
0;42.78099999999904;23213.732;5.755749999999999;123.67038206606642;4.697405063291138;-0.12816455696202567;0.889;4.699153166507184;4.782505774413084
0;43.380999999997584;23214.332;5.754599999999999;122.93028432928622;4.704810126582279;-0.1291139240506324;0.889;4.706581427381758;4.789804769776625
0;43.97999999999956;23214.931;5.754599999999999;122.87778615852362;4.705063291139239;-0.12297468354430276;0.89075;4.706670091096127;4.790217000190996
0;44.57999999999811;23215.531;5.754599999999999;122.00081352761059;4.720316455696199;-0.09487341772151868;0.87675;4.721269787600206;4.801986981428261
0;45.18000000000029;23216.131;5.755749999999999;124.18518952255056;4.722025316455697;-0.04962025316455644;0.805;4.722286020432544;4.790408151585065
0;45.779999999998836;23216.731;5.75115;124.86707758988382;4.729430379746833;-0.08012658227848225;0.749;4.730109088177555;4.789043013594668
0;46.86899999999878;23217.82;5.75345;123.54103604615666;4.755822784810126;-0.10601265822784701;0.7017500000000001;4.7570042089768725;4.808486467353702
0;47.46899999999732;23218.42;5.755749999999999;123.35617638315907;4.758734177215189;-0.1703797468354435;0.6877500000000001;4.761783303293802;4.811193229337981
0;48.06999999999971;23219.021;5.755749999999999;123.28410802406654;4.753417721518987;-0.2161392405063286;0.69825;4.758329140206403;4.8092878130797505
0;48.66899999999805;23219.62;5.75345;123.25740351335962;4.750506329113923;-0.22405063291139188;0.70525;4.755786903243189;4.807794362445158
0;49.27000000000044;23220.221;5.75345;123.65279688356571;4.75101265822785;-0.2291139240506332;0.686;4.756533871301154;4.805747649308601
0;49.86999999999898;23220.821;5.755749999999999;123.59676266925277;4.745;-0.2630379746835447;0.7017500000000001;4.752285132031286;4.803817964767776
0;50.46899999999732;23221.42;5.75115;120.01808740199024;4.75867088607595;-0.2612658227848092;0.784;4.765837642234814;4.829892797168721
0;50.578999999997905;23221.53;5.754599999999999;121.53953672567674;4.763101265822785;-0.20202531645569666;0.73325;4.767383758097479;4.823443112494605
0;51.18000000000029;23222.131;5.75115;121.20032575034358;4.768544303797466;-0.16784810126582195;0.7314999999999999;4.771497433969529;4.827243521138932
0;51.779999999998836;23222.731;5.75345;122.39869227468247;4.758291139240505;-0.18474683544303688;0.721;4.761876306560358;4.8161506370732345
0;52.379000000000815;23223.33;5.75115;120.5281068229888;4.751329113924048;-0.274113924050634;0.7857500000000001;4.7592296427237795;4.823657311074317
0;52.97999999999956;23223.931;5.75345;120.31089710027297;4.743164556962026;-0.3467088607594942;0.7945;4.755819282578966;4.821726588946112
0;53.57999999999811;23224.531;5.75115;122.09353258646999;4.720886075949365;-0.3721518987341769;0.791;4.735531900201291;4.801139799862534
0;54.18000000000029;23225.131;5.754599999999999;122.57767102777272;4.709430379746835;-0.42689873417721547;0.7875;4.728739475898892;4.79386412833369
0;54.77899999999863;23225.73;5.75345;122.2204835274238;4.691898734177215;-0.5127215189873416;0.805;4.719830196925144;4.78798726896871
0;55.37999999999738;23226.331;5.754599999999999;122.10910699855248;4.689240506329112;-0.5686075949367094;0.7805;4.723588797007781;4.787637347713109
0;55.97899999999936;23226.93;5.75345;123.3239532985058;4.67360759493671;-0.5621518987341775;0.7927500000000001;4.7072946273523755;4.773580969377239
0;56.578999999997905;23227.53;5.755749999999999;122.25758691745828;4.661962025316455;-0.5718987341772153;0.85925;4.696909418718462;4.774857971725044
0;57.18000000000029;23228.131;5.754599999999999;121.85665722038819;4.669620253164555;-0.5633544303797474;0.854;4.703479724947594;4.780380478894237
0;57.78099999999904;23228.732;5.75345;121.0639043154738;4.656772151898734;-0.6155063291139237;0.88025;4.69727313618006;4.779039127102734
0;58.37999999999738;23229.331;5.754599999999999;119.92767032980298;4.648417721518987;-0.6275316455696197;0.931;4.690584534993809;4.782085766684145
0;58.97999999999956;23229.931;5.75345;120.7060488303773;4.640949367088611;-0.6266455696202538;0.9275;4.683064776170075;4.774028901023209
0;68.41799999999785;23239.369;5.75115;130.56438098801024;4.62493670886076;-0.18734177215189923;0.882;4.628729469364225;4.712012362097623
0;69.09300000000076;23240.044;5.75;134.1904915499135;4.612341772151899;-0.15651898734177297;0.82075;4.614996729851042;4.68741137292598
0;70.18299999999726;23241.134;5.754599999999999;132.0286477378219;4.642531645569618;-0.13670886075949346;0.798;4.644544045729948;4.712599430539956
0;70.29299999999785;23241.244;5.754599999999999;136.12257232285845;4.606455696202531;-0.12120253164556911;0.7927500000000001;4.608049927545712;4.675743437920224
0;70.89300000000003;23241.844;5.75115;137.45099433747203;4.592025316455698;-0.1131012658227852;0.798;4.593417943460051;4.662219686297586
0;71.98300000000017;23242.934;5.754599999999999;135.99723412044975;4.620506329113925;-0.11582278481012558;0.75075;4.621957772942437;4.682533418712889
0;72.58399999999892;23243.535;5.75345;135.6386933333428;4.608354430379747;-0.12240506329113908;0.7997500000000001;4.609979778211609;4.678836780442331
0;72.6939999999995;23243.645;5.75115;140.29726147306567;4.562784810126585;-0.15139240506329088;0.80325;4.565295706066886;4.635421819676473
0;73.29399999999805;23244.245;5.75345;141.239972812035;4.556265822784808;-0.1506962025316456;0.7997500000000001;4.55875724220257;4.62837635200881
0;73.89400000000023;23244.845;5.754599999999999;141.06841495889233;4.5583544303797465;-0.13658227848101362;0.8015;4.560400183290687;4.630297191515652
0;74.98300000000017;23245.934;5.754599999999999;137.80083469606444;4.587215189873418;-0.10999999999999997;0.8067500000000001;4.588533883301443;4.658914976762874
0;75.58399999999892;23246.535;5.75345;140.8747096380747;4.5843670886075945;-0.05822784810126503;0.72975;4.584736861086247;4.642450554168883
0;76.18499999999767;23247.136;5.75345;140.6662119803018;4.592468354430382;-0.03879746835443035;0.70875;4.592632233261794;4.64699875107528
0;76.78499999999985;23247.736;5.75345;138.49271581952237;4.592848101265823;-0.04917721518987258;0.7735;4.593111372457118;4.657786419512482
0;77.3839999999982;23248.335;5.75345;137.338275540624;4.601582278481015;-0.15689873417721423;0.76475;4.60425636540983;4.667335346953006
0;77.98400000000038;23248.935;5.75345;135.96075367396176;4.603291139240504;-0.26386075949366977;0.77175;4.610847190377351;4.674987687204182
0;78.58499999999913;23249.536;5.75345;136.28295982167688;4.598417721518985;-0.27677215189873355;0.7735;4.606739450592633;4.671225815098913
0;79.18399999999747;23250.135;5.75115;135.76803714646763;4.593164556962026;-0.3154430379746841;0.78925;4.60398359657578;4.671143384658499
0;79.78399999999965;23250.735;5.75345;136.5351142161584;4.587911392405065;-0.33170886075949274;0.77875;4.59988714131842;4.665341710460933
0;80.3839999999982;23251.335;5.75345;135.13403873307783;4.5955696202531655;-0.3473417721518987;0.78925;4.608677298452935;4.675769669666743
0;80.98400000000038;23251.935;5.754599999999999;136.56277295976824;4.5806329113924065;-0.3539240506329122;0.7927500000000001;4.5942855921838035;4.662178961070422
0;81.58399999999892;23252.535;5.75115;137.2796853035502;4.5754430379746855;-0.35240506329113996;0.7857500000000001;4.588994260443594;4.655778279179996
0;82.18399999999747;23253.135;5.75115;137.13100081582527;4.571455696202531;-0.4060126582278494;0.777;4.589450235157127;4.65475911954462
0;82.78399999999965;23253.735;5.754599999999999;137.48797848325873;4.574367088607593;-0.3650632911392405;0.7805;4.58891114185857;4.654813177547916
0;83.3839999999982;23254.335;5.75115;138.21481140103396;4.568101265822784;-0.32310126582278414;0.7945;4.579513467912067;4.647921455100979
0;83.98400000000038;23254.935;5.75345;139.85487387022394;4.558924050632911;-0.3472784810126579;0.76825;4.572131980030066;4.636226796147234
0;84.58399999999892;23255.535;5.75345;141.0788261750667;4.5438607594936675;-0.3654430379746836;0.7735;4.558532572623622;4.623691324652905
0;85.18399999999747;23256.135;5.755749999999999;140.55531869395952;4.547088607594936;-0.3758227848101276;0.77525;4.562593294487477;4.627987698060799
0;85.29399999999805;23256.245;5.75115;143.24201913903752;4.497974683544302;-0.4172784810126575;0.8294999999999999;4.517288742655454;4.592816982476189
0;85.89400000000023;23256.845;5.75345;140.6026407362309;4.494493670886074;-0.46506329113924133;0.88375;4.518490591159867;4.6041037439332575
0;86.98400000000038;23257.935;5.754599999999999;137.1523950561946;4.520569620253165;-0.48841772151898816;0.88725;4.546878221620814;4.632635764308441
0;87.09399999999732;23258.045;5.75345;143.46058362610768;4.4860759493670885;-0.49082278481012626;0.82075;4.51284659938476;4.5868742071348105
0;87.6929999999993;23258.644;5.755749999999999;143.96335495191536;4.486139240506331;-0.5199367088607597;0.791;4.5161686711671525;4.58491662589754
0;88.29399999999805;23259.245;5.75345;145.976122837585;4.476202531645569;-0.5108860759493672;0.77175;4.505262887658072;4.5708852260157595
0;88.89400000000023;23259.845;5.754599999999999;146.787428691929;4.468987341772152;-0.4895569620253173;0.7875;4.495721730711009;4.564172447441835
0;89.49399999999878;23260.445;5.75345;145.2821889285938;4.483417721518989;-0.4739240506329113;0.791;4.508396441241478;4.577261132096226
0;90.09399999999732;23261.045;5.75345;144.41250154513048;4.464303797468355;-0.5241139240506333;0.84;4.49496427143466;4.572778564666578
0;90.6939999999995;23261.645;5.754599999999999;142.6920243324539;4.4505696202531615;-0.5670886075949354;0.89425;4.486553179622898;4.574805186681105
0;91.29399999999805;23262.245;5.754599999999999;139.575044261055;4.44639240506329;-0.5941772151898738;0.9607500000000001;4.485917072668118;4.587645642958412
0;91.89300000000003;23262.844;5.755749999999999;136.8869534554673;4.440443037974683;-0.6312025316455704;1.01325;4.485080936778467;4.598111196127559
0;92.49499999999898;23263.446;5.754599999999999;136.00494242008054;4.430189873417719;-0.6961392405063306;1.01325;4.484550385122865;4.597593687920414
0;93.09300000000076;23264.044;5.754599999999999;134.30663667759586;4.4276582278481005;-0.7455063291139238;1.022;4.489981856241726;4.604825845716632
0;93.6929999999993;23264.644;5.754599999999999;133.1918404240224;4.422405063291141;-0.7786075949367102;1.03425;4.490422734077076;4.607989734495536
0;94.29299999999785;23265.244;5.75345;133.19153932796087;4.415443037974684;-0.8308860759493679;1.008;4.492939894190177;4.6046251631164985
0;94.89300000000003;23265.844;5.75115;132.4970153141631;4.42911392405063;-0.7854430379746833;1.02725;4.498218638319181;4.614023567410777
0;95.49299999999857;23266.444;5.75115;133.36483398800294;4.436582278481013;-0.771455696202533;1.001;4.503155138892631;4.613069174089536
0;96.09300000000076;23267.044;5.75345;133.10420056278716;4.4346835443038;-0.8234177215189867;0.9712500000000001;4.510480560010256;4.613866214437783
0;96.6929999999993;23267.644;5.754599999999999;130.23801140683452;4.436962025316454;-0.8296835443037962;1.029;4.513868274306285;4.629670376796689
0;97.29299999999785;23268.244;5.75115;130.18575912121284;4.444493670886077;-0.8434177215189869;0.99925;4.523812268819151;4.632858513490206
0;97.89300000000003;23268.844;5.75345;129.1782274566673;4.439050632911393;-0.8531645569620264;1.029;4.520294269492557;4.635935858357755
0;98.49299999999857;23269.444;5.75115;129.9081048873812;4.43272151898734;-0.8686075949367081;1.0114999999999998;4.517023269684933;4.628890954524114
0;99.09300000000076;23270.044;5.75345;129.94513949289575;4.437278481012656;-0.8969620253164554;0.9765000000000001;4.5270278542237605;4.6311481776032375
0;99.6929999999993;23270.644;5.75115;130.92731290415196;4.461392405063291;-0.8075949367088602;0.9712500000000001;4.533898077124607;4.636761621676729
0;100.29299999999785;23271.244;5.75115;132.61553053556648;4.471012658227847;-0.8188607594936701;0.89425;4.545380856811913;4.632512298523578
0;101.38299999999799;23272.334;5.75345;130.28870142337846;4.488607594936706;-0.8484810126582264;0.88375;4.568097872218262;4.65279832280156
0;101.49299999999857;23272.444;5.75115;133.8581170037813;4.47759493670886;-0.835759493670885;0.826;4.55492594325109;4.629214441835875
0;102.09300000000076;23273.044;5.75115;132.25462296854047;4.479367088607595;-0.8313291139240501;0.86975;4.55585750547124;4.638135689332366
0;102.6939999999995;23273.645;5.75345;130.81313957372777;4.47974683544304;-0.8601265822784812;0.882;4.561573132944816;4.646059991778408
0;103.78299999999945;23274.734;5.75115;130.41010237895816;4.4999367088607585;-0.8590506329113928;0.8365;4.581200538467844;4.6569443440584575
0;104.3839999999982;23275.335;5.75345;132.00969337701704;4.510759493670888;-0.8448734177215182;0.7735;4.589200616851969;4.6539300114757305
0;104.98300000000017;23275.934;5.754599999999999;131.5722905522627;4.525316455696203;-0.8210126582278486;0.76825;4.599190234070037;4.6629131314732
0;105.58299999999872;23276.534;5.754599999999999;130.76657397941486;4.527911392405063;-0.8255063291139244;0.7805;4.602547368238452;4.668256904549994
0;106.18299999999726;23277.134;5.75345;129.06683804664357;4.521202531645566;-0.8841139240506325;0.78925;4.606835113487185;4.673953928459126
0;106.78199999999924;23277.733;5.75115;127.83738123643354;4.5268354430379745;-0.9027215189873402;0.7875;4.61596634186035;4.682659662968004
0;107.38299999999799;23278.334;5.75345;128.4338031975292;4.533924050632913;-0.881012658227849;0.7735;4.6187282449680085;4.683049524707727
0;107.98300000000017;23278.934;5.75115;127.34700435369686;4.530316455696203;-0.9085443037974676;0.7857500000000001;4.620521609160012;4.686856409493961
0;108.58199999999852;23279.533;5.75115;126.41695112976797;4.526392405063291;-0.9425949367088607;0.7875;4.6234958007252285;4.690082053581134
0;108.6919999999991;23279.643;5.75115;125.65419549823378;4.509113924050634;-0.982215189873418;0.8155;4.614851575000586;4.686352025753655
0;109.78299999999945;23280.734;5.75345;123.39042722461758;4.537025316455696;-1.0025316455696205;0.78225;4.646468381742034;4.711855630749783
0;110.3839999999982;23281.335;5.75345;122.66819009948624;4.54873417721519;-0.9906962025316468;0.7857500000000001;4.655369113257957;4.72121431870829
0;110.98400000000038;23281.935;5.75345;124.014464099698;4.569113924050633;-0.9290506329113924;0.7525;4.6626105487662635;4.722943296236621
0;111.58399999999892;23282.535;5.75115;126.37799850774655;4.566202531645571;-0.9203797468354431;0.686;4.658036543264908;4.708279987255568
0;112.18399999999747;23283.135;5.754599999999999;130.57721227079801;4.5548734177215175;-0.8856329113924047;0.6194999999999999;4.640174296856475;4.681345720538859
0;112.78399999999965;23283.735;5.75115;132.60519793568264;4.550949367088606;-0.8698101265822781;0.57225;4.633325997392075;4.668530803219495
0;113.38299999999799;23284.334;5.75345;135.76672424807035;4.542974683544303;-0.8442405063291138;0.5145;4.620753294415457;4.649308686014653
0;113.98400000000038;23284.935;5.75345;136.06117396671118;4.546582278481013;-0.7760126582278478;0.58625;4.612331954741273;4.649440302146856
0;114.58299999999872;23285.534;5.754599999999999;134.3732089881843;4.553227848101268;-0.7696202531645567;0.6335;4.617813245553135;4.661064408566564
0;115.18399999999747;23286.135;5.75115;134.05149253454675;4.541835443037976;-0.7693670886075935;0.68425;4.60653827821592;4.6570798759704015
0;115.78299999999945;23286.734;5.755749999999999;135.57939494096203;4.550822784810124;-0.7411392405063277;0.6335;4.61077817646493;4.654094717833455
0;116.3839999999982;23287.335;5.75345;134.9668339782561;4.547405063291142;-0.7734177215189872;0.62825;4.612707207443968;4.65529438855434
0;116.98400000000038;23287.935;5.75;139.65484378026656;4.5298101265822766;-0.7101265822784809;0.59675;4.585134626785331;4.62380472211423
0;117.58399999999892;23288.535;5.754599999999999;139.16026309239643;4.527911392405063;-0.7036075949367082;0.63525;4.58225329124484;4.626076932739465
0;118.18299999999726;23289.134;5.75115;139.95358136668492;4.507341772151899;-0.7487341772151906;0.63175;4.569106337033045;4.612574203372291
0;118.78299999999945;23289.734;5.754599999999999;139.81503660420432;4.490379746835441;-0.76987341772152;0.679;4.555898961797127;4.606219311985063
0;119.38199999999779;23290.333;5.75115;139.5181497478085;4.47759493670886;-0.7674050632911392;0.7314999999999999;4.542880908455085;4.601397526665751
0;119.98300000000017;23290.934;5.75;134.94871999614807;4.484873417721518;-0.7452531645569623;0.85925;4.546371284031613;4.626856645149843
0;120.58199999999852;23291.533;5.75345;135.30462154478874;4.463354430379748;-0.7441772151898722;0.9117500000000001;4.524967679309795;4.615909505319431
0;120.6919999999991;23291.643;5.758049999999999;135.06058485825014;4.460506329113924;-0.7141772151898729;0.9520000000000001;4.517318430967839;4.6165430580426445
0;121.29199999999764;23292.243;5.75115;134.93765847540743;4.441962025316455;-0.7054430379746827;1.001;4.497630099750357;4.607675934153835
0;122.38199999999779;23293.333;5.75115;134.90249977786402;4.461645569620255;-0.6990506329113916;0.9590000000000001;4.516077166777142;4.616777444959402
0;122.98199999999997;23293.933;5.75345;137.41642693984943;4.469936708860759;-0.6627848101265827;0.90475;4.518807130842772;4.6084911248971165
0;123.58299999999872;23294.534;5.754599999999999;137.34410517756808;4.475696202531642;-0.6379746835443028;0.91;4.520936650098032;4.611612320457956
0;124.1820000000007;23295.133;5.75345;137.96129754641657;4.482911392405062;-0.5936075949367082;0.90475;4.522042075094131;4.6116631589288515
0;124.78299999999945;23295.734;5.754599999999999;137.89355378154707;4.487784810126581;-0.5606962025316461;0.91525;4.522675395552535;4.614355349995954
0;125.38199999999779;23296.333;5.75115;138.83420000928106;4.490189873417721;-0.5389873417721514;0.896;4.522423294422324;4.610328454018614
0;125.98199999999997;23296.933;5.75345;139.4661093188933;4.484810126582279;-0.5068987341772143;0.91525;4.513365506825857;4.605230804281738
0;126.58199999999852;23297.533;5.75115;139.84690788950414;4.480253164556962;-0.5056962025316444;0.917;4.508702370724597;4.6010092444786075
0;127.1820000000007;23298.133;5.75115;140.83327625198083;4.474430379746833;-0.49056962025316486;0.917;4.501242692359158;4.593699465084402
0;127.78299999999945;23298.734;5.754599999999999;143.80450275650162;4.458670886075949;-0.4651265822784803;0.90475;4.4828661376270595;4.573255008239028
0;136.79399999999805;23307.745;5.75;143.2582535655223;4.4886708860759486;-0.2950000000000001;0.90475;4.498354290571813;4.588438066053179
0;136.90399999999863;23307.855;5.75115;146.24984173392616;4.466202531645568;-0.2689240506329111;0.90475;4.474291586238663;4.564850245209156
0;137.99299999999857;23308.944;5.75;143.62177216059615;4.490189873417721;-0.2466455696202526;0.9065000000000001;4.49695887643598;4.587415545419486
0;138.59300000000076;23309.544;5.75115;141.64981606775854;4.508101265822785;-0.23740506329113953;0.90825;4.5143480356513574;4.604807949251442
0;139.1929999999993;23310.144;5.75345;140.75724579103448;4.503987341772152;-0.20246835443038053;0.95025;4.508535838760686;4.607588357469613
0;139.79299999999785;23310.744;5.754599999999999;139.52156820533114;4.50873417721519;-0.1740506329113924;0.9730000000000001;4.51209236425909;4.615810492600968
0;140.39300000000003;23311.344;5.75345;136.59173114120398;4.508607594936712;-0.1429746835443029;1.043;4.510873995719188;4.629884793950665
0;140.99299999999857;23311.944;5.75115;130.61681222890587;4.522278481012658;-0.11955696202531528;1.14275;4.523858588306986;4.665959074991858
0;141.59300000000076;23312.544;5.755749999999999;128.70335452146992;4.522721518987342;-0.12227848101265745;1.1847500000000002;4.52437420702907;4.676921479748183
0;142.1939999999995;23313.145;5.75345;121.93583347450571;4.534113924050629;-0.11126582278481074;1.302;4.535478933871238;4.718662221391756
0;142.30299999999988;23313.254;5.75115;122.60564347060483;4.5048101265822815;-0.075443037974684;1.34225;4.505441812801173;4.701131884029326
0;143.39300000000003;23314.344;5.75345;118.75908267471594;4.5155696202531646;-0.034556962025317765;1.40175;4.515701847883419;4.7282624970995135
0;143.99299999999857;23314.944;5.754599999999999;117.48220286926761;4.511012658227848;-0.0004430379746838609;1.4349999999999998;4.511012679983788;4.733757534873805
0;144.59300000000076;23315.544;5.75;112.67887500353771;4.524050632911393;0.01531645569620371;1.505;4.524076560245314;4.7678395236166535
0;145.1939999999995;23316.145;5.75345;109.05866209169751;4.504683544303796;0.0674050632911391;1.603;4.505187818157939;4.781874765913333
0;145.3040000000001;23316.255;5.754599999999999;105.2955573812855;4.503101265822784;0.07417721518987323;1.6764999999999999;4.5037121654817245;4.8056295653647805
0;146.45000000000073;23317.401;5.75345;98.29721897230235;4.518227848101268;0.018544303797468756;1.792;4.518265903923888;4.860657443038045
0;146.50499999999738;23317.456;5.75115;97.6297817318663;4.457468354430383;0.014556962025315808;1.87425;4.457492124041467;4.835498846902118
0;147.10399999999936;23318.055;5.75345;93.76005468959575;4.467784810126583;0.029113924050633413;1.9355000000000002;4.467879668273469;4.8690973475759805
0;147.7039999999979;23318.655;5.75115;92.39265771600225;4.477974683544301;0.031518987341773344;1.9495000000000002;4.478085608050245;4.8840353154974965
0;148.3040000000001;23319.255;5.75345;95.82235357764013;4.487151898734177;0.07348101265822793;1.87425;4.487753516129758;4.863408751486452
0;148.90299999999843;23319.854;5.754599999999999;102.5447528435431;4.47873417721519;0.07816455696202618;1.7587499999999998;4.479416203940029;4.812314525321521
0;149.50400000000081;23320.455;5.75115;101.21073380839474;4.471455696202532;0.0877215189873415;1.79025;4.472316078722021;4.817323548454631
0;150.10399999999936;23321.055;5.755749999999999;99.98213610562453;4.461329113924049;0.08075949367088493;1.827;4.462060012882426;4.821608503244982
0;150.7029999999977;23321.654;5.754599999999999;101.06407597556138;4.480126582278481;0.10265822784810036;1.7832499999999998;4.481302590205573;4.823075104897619
0;151.3040000000001;23322.255;5.75345;101.76046585747382;4.485189873417724;0.09613924050632945;1.764;4.486220118783075;4.820567078070176
0;151.90399999999863;23322.855;5.754599999999999;103.15980147292031;4.503544303797469;0.14829113924050744;1.7115;4.505985081893178;4.820076120586051
0;152.50400000000081;23323.455;5.75345;99.97599289062455;4.516898734177216;0.1834810126582279;1.75175;4.5206237906751126;4.848161251373331
0;153.10299999999916;23324.054;5.75115;101.96739184845242;4.522784810126581;0.18436708860759563;1.7045;4.526541026222271;4.836826843300613
0;153.7039999999979;23324.655;5.754599999999999;98.2863435999331;4.549430379746837;0.16487341772152014;1.7465;4.552416943123139;4.8759370662504065
0;154.3040000000001;23325.255;5.758049999999999;102.18710328296143;4.546772151898734;0.11037974683544302;1.67825;4.548111771910768;4.847870022215251
0;154.90399999999863;23325.855;5.75345;105.24780969202756;4.556455696202533;0.08936708860759532;1.603;4.557332003264926;4.831033428572265
0;155.50400000000081;23326.455;5.75;108.87632804544239;4.545379746835443;0.1124683544303789;1.5435;4.546770961208637;4.801616230363492
0;156.10399999999936;23327.055;5.75115;111.73900173257087;4.551518987341775;0.11765822784810182;1.4769999999999999;4.553039484862069;4.786616503409591
0;156.7039999999979;23327.655;5.758049999999999;113.94067269220365;4.551012658227848;0.09765822784810166;1.4385;4.55206034063879;4.7739434008811354
0;157.3040000000001;23328.255;5.75;113.4559864059456;4.549367088607594;0.08898734177215227;1.44725;4.550237318415558;4.774849967946805
0;157.90399999999863;23328.855;5.75345;114.42712852114207;4.545949367088605;0.05563291139240447;1.43675;4.5462897695773075;4.767913718961711
0;158.50400000000081;23329.455;5.75345;111.28594940488934;4.555126582278481;0.04139240506329091;1.48575;4.555314644651559;4.7914866768339195
0;159.10399999999936;23330.055;5.75345;112.10493238210763;4.570632911392406;0.05708860759493587;1.4437499999999999;4.570989424601697;4.79357469768862
0;159.7029999999977;23330.654;5.75115;110.70906363904882;4.5886075949367084;0.09493670886075949;1.4402499999999998;4.589589593743667;4.810265346267309
0;160.3040000000001;23331.255;5.75345;114.82681097461737;4.5810759493670865;0.10113924050632815;1.3667500000000001;4.582192270064597;4.781682921560122
0;160.90399999999863;23331.855;5.75345;116.8578478211328;4.596962025316456;0.09050632911392448;1.295;4.597852896495412;4.776743268986857
0;161.5020000000004;23332.453;5.75345;113.93168423339937;4.594683544303797;0.046582278481013824;1.365;4.594919670784745;4.793382081679343
0;162.10199999999895;23333.053;5.754599999999999;110.57846640564016;4.59860759493671;0.0079746835443041;1.4315;4.598614509587342;4.8162690599453875
0;162.7029999999977;23333.654;5.75345;111.20413107742121;4.585949367088609;-0.013607594936709076;1.4385;4.585969555518263;4.806287446058587
0;163.30299999999988;23334.254;5.75115;110.93747220197648;4.591645569620253;0.029493670886076465;1.43325;4.591740292485588;4.810227071161572
0;163.90299999999843;23334.854;5.75115;114.90778638798122;4.586582278481013;0.06537974683544222;1.35625;4.587048234820771;4.783348782084823
0;164.5030000000006;23335.454;5.75115;117.68150594804027;4.589556962025315;0.053924050632911634;1.2915;4.589873735835409;4.768114214331668
0;165.10299999999916;23336.054;5.75115;113.62051488495251;4.590569620253165;0.0884810126582276;1.3755000000000002;4.591422255466416;4.7930322946953225
0;165.7029999999977;23336.654;5.75345;112.10592148367685;4.576772151898734;0.09740506329114022;1.4315;4.5778085452266915;4.796407335365765
0;166.30299999999988;23337.254;5.755749999999999;109.59463986790301;4.58088607594937;0.11594936708860719;1.4769999999999999;4.582353270597441;4.814508333833795
0;166.90299999999843;23337.854;5.75115;104.84525047836343;4.5939240506329115;0.13430379746835353;1.55225;4.595886823345188;4.850943800488511
0;167.5030000000006;23338.454;5.75115;102.22722085959566;4.596645569620254;0.15613924050632993;1.60125;4.5992966804866375;4.870064837107963
0;168.10299999999916;23339.054;5.75115;104.78757420963086;4.594746835443036;0.21227848101265906;1.5435;4.599647881666034;4.851716488554833
0;168.7029999999977;23339.654;5.75345;103.8001609102182;4.606518987341773;0.16215189873417796;1.554;4.609372020026521;4.864280668197855
0;169.30299999999988;23340.254;5.754599999999999;107.33605868785594;4.611772151898733;0.08569620253164462;1.4769999999999999;4.612568288942399;4.843275257525326
0;169.90299999999843;23340.854;5.754599999999999;109.34150455947618;4.629050632911393;0.022151898734176854;1.407;4.629103635551369;4.83820725772211
0;170.5030000000006;23341.454;5.75345;108.93374014824833;4.608734177215188;0.03531645569620207;1.4489999999999998;4.608869489177828;4.831281296744612
0;171.59300000000076;23342.544;5.75115;105.86586941348327;4.606202531645567;0.04329113924050617;1.51725;4.606405961839965;4.849847775732221
0;171.7029999999977;23342.654;5.75345;111.3410322647961;4.5817721518987335;0.08139240506329122;1.4402499999999998;4.582495038242457;4.803496730301452
0;172.30299999999988;23343.254;5.75115;110.55322253308401;4.585949367088609;0.026392405063291238;1.45075;4.586025311372086;4.810021176569333
0;172.90399999999863;23343.855;5.75345;109.54251770065977;4.603164556962026;-0.003544303797469088;1.4455;4.6031659214676175;4.824790850447387
0;173.5030000000006;23344.454;5.75345;108.90199161615004;4.6138607594936705;-0.06424050632911486;1.4402499999999998;4.614307960100727;4.833855398452558
0;174.64700000000084;23345.598;5.75115;104.44228018934777;4.625189873417724;-0.10386075949367032;1.5155;4.6263558469413555;4.868255197966564
0;174.7029999999977;23345.654;5.754599999999999;107.64445040389154;4.632658227848102;-0.0746835443037979;1.43675;4.63326017916526;4.850912331751472
0;175.30299999999988;23346.254;5.75115;106.67975072471012;4.641835443037971;-0.0536708860759484;1.442;4.642145715534541;4.860954725592052
0;175.90299999999843;23346.854;5.754599999999999;106.26583292490197;4.6470253164556965;-0.01291139240506378;1.4455;4.647043253062532;4.866670447629878
0;176.5030000000006;23347.454;5.75115;105.99012447484722;4.65392405063291;-0.06835443037974763;1.43675;4.654426000831035;4.871132513051968
0;177.59300000000076;23348.544;5.75345;101.7198471809905;4.662911392405062;-0.13886075949367194;1.5155;4.664978559859421;4.904973518169907
0;177.7029999999977;23348.654;5.75115;105.1987290626607;4.656202531645572;-0.12392405063291309;1.44725;4.6578513486400475;4.877510814803788
0;178.30299999999988;23349.254;5.75;105.94081084540416;4.646708860759494;-0.07335443037974632;1.4489999999999998;4.647287822926092;4.867944649348135
0;178.90299999999843;23349.854;5.754599999999999;106.56920436988173;4.64772151898734;-0.0486075949367089;1.43675;4.64797569016271;4.864969535243105
0;179.5020000000004;23350.453;5.754599999999999;109.23490087497399;4.657215189873417;-0.03981012658227969;1.35975;4.657385336319745;4.851820094919656
0;180.10299999999916;23351.054;5.754599999999999;110.02739693919226;4.665189873417724;-0.047151898734175704;1.3265;4.665428153620364;4.850342473124297
0;180.7039999999979;23351.655;5.75115;113.78838124543145;4.660316455696202;-0.048860759493672135;1.2442499999999999;4.660572587252676;4.82380502337637
0;181.3040000000001;23352.255;5.754599999999999;117.67901062157266;4.6475316455696225;-0.06981012658227903;1.17775;4.648055921602548;4.794947227326335
0;181.90299999999843;23352.854;5.755749999999999;120.37482638170559;4.640063291139239;-0.09544303797468416;1.127;4.641044787467123;4.775921452377096
0;182.50400000000081;23353.455;5.75345;119.39528047978224;4.650253164556961;-0.036898734177215085;1.1305;4.6503995539153316;4.785838093903294
0;183.10399999999936;23354.055;5.75345;119.32129226648519;4.647405063291138;-0.0623417721518978;1.1375;4.647823180679224;4.784993894338752
0;183.7039999999979;23354.655;5.754599999999999;118.6987671978125;4.66474683544304;-0.11348101265822824;1.11125;4.666126978449022;4.796625641167944
0;184.3040000000001;23355.255;5.75345;119.40960587802256;4.684430379746836;-0.1478481012658218;1.04125;4.686762960054945;4.801036201305192
0;184.90299999999843;23355.854;5.75345;121.58231153754156;4.686772151898733;-0.16044303797468332;0.9730000000000001;4.689517584170895;4.789394969330472
0;185.50400000000081;23356.455;5.75345;118.93613141754035;4.688987341772153;-0.17082278481012736;1.0394999999999999;4.692097901270792;4.805865475136582
0;186.10399999999936;23357.055;5.75345;115.73608949369641;4.697025316455694;-0.2160759493670878;1.099;4.701992730675006;4.828719979385903
0;186.7019999999975;23357.653;5.75345;119.25451989708587;4.684177215189873;-0.23170886075949373;1.0307499999999998;4.689904602383551;4.801838266951357
0;187.30199999999968;23358.253;5.75115;121.51979283895204;4.681139240506329;-0.22594936708860716;0.9747500000000001;4.6865891334205845;4.7868836697788995
0;187.90299999999843;23358.854;5.754599999999999;118.27216907428183;4.689810126582278;-0.22392405063291207;1.0465;4.695152926566453;4.810366228661341
0;188.5020000000004;23359.453;5.75345;116.80028149852255;4.682531645569619;-0.1855696202531656;1.1095;4.686207282624386;4.8157583977730685
0;189.10199999999895;23360.053;5.754599999999999;117.22522595096454;4.659873417721517;-0.2336075949367072;1.141;4.665725321705054;4.803214941848816
0;189.7019999999975;23360.653;5.754599999999999;116.10690388050047;4.647215189873417;-0.20721518987341778;1.2005000000000001;4.651832666369728;4.8042426464432975
0;190.30299999999988;23361.254;5.754599999999999;115.42844366907045;4.634367088607595;-0.16050632911392412;1.2494999999999998;4.637145737806271;4.802537958585529
0;190.90299999999843;23361.854;5.75345;110.45108801643173;4.64145569620253;-0.1703797468354435;1.34925;4.644581815184508;4.836591341062693
0;191.5020000000004;23362.453;5.75115;111.67684245548705;4.6563924050632925;-0.15841772151898645;1.29325;4.6590864345300975;4.835243733972712
0;192.10199999999895;23363.053;5.75345;114.13536286128677;4.634050632911394;-0.16215189873417615;1.27925;4.63688672566514;4.810114246995552
0;192.7019999999975;23363.653;5.75115;114.87389634051408;4.627405063291139;-0.15848101265822725;1.274;4.630118124966754;4.802194274615059
0;193.30199999999968;23364.253;5.75345;117.87723421389103;4.617784810126583;-0.15892405063291112;1.2249999999999999;4.620518737815633;4.780148366578738
0;193.90199999999822;23364.853;5.75345;116.27260971093884;4.6332278481012645;-0.18050632911392428;1.2285;4.636742695823358;4.796727538361051
0;194.5020000000004;23365.453;5.75345;116.07721733683711;4.632721518987342;-0.20512658227848007;1.2302499999999998;4.637260569263456;4.797676588698495
0;195.10199999999895;23366.053;5.75345;116.75289382359384;4.639620253164556;-0.25778481012658094;1.1900000000000002;4.646776205274656;4.796731085010575
0;204.04699999999866;23374.998;5.75115;126.40542796484078;4.533544303797468;-0.2508227848101262;1.18825;4.540477510557054;4.693386206820655
0;204.72099999999773;23375.672;5.75115;130.25378465604828;4.534873417721516;-0.18455696202531624;1.11475;4.538627346124513;4.6735217715860955
0;205.3209999999999;23376.272;5.75115;132.12525280326685;4.5083544303797485;-0.11392405063291211;1.141;4.5097936049488245;4.651894168963576
0;205.92099999999846;23376.872;5.75115;135.77180592335634;4.4912658227848095;-0.058860759493669514;1.106;4.491651509180458;4.625815525928708
0;206.52000000000044;23377.471;5.75115;135.98854752813446;4.469367088607594;-0.001582278481013018;1.14975;4.469367368692566;4.61488566909668
0;207.12099999999919;23378.072;5.75345;139.50039473321667;4.460000000000001;0.03322784810126618;1.1007500000000001;4.460123775175914;4.593947610975712
0;207.71999999999753;23378.671;5.75115;138.09209925349268;4.442278481012657;0.042848101265824105;1.16375;4.442485122389292;4.592383708397002
0;208.3209999999999;23379.272;5.75345;139.0084023956698;4.433417721518987;0.08075949367088493;1.16375;4.43415322122461;4.584324252471305
0;208.91999999999825;23379.871;5.75115;139.66070818355817;4.432531645569619;0.08531645569620336;1.1515;4.433352646315052;4.580454992311209
0;210.0109999999986;23380.962;5.75115;130.43868314300653;4.450886075949367;0.09525316455696173;1.288;4.451905213101249;4.634479908947505
0;210.11999999999898;23381.071;5.754599999999999;139.5529269613404;4.433101265822785;0.1189240506329108;1.1515;4.434696129709286;4.581755341881375
0;210.72099999999773;23381.672;5.75115;138.68004256824906;4.442278481012661;0.11056962025316365;1.1480000000000001;4.44365432316591;4.589549841083663
0;211.3209999999999;23382.272;5.754599999999999;140.08042243029075;4.457278481012655;0.09746835443037924;1.092;4.458344035335749;4.590130230986246
0;211.91999999999825;23382.871;5.75345;139.97014744485276;4.439303797468355;0.030949367088607866;1.13575;4.4394116805653585;4.582390656855888
0;212.52100000000064;23383.472;5.75115;140.27730346796594;4.457974683544306;0.017594936708860226;1.0885;4.458009405656267;4.588973753566231
0;213.12099999999919;23384.072;5.75345;140.42586372562198;4.449873417721518;0.03639240506329042;1.10425;4.45002222925806;4.584982650282428
0;213.72099999999773;23384.672;5.75345;139.263898000322;4.440696202531646;0.035886075949367546;1.14625;4.440841201126879;4.586388517791098
0;214.3189999999995;23385.27;5.75345;141.4675645252917;4.4241139240506335;-0.014683544303797424;1.13925;4.424138291176262;4.568466940008652
0;214.91999999999825;23385.871;5.75345;142.34190395389757;4.438860759493668;-0.044999999999999006;1.09025;4.439088852700822;4.571012459474673
0;215.52000000000044;23386.471;5.75345;141.98257244139586;4.435949367088609;-0.06632911392404894;1.1025;4.436445236755186;4.571384099890074
0;216.11999999999898;23387.071;5.75345;138.34473274384538;4.449430379746838;-0.01949367088607549;1.14625;4.449473081997318;4.5947469756145125
0;216.72099999999773;23387.672;5.754599999999999;143.2518195883105;4.432658227848101;-0.04664556962025283;1.0867499999999999;4.432903650438916;4.564171374584292
0;217.3199999999997;23388.271;5.75345;140.1334437206127;4.426645569620255;-0.07493670886076113;1.1567500000000002;4.427279809247831;4.575901776904035
0;217.91999999999825;23388.871;5.75345;144.38700222576892;4.441202531645569;-0.0711392405063288;1.043;4.441772249748385;4.562585858768559
0;218.52100000000064;23389.472;5.75115;138.5339367729968;4.4491772151898745;-0.07708860759493782;1.13925;4.44984500242263;4.5933659889111444
0;219.11999999999898;23390.071;5.75115;137.73231269444895;4.443607594936709;-0.12493670886076062;1.1620000000000001;4.445363611562069;4.594725414973147
0;219.72099999999773;23390.672;5.754599999999999;139.79591523178973;4.425506329113924;-0.16512658227848157;1.1567500000000002;4.428585898139763;4.577165456885121
0;220.3199999999997;23391.271;5.754599999999999;140.08112043509237;4.425189873417722;-0.2110759493670891;1.1445;4.4302210410091245;4.575668117575833
0;220.92099999999846;23391.872;5.754599999999999;141.24149438161749;4.418924050632909;-0.18974683544303916;1.13925;4.422996001221638;4.567360746571548
0;221.52100000000064;23392.472;5.75345;139.69594766696292;4.427215189873417;-0.1951898734177217;1.14975;4.431515928452784;4.578237486919037
0;222.11999999999898;23393.071;5.75115;138.33412898220115;4.4285443037974686;-0.2760759493670883;1.155;4.437141262177253;4.585002462432921
0;222.71999999999753;23393.671;5.754599999999999;138.19720569155965;4.444556962025316;-0.25215189873417776;1.13225;4.451703850069427;4.593436320579937
0;223.3199999999997;23394.271;5.75115;138.1592574469205;4.437215189873418;-0.3084177215189867;1.13225;4.44792087746515;4.589770167959432
0;223.91999999999825;23394.871;5.75345;138.50618718378502;4.447531645569617;-0.3110759493670881;1.10425;4.458397243922732;4.59311158661727
0;224.52000000000044;23395.471;5.754599999999999;135.7332449174577;4.444113924050636;-0.31594936708860694;1.1655;4.455330803936384;4.605253828238399
0;225.11999999999898;23396.071;5.754599999999999;136.96640304631524;4.436772151898734;-0.2948734177215185;1.1620000000000001;4.446560182921501;4.595883099072788
0;225.72099999999773;23396.672;5.754599999999999;138.99124163636418;4.410316455696202;-0.2835443037974677;1.1795;4.419421750817713;4.574112904334642
0;226.3199999999997;23397.271;5.75345;136.49417745549835;4.395189873417722;-0.2981012658227853;1.2494999999999998;4.405287548852951;4.579061982336431
0;227.46399999999994;23398.415;5.75345;126.05869713731849;4.417911392405063;-0.3386075949367085;1.3860000000000001;4.430868557573252;4.6425846437616265
0;227.52000000000044;23398.471;5.75345;128.29465821787431;4.3651898734177195;-0.3374050632911385;1.4315;4.378210228817605;4.606291030506334
0;228.66400000000067;23399.615;5.754599999999999;116.58965262661147;4.4068354430379735;-0.33626582278481115;1.56975;4.419646289646813;4.6901373527956345
0;228.71999999999753;23399.671;5.75115;121.24156969441265;4.346645569620255;-0.343987341772152;1.5715000000000001;4.3602356586770465;4.634788803084652
0;229.3199999999997;23400.271;5.754599999999999;117.73255304198881;4.342151898734176;-0.3412658227848098;1.63625;4.355541926497988;4.652747525493061
0;229.91899999999805;23400.87;5.75345;120.52571389930979;4.334620253164558;-0.3706329113924047;1.5942500000000002;4.350436931407187;4.633350251885949
0;230.51900000000023;23401.47;5.75;122.19628768124947;4.3196202531645564;-0.3503164556962023;1.59075;4.3338021125428625;4.616527516779358
0;231.11999999999898;23402.071;5.754599999999999;118.23958965892126;4.336708860759496;-0.3358227848101273;1.63625;4.34969202194679;4.64727175322119
0;231.71899999999732;23402.67;5.754599999999999;113.7971440084417;4.346898734177214;-0.28398734177215157;1.7045;4.356165448588733;4.677766311550661
0;232.3199999999997;23403.271;5.75115;109.36699725854268;4.335506329113922;-0.25778481012658094;1.792;4.343163379164878;4.698332910524634
0;232.92099999999846;23403.872;5.75345;108.21315746991499;4.347531645569618;-0.1935443037974679;1.806;4.351837635615754;4.711701052354841
0;233.52000000000044;23404.471;5.754599999999999;105.23353310435748;4.345000000000001;-0.16829113924050582;1.86025;4.348257916401335;4.729468994511633
0;234.12099999999919;23405.072;5.754599999999999;105.70918970351394;4.349936708860762;-0.17734177215189825;1.84625;4.353550215082441;4.7288517145015625
0;234.72099999999773;23405.672;5.75115;102.19762107100277;4.353101265822785;-0.18386075949367095;1.89875;4.356982374234433;4.752740995666556
0;235.3209999999999;23406.272;5.75345;105.3245152661036;4.342594936708861;-0.1755063291139238;1.86025;4.346140040989071;4.727521900360535
0;235.92099999999846;23406.872;5.754599999999999;105.34827200976022;4.3434177215189855;-0.14569620253164509;1.862;4.34586066125426;4.727953985291874
0;236.52000000000044;23407.471;5.754599999999999;106.4525700058853;4.332215189873418;-0.08037974683544369;1.86025;4.332960807008448;4.715408722218181
0;237.12099999999919;23408.072;5.75345;109.21567766173791;4.354493670886075;-0.0268354430379751;1.792;4.3545763595084575;4.708885140963829
0;237.72099999999773;23408.672;5.75115;107.26803246144621;4.38601265822785;0.019177215189875044;1.7867499999999998;4.386054582847478;4.736026854465393
0;238.3199999999997;23409.271;5.75115;109.69203029253356;4.402974683544304;0.021139240506327515;1.7255;4.403025429340745;4.729057324818684
0;239.46500000000015;23410.416;5.75115;96.71898090404179;4.483291139240507;0.025506329113923518;1.862;4.483363693926393;4.854646641313589
0;239.52100000000064;23410.472;5.75345;108.64398130859385;4.418354430379747;0.013670886075949884;1.7255;4.418375579959499;4.743352508045596
0;240.11899999999878;23411.07;5.755749999999999;105.2168831881427;4.418544303797467;0.0456962025316461;1.7850000000000001;4.418780590564195;4.765694797985583
0;240.71999999999753;23411.671;5.75;99.64950591001279;4.4755696202531645;0.06392405063291082;1.8147499999999999;4.476026106937087;4.829920006840939
0;243.0089999999982;23413.96;5.75;103.87912649091017;4.405126582278481;0.1610759493670878;1.8147499999999999;4.408070515243716;4.767011981300341
0;243.71999999999753;23414.671;5.754599999999999;97.94098590918013;4.492784810126585;0.23316455696202515;1.8147499999999999;4.498831077149649;4.851061597550321
0;244.3189999999995;23415.27;5.75115;95.89731035594903;4.527974683544305;0.2038607594936711;1.8147499999999999;4.532561521268022;4.88235921523391
0;244.91899999999805;23415.87;5.75115;95.54395207033275;4.532784810126582;0.1828481012658234;1.81825;4.53647126774223;4.887290110639105
0;245.52000000000044;23416.471;5.75;99.77116334769721;4.4629746835443065;0.17417721518987223;1.82;4.46637221111818;4.822953527481754
0;247.3189999999995;23418.27;5.754599999999999;98.00869362492655;4.47417721518987;0.22829113924050629;1.83575;4.479997611291764;4.841524208312906
0;248.40899999999965;23419.36;5.75115;89.83687724755532;4.502531645569619;0.25588607594936746;1.9565000000000001;4.50979699135345;4.915908985449246
0;249.0089999999982;23419.96;5.754599999999999;84.43582589267808;4.513101265822782;0.23379746835442963;2.058;4.519153050271714;4.965693133066132
0;249.60900000000038;23420.56;5.75115;81.52166381239931;4.500189873417718;0.22151898734177214;2.12975;4.5056386404775415;4.983634679735696
0;250.20999999999913;23421.161;5.75345;78.0593678741017;4.509303797468352;0.2001898734177222;2.19625;4.513745309970591;5.019702260670597
0;250.80999999999767;23421.761;5.75345;75.16484126662229;4.501012658227847;0.22018987341772236;2.26275;4.506395292235582;5.042582284145992
0;251.41100000000006;23422.362;5.754599999999999;73.34883498597543;4.462658227848101;0.19911392405063205;2.3345000000000002;4.467098030414286;5.040322912605024
0;252.0099999999984;23422.961;5.75115;68.69321611266597;4.444810126582279;0.21487341772151783;2.44475;4.4500008592147156;5.077332981941573
0;252.60900000000038;23423.56;5.755749999999999;66.37445137537885;4.433291139240509;0.22329113924050578;2.50425;4.438910818898228;5.0965868304809385
0;253.20999999999913;23424.161;5.75115;63.34092756380097;4.427405063291141;0.22531645569620268;2.57425;4.433134680975024;5.12634822872613
0;253.3199999999997;23424.271;5.75115;62.019386196277026;4.446518987341772;0.21639240506329183;2.5935;4.4517813039007175;5.152145089936809
0;253.91899999999805;23424.87;5.75115;59.319128581145954;4.455886075949368;0.24335443037974674;2.6495;4.462526425762083;5.189796946955142
0;254.52000000000044;23425.471;5.75115;58.52390444539325;4.465696202531645;0.27481012658227927;2.66;4.47414384871315;5.205147757650855
0;256.91999999999825;23427.871;5.75345;58.10780746392093;4.433164556962027;0.3994936708860749;2.674;4.451128304394556;5.192573464302875
0;257.52000000000044;23428.471;5.75345;55.53591677952558;4.446898734177217;0.4139240506329109;2.72825;4.466121524513108;5.2335064282199255
0;258.119999999999;23429.071;5.75345;50.86820510237677;4.4480379746835474;0.4340506329113926;2.84725;4.469165668909321;5.299082405346958
0;258.7199999999975;23429.671;5.75115;47.060395874391155;4.448417721518989;0.45101265822784836;2.9505;4.471222723484701;5.356984496244687
0;259.3199999999997;23430.271;5.75115;46.72829227709367;4.466202531645571;0.44069620253164515;2.9539999999999997;4.487892400292494;5.372829254368979
0;259.91999999999825;23430.871;5.75115;45.66691086938204;4.488797468354426;0.38265822784810255;2.98375;4.5050782491811345;5.403563092418276
0;260.52000000000044;23431.471;5.75345;44.84450311578147;4.514177215189874;0.36101265822784856;3.00125;4.528589854418276;5.432828695259969
0;261.119999999999;23432.071;5.75345;47.54069030745942;4.4816455696202535;0.3903164556962026;2.93125;4.498610223978523;5.369331476988927
0;261.7199999999975;23432.671;5.75345;50.91525231466476;4.48018987341772;0.38854430379746896;2.83675;4.497006557465548;5.31697456646053
0;262.3199999999997;23433.271;5.75;51.919909812863686;4.471962025316454;0.42563291139240467;2.8070000000000004;4.492171827872663;5.2970611409660755
0;262.91999999999825;23433.871;5.75115;52.82891386120769;4.497151898734177;0.4751898734177221;2.7615000000000003;4.522187591872673;5.29868501291473
0;272.6409999999996;23443.592;5.754599999999999;52.06459089037488;4.448987341772151;0.697278481012658;2.7615000000000003;4.503297197313558;5.282572091068152
0;272.6949999999997;23443.646;5.75;53.35600918225193;4.391202531645567;0.6693670886075945;2.7615000000000003;4.441926606016971;5.230353164294114
0;273.29499999999825;23444.246;5.75115;53.590806045908515;4.397088607594936;0.6251265822784816;2.7632499999999998;4.441302901954825;5.230747750504927
0;273.89500000000044;23444.846;5.75345;53.35742694095911;4.422215189873416;0.5989873417721517;2.7632499999999998;4.46259711615898;5.248840213194763
0;274.494999999999;23445.446;5.75345;53.130430785960066;4.446012658227849;0.5697468354430385;2.7632499999999998;4.482369910395573;5.265661456656668
0;275.5849999999991;23446.536;5.75;52.84020672847313;4.4709493670886085;0.5379746835443038;2.7632499999999998;4.503199418547287;5.2834037859797
0;276.24099999999817;23447.192;5.75345;55.33639468804221;4.473417721518987;0.4737974683544297;2.709;4.498438634928701;5.2511552207318335
0;276.29499999999825;23447.246;5.754599999999999;56.100264269680935;4.446835443037977;0.4477215189873425;2.709;4.469317623085553;5.226230095970048
0;276.89600000000064;23447.847;5.75115;61.5252160425782;4.448101265822783;0.43841772151898684;2.576;4.469654904973777;5.158836203016737
0;277.4959999999992;23448.447;5.75345;64.430033786579;4.441962025316455;0.458417721518987;2.5095;4.465554102432992;5.122378714206528
0;278.0949999999975;23449.046;5.75345;67.38937341631852;4.459873417721516;0.4642405063291144;2.429;4.483970355590647;5.0996108821963775
0;278.6959999999999;23449.647;5.754599999999999;70.32590167996453;4.464936708860763;0.43474683544303794;2.366;4.486052231646452;5.0717472950710105
0;279.29499999999825;23450.246;5.75115;73.56544122641776;4.47873417721519;0.3951898734177215;2.29075;4.496135548024252;5.046064845868248
0;279.89600000000064;23450.847;5.754599999999999;77.09627065065565;4.477088607594936;0.3503797468354431;2.226;4.490778147186614;5.012201548945217
0;280.4959999999992;23451.447;5.75345;80.80462473966526;4.486772151898736;0.2928481012658234;2.149;4.4963189781719235;4.983481248431563
0;281.0949999999975;23452.046;5.75345;83.97174711363978;4.49101265822785;0.2385443037974687;2.08775;4.49734344710708;4.958305975203325
0;281.6959999999999;23452.647;5.748849999999999;86.75065935949783;4.492088607594938;0.20139240506329037;2.0335;4.496600822766171;4.935032037312564
0;282.29499999999825;23453.246;5.75115;89.57891402578832;4.498670886075949;0.198734177215189;1.97225;4.5030584067298935;4.916025333226098
0;282.89400000000023;23453.845;5.75115;93.33616746243175;4.505506329113925;0.1580379746835452;1.8952499999999999;4.50827719679344;4.890453541914872
0;283.494999999999;23454.446;5.755749999999999;94.46920307127758;4.522531645569621;0.1217721518987346;1.8585;4.524170746353049;4.89102680345924
0;284.5839999999989;23455.535;5.75345;89.09673313291695;4.560063291139243;0.14531645569620202;1.9215000000000002;4.562378117987566;4.950500615240015
0;285.1849999999977;23456.136;5.75115;85.841478038899;4.546772151898734;0.16797468354430356;2.00025;4.54987389886727;4.970146130456694
0;285.78600000000006;23456.737;5.75345;79.27181557688435;4.548607594936708;0.15487341772151916;2.1385;4.551243437592923;5.028618008780608
0;285.89600000000064;23456.847;5.754599999999999;86.58568547557635;4.533417721518986;0.1189240506329126;2.00375;4.534977306183718;4.957926303415706
0;286.494999999999;23457.446;5.754599999999999;89.42589624077443;4.543607594936711;0.14031645569620335;1.9337499999999999;4.545773716817162;4.93998458975387
0;287.09599999999773;23458.047;5.754599999999999;93.56433764259555;4.549430379746833;0.09594936708860703;1.84625;4.550442073162576;4.910719104541424
0;287.6949999999997;23458.646;5.75;96.18095227426245;4.542911392405061;0.10683544303797574;1.799;4.544167440921693;4.887316107142325
0;288.78499999999985;23459.736;5.755749999999999;91.7299620456224;4.561455696202533;0.07930379746835353;1.87075;4.562145017501246;4.930808526318118
0;288.89500000000044;23459.846;5.75345;99.44164628864824;4.541012658227848;0.11398734177215292;1.73775;4.5424430735310075;4.86349299770955
0;289.4959999999992;23460.447;5.75115;103.90187275738094;4.545506329113925;0.06867088607594987;1.645;4.546025019575806;4.834497748330142
0;290.09599999999773;23461.047;5.75345;106.35792828361969;4.560316455696202;0.053734177215191005;1.57675;4.560633019427738;4.825506615931074
0;290.6949999999997;23461.646;5.754599999999999;109.34093841018213;4.565443037974684;0.07297468354430327;1.5085;4.5660262195293955;4.8087594748988955
0;291.29599999999846;23462.247;5.75345;111.21328614395755;4.564303797468353;0.12227848101265745;1.4682499999999998;4.565941434414462;4.796204670883301
0;292.3859999999986;23463.337;5.75345;106.47445751254887;4.583291139240506;0.1211392405063301;1.5365;4.584891752553269;4.835500453172452
0;292.4959999999992;23463.447;5.75345;110.46575303201337;4.5756962025316446;0.10905063291139143;1.4665;4.576995496873565;4.806194963627764
0;293.5849999999991;23464.536;5.75345;109.54330188316546;4.582848101265822;0.13892405063291274;1.47175;4.5849532834174;4.815375860057032
0;293.6949999999997;23464.646;5.754599999999999;111.08069970914153;4.570506329113924;0.12715189873417634;1.46125;4.572274675675351;4.800098673186015
0;294.29599999999846;23465.247;5.75345;113.4635917816151;4.580063291139237;0.13164556962025395;1.3947500000000002;4.58195485648231;4.789534201709162
0;294.89600000000064;23465.847;5.754599999999999;114.98376876222738;4.584050632911392;0.14841772151898727;1.3545;4.586452662478512;4.782281701777534
0;295.4939999999988;23466.445;5.754599999999999;116.48582541309938;4.584050632911392;0.1572151898734183;1.32125;4.58674577680323;4.773252390511344
0;296.0949999999975;23467.046;5.75345;117.69349172834023;4.581708860759491;0.14468354430379754;1.30025;4.583992736987521;4.764833625138904
0;297.18399999999747;23468.135;5.754599999999999;120.28344808366008;4.579240506329112;0.14303797468354373;1.2494999999999998;4.581473941539652;4.748805505283078
0;297.29399999999805;23468.245;5.75345;118.76876435968775;4.603164556962026;0.1443670886075953;1.2355;4.605427862288632;4.768272857623024
0;297.89400000000023;23468.845;5.75115;122.38271943587034;4.594113924050632;0.1666455696202538;1.1672500000000001;4.5971353572665175;4.743008123072314
0;298.9850000000006;23469.936;5.754599999999999;122.27185203534627;4.584493670886076;0.14107594936708764;1.1952500000000001;4.586663781212256;4.7398425294923365
0;299.5839999999989;23470.535;5.75345;124.06287908226713;4.574936708860762;0.15392405063291062;1.1725;4.577525368957007;4.725303667855113
0;300.18399999999747;23471.135;5.75345;124.01440389400737;4.57626582278481;0.16715189873417666;1.169;4.579317486049507;4.726172832010989
0;300.29399999999805;23471.245;5.75345;127.22915473181321;4.596012658227849;0.2233544303797466;1.0394999999999999;4.601436683923933;4.717391207665618
0;300.89500000000044;23471.846;5.75115;130.6682559578768;4.600443037974684;0.22797468354430403;0.9380000000000001;4.606088210400108;4.700626830752135
0;301.494999999999;23472.446;5.754599999999999;135.07281986284661;4.597974683544305;0.2378481012658234;0.8242499999999999;4.604122382147342;4.677320918249047
0;302.0939999999973;23473.045;5.75115;139.42246898593882;4.594936708860761;0.2429746835443037;0.6965;4.601356327788538;4.653771836401051
0;302.6949999999997;23473.646;5.754599999999999;142.64533064191897;4.600696202531644;0.221962025316456;0.5705;4.606047404084295;4.641243684474203
0;303.29499999999825;23474.246;5.75345;144.51981154281626;4.594810126582279;0.2624683544303792;0.50225;4.6023004830650125;4.629624693095591
0;303.89500000000044;23474.846;5.758049999999999;145.0295028224706;4.603227848101269;0.2627848101265832;0.43925000000000003;4.610722554867979;4.631598324603322
0;304.4959999999992;23475.447;5.75345;144.91065788400005;4.603924050632909;0.24348101265822658;0.4445;4.61035786761952;4.631736166657294
0;305.0949999999975;23476.046;5.75115;144.95677438119864;4.6037341772151885;0.22759493670886097;0.448;4.609356552673564;4.631076746251861
0;305.6949999999997;23476.646;5.754599999999999;142.6572328494816;4.612531645569619;0.2110759493670891;0.518;4.617358686281843;4.646323841251531
0;306.29499999999825;23477.246;5.75345;144.34710109950623;4.593481012658228;0.25215189873417776;0.5215;4.600396547438809;4.629860758563578
0;306.89500000000044;23477.846;5.75345;141.16246339758771;4.60626582278481;0.27379746835443;0.57925;4.61439593921379;4.650610760570349
0;307.494999999999;23478.446;5.75345;142.0792297072031;4.609683544303795;0.2887974683544296;0.518;4.618721290179039;4.647677953166842
0;308.0949999999975;23479.046;5.75115;145.16061646595242;4.594493670886077;0.29626582278481084;0.4515;4.604035787172227;4.626121245661703
0;308.6939999999995;23479.645;5.754599999999999;146.01828851763617;4.598481012658228;0.28234177215189954;0.399;4.607140599122206;4.624385959246927
0;309.29499999999825;23480.246;5.75345;144.58260779395894;4.599683544303798;0.3165822784810132;0.43925000000000003;4.610565371707398;4.631441849930471
0;309.89500000000044;23480.846;5.75;145.08429309145384;4.599936708860757;0.32531645569620166;0.399;4.611425866461638;4.628655260642282
0;310.4939999999988;23481.445;5.75345;146.0730435012161;4.588354430379745;0.3147468354430388;0.434;4.599137087455302;4.619569022020002
0;311.0949999999975;23482.046;5.75115;146.27276443469202;4.588417721518988;0.33854430379746947;0.40075;4.600890069626009;4.618310296556872
0;311.6939999999995;23482.645;5.75115;145.49591117019676;4.593164556962026;0.34930379746835477;0.4025;4.606427443285954;4.623978810532978
0;312.29499999999825;23483.246;5.75345;145.20905631222269;4.587215189873414;0.3749999999999989;0.43574999999999997;4.602517593470489;4.623099205155064
0;312.89500000000044;23483.846;5.754599999999999;145.55093834641934;4.589873417721518;0.37069620253164554;0.40775;4.604818526856188;4.622836113013092
0;313.9850000000006;23484.936;5.75345;143.03646003849656;4.590316455696205;0.42354430379746877;0.47950000000000004;4.609815065782429;4.634686094086056
0;314.0949999999975;23485.046;5.75345;146.2255425068004;4.57512658227848;0.43582278481012626;0.399;4.5958377629797615;4.613125376968505
0;314.6939999999995;23485.645;5.75115;145.868561660938;4.58613924050633;0.4375316455696191;0.336;4.606962890472077;4.6191993975349055
0;315.29499999999825;23486.246;5.755749999999999;147.662349011716;4.581962025316455;0.43272151898734107;0.2625;4.602349825299765;4.609829732694775
0;315.89500000000044;23486.846;5.75345;148.80707982387008;4.572974683544302;0.4439240506329102;0.23275;4.594471244775337;4.600362874987955
0;316.4939999999988;23487.445;5.75345;148.9639847108138;4.568417721518986;0.457215189873417;0.24325000000000002;4.591240160146244;4.597679498468733
0;317.0949999999975;23488.046;5.75345;149.44293548255675;4.565822784810129;0.46075949367088614;0.22225;4.589012640350773;4.594391371639901
0;317.6949999999997;23488.646;5.75345;149.301905270016;4.569113924050633;0.4458860759493663;0.2275;4.5908187116982635;4.596452185509918
0;318.29499999999825;23489.246;5.75115;148.89647574294887;4.5745569620253175;0.41322784810126556;0.2555;4.593182845615957;4.600283567701093
0;318.89500000000044;23489.846;5.754599999999999;150.01532896892678;4.564873417721519;0.42341772151898716;0.2555;4.584468550084827;4.591582748542911
0;319.494999999999;23490.446;5.755749999999999;149.78421270087367;4.5710126582278505;0.38791139240506267;0.27125;4.587442857413798;4.5954552040616035
0;320.09599999999773;23491.047;5.75345;149.00050303202045;4.582088607594939;0.3698734177215186;0.24325000000000002;4.596992751026297;4.6034240425457575
0;320.6959999999999;23491.647;5.754599999999999;149.71749901074202;4.569430379746835;0.4142405063291149;0.24849999999999997;4.588168391900749;4.594892973991571
0;321.29399999999805;23492.245;5.75115;150.62384477847235;4.55740506329114;0.4344303797468357;0.25375;4.5780640740119285;4.58509102725984
0;321.89500000000044;23492.846;5.75;150.5641180146196;4.55740506329114;0.4393670886075954;0.24674999999999997;4.578535175082008;4.5851793762036435
0;322.4939999999988;23493.445;5.75115;150.57373330485038;4.563037974683544;0.4065189873417723;0.24674999999999997;4.581110481692565;4.58775095313308
0;323.0949999999975;23494.046;5.75115;150.2879525914638;4.567911392405064;0.39715189873417756;0.23450000000000001;4.585143849382714;4.59113650086034
0;323.6949999999997;23494.646;5.75115;150.7880680459032;4.56139240506329;0.40721518987341937;0.24500000000000002;4.5795332604789225;4.5860821933141045
0;324.29399999999805;23495.245;5.75115;150.63120781017022;4.563354430379746;0.39493670886075827;0.25725;4.580412499030216;4.5876307854678355
0;324.89500000000044;23495.846;5.754599999999999;151.16901361214207;4.562721518987342;0.38284810126582136;0.24849999999999997;4.57875532524648;4.585493711529108
0;325.4939999999988;23496.445;5.75345;150.296784424824;4.558607594936709;0.4473417721518977;0.252;4.580504106070275;4.58743085677884
0;326.0939999999973;23497.045;5.75345;150.4273075610499;4.5548734177215175;0.46063291139240453;0.2555;4.5781059981747845;4.585230068439744
0;326.6939999999995;23497.645;5.754599999999999;149.85280799024878;4.559873417721518;0.4591772151898731;0.25725;4.582934573021182;4.590148893346799
0;327.29399999999805;23498.245;5.755749999999999;150.637205500076;4.545822784810124;0.4647468354430373;0.32025;4.569517962756376;4.580726413403576
0;327.89400000000023;23498.845;5.75115;147.9637628931468;4.56645569620253;0.408987341772153;0.38675;4.584734263957987;4.60101769542461
0;328.4939999999988;23499.445;5.754599999999999;146.10312380258634;4.570506329113924;0.43044303797468275;0.441;4.590730803849351;4.611864082278586
0;329.0939999999973;23500.045;5.754599999999999;143.8819405725021;4.576772151898734;0.4270253164556971;0.511;4.596650296823748;4.624966481099063
0;329.6939999999995;23500.645;5.75115;141.80587137096003;4.586012658227848;0.37810126582278414;0.58275;4.601572847260255;4.638326231642493
0;330.29399999999805;23501.245;5.75345;142.3618421910834;4.572531645569619;0.4221518987341764;0.59325;4.591977556058008;4.63014075788636
0;330.89400000000023;23501.845;5.75115;143.20273261497655;4.567215189873416;0.43531645569620164;0.57225;4.58791401480132;4.623464617547144
