,CellName,CompNum,substrate & drug,SurroundingThickness,EChadwick
342,21-01-18_M1_P1_C6,10,20um fibronectin discs & doxycyclin,223.437727620881,12979.8715880842
302,21-01-18_M1_P1_C3,2,20um fibronectin discs & doxycyclin,1120.7966953055,890.720936149482
303,21-01-18_M1_P1_C3,3,20um fibronectin discs & doxycyclin,1080.25591106197,949.667915889261
304,21-01-18_M1_P1_C3,4,20um fibronectin discs & doxycyclin,1019.5970315077301,963.030362725006
305,21-01-18_M1_P1_C3,5,20um fibronectin discs & doxycyclin,951.7019774430029,1016.72986802013
306,21-01-18_M1_P1_C3,6,20um fibronectin discs & doxycyclin,911.863048011444,1038.10355485061
307,21-01-18_M1_P1_C3,7,20um fibronectin discs & doxycyclin,870.7988616887891,1088.1306001631401
308,21-01-18_M1_P1_C3,8,20um fibronectin discs & doxycyclin,828.5182930354939,1188.72079973002
309,21-01-18_M1_P1_C3,9,20um fibronectin discs & doxycyclin,801.2744801355369,1086.38484006599
310,21-01-18_M1_P1_C3,10,20um fibronectin discs & doxycyclin,768.7660849017349,1606.3890978528
311,21-01-18_M1_P1_C3,11,20um fibronectin discs & doxycyclin,909.3410654093609,925.11202590516
312,21-01-18_M1_P1_C4,1,20um fibronectin discs & doxycyclin,919.782977769979,782.749103417051
313,21-01-18_M1_P1_C4,2,20um fibronectin discs & doxycyclin,907.228677207469,797.048288794826
314,21-01-18_M1_P1_C4,3,20um fibronectin discs & doxycyclin,878.634323927918,740.526051916361
315,21-01-18_M1_P1_C4,4,20um fibronectin discs & doxycyclin,838.149545486324,777.9806846460369
301,21-01-18_M1_P1_C3,1,20um fibronectin discs & doxycyclin,1122.43449171583,881.520578072391
316,21-01-18_M1_P1_C4,5,20um fibronectin discs & doxycyclin,838.055819131032,631.29398996342
318,21-01-18_M1_P1_C4,7,20um fibronectin discs & doxycyclin,729.037593458116,720.362213713748
319,21-01-18_M1_P1_C4,8,20um fibronectin discs & doxycyclin,721.070008324333,776.393645046107
320,21-01-18_M1_P1_C4,9,20um fibronectin discs & doxycyclin,694.359882195495,843.4823348877251
321,21-01-18_M1_P1_C4,10,20um fibronectin discs & doxycyclin,784.802264870385,721.785129580401
601,21-01-18_M3_P1_C6,16,20um fibronectin discs & doxycyclin,146.296681602276,28599.424119967003
343,21-01-18_M1_P1_C6,11,20um fibronectin discs & doxycyclin,202.839512056203,16410.9865493828
344,21-01-18_M1_P1_C7,1,20um fibronectin discs & doxycyclin,222.45302256757003,62030.647294477
345,21-01-18_M1_P1_C7,2,20um fibronectin discs & doxycyclin,232.656772487644,78855.9551856756
346,21-01-18_M1_P1_C7,3,20um fibronectin discs & doxycyclin,222.175482194532,60956.6997618534
347,21-01-18_M1_P1_C7,4,20um fibronectin discs & doxycyclin,215.33878828601001,87497.4379058464
348,21-01-18_M1_P1_C7,5,20um fibronectin discs & doxycyclin,219.995738312853,80225.5637552033
349,21-01-18_M1_P1_C7,6,20um fibronectin discs & doxycyclin,201.294916158493,76553.94402616231
350,21-01-18_M1_P1_C7,7,20um fibronectin discs & doxycyclin,224.523335061287,34146.199330949305
351,21-01-18_M1_P1_C7,8,20um fibronectin discs & doxycyclin,227.055108575853,30715.9433270785
317,21-01-18_M1_P1_C4,6,20um fibronectin discs & doxycyclin,781.5422120204739,732.7398513308591
300,21-01-18_M1_P1_C2,12,20um fibronectin discs & doxycyclin,505.928150186825,679.780705584373
299,21-01-18_M1_P1_C2,11,20um fibronectin discs & doxycyclin,482.561205703953,1051.88225230791
298,21-01-18_M1_P1_C2,10,20um fibronectin discs & doxycyclin,490.79353679397497,923.2866416201559
812,21-01-21_M2_P1_C10,7,20um fibronectin discs & doxycyclin,290.695465106487,3900.56564786344
810,21-01-21_M2_P1_C10,5,20um fibronectin discs & doxycyclin,291.136332941662,3814.49335399289
809,21-01-21_M2_P1_C10,4,20um fibronectin discs & doxycyclin,297.916769687979,3327.09389267419
808,21-01-21_M2_P1_C10,3,20um fibronectin discs & doxycyclin,221.833285224572,9577.46150662875
807,21-01-21_M2_P1_C10,2,20um fibronectin discs & doxycyclin,220.04334779321601,3421.71179054305
806,21-01-21_M2_P1_C10,1,20um fibronectin discs & doxycyclin,296.36733529800097,2622.37916792249
805,21-01-21_M2_P1_C5,10,20um fibronectin discs & doxycyclin,25.7669786589822,3052.6778946552504
804,21-01-21_M2_P1_C5,9,20um fibronectin discs & doxycyclin,19.6401766836243,2179.09564543112
803,21-01-21_M2_P1_C5,8,20um fibronectin discs & doxycyclin,31.0449305032953,2379.36618837695
802,21-01-21_M2_P1_C5,7,20um fibronectin discs & doxycyclin,45.5544112012267,2545.40484583061
795,21-01-21_M2_P1_C1,11,20um fibronectin discs & doxycyclin,506.91382656345496,1384.7973124378
793,21-01-21_M2_P1_C1,9,20um fibronectin discs & doxycyclin,358.21003679260497,1821.7547349101603
792,21-01-21_M2_P1_C1,8,20um fibronectin discs & doxycyclin,383.570340061669,2613.09030465963
791,21-01-21_M2_P1_C1,7,20um fibronectin discs & doxycyclin,406.219510839451,2447.0719515842898
790,21-01-21_M2_P1_C1,6,20um fibronectin discs & doxycyclin,339.458960386924,4719.2734266308
789,21-01-21_M2_P1_C1,5,20um fibronectin discs & doxycyclin,421.68848948236604,1799.7830434954399
788,21-01-21_M2_P1_C1,4,20um fibronectin discs & doxycyclin,342.44453625583697,3602.0191614475702
297,21-01-18_M1_P1_C2,9,20um fibronectin discs & doxycyclin,510.104090181724,817.963852715611
296,21-01-18_M1_P1_C2,8,20um fibronectin discs & doxycyclin,514.8673253519539,1103.22509780093
295,21-01-18_M1_P1_C2,7,20um fibronectin discs & doxycyclin,505.662029365913,988.608777330126
294,21-01-18_M1_P1_C2,6,20um fibronectin discs & doxycyclin,503.443102700076,903.705776176214
293,21-01-18_M1_P1_C2,5,20um fibronectin discs & doxycyclin,519.816818764747,929.246115716497
292,21-01-18_M1_P1_C2,4,20um fibronectin discs & doxycyclin,536.583352415861,827.3658940206641
352,21-01-18_M1_P1_C7,9,20um fibronectin discs & doxycyclin,216.12557629225898,72846.1263254263
291,21-01-18_M1_P1_C2,3,20um fibronectin discs & doxycyclin,596.651664327931,846.562123548636
289,21-01-18_M1_P1_C2,1,20um fibronectin discs & doxycyclin,678.217628592932,632.113191233831
287,21-01-18_M1_P1_C1,10,20um fibronectin discs & doxycyclin,96.1996701670387,4761.08472744925
286,21-01-18_M1_P1_C1,9,20um fibronectin discs & doxycyclin,99.3083934427805,4838.93855865585
279,21-01-18_M1_P1_C1,2,20um fibronectin discs & doxycyclin,116.165085931756,4308.23844328662
278,21-01-18_M1_P1_C1,1,20um fibronectin discs & doxycyclin,119.68228515673701,3836.6701054294604
787,21-01-21_M2_P1_C1,3,20um fibronectin discs & doxycyclin,337.728459583573,3150.91862355706
290,21-01-18_M1_P1_C2,2,20um fibronectin discs & doxycyclin,633.393817359297,767.16779805039
353,21-01-18_M1_P1_C7,10,20um fibronectin discs & doxycyclin,220.246131778177,79401.5786189029
354,21-01-18_M1_P1_C8,1,20um fibronectin discs & doxycyclin,131.32866679699498,134940.525257859
356,21-01-18_M1_P1_C8,3,20um fibronectin discs & doxycyclin,143.84669195783002,53037.483341902305
560,21-01-18_M3_P1_C4,5,20um fibronectin discs & doxycyclin,115.323013533618,7078.4412528783
561,21-01-18_M3_P1_C4,6,20um fibronectin discs & doxycyclin,144.157467144003,4944.02804445886
562,21-01-18_M3_P1_C4,7,20um fibronectin discs & doxycyclin,124.17073708011499,5530.3725595183305
563,21-01-18_M3_P1_C4,8,20um fibronectin discs & doxycyclin,101.579321609375,6776.15365945125
564,21-01-18_M3_P1_C4,9,20um fibronectin discs & doxycyclin,138.870642863166,5938.960576706109
565,21-01-18_M3_P1_C4,10,20um fibronectin discs & doxycyclin,130.516957131505,7354.746998362241
566,21-01-18_M3_P1_C4,11,20um fibronectin discs & doxycyclin,152.60407640045202,5309.33128622944
567,21-01-18_M3_P1_C4,12,20um fibronectin discs & doxycyclin,155.86481081709601,5567.927154208211
568,21-01-18_M3_P1_C4,13,20um fibronectin discs & doxycyclin,147.590308412236,6586.44873156646
569,21-01-18_M3_P1_C4,14,20um fibronectin discs & doxycyclin,121.119454301301,5478.967607730429
570,21-01-18_M3_P1_C4,15,20um fibronectin discs & doxycyclin,102.978270094831,8153.009808380121
571,21-01-18_M3_P1_C5,1,20um fibronectin discs & doxycyclin,500.324675446289,3277.8148622059
572,21-01-18_M3_P1_C5,2,20um fibronectin discs & doxycyclin,561.841380685923,2593.6957325636604
573,21-01-18_M3_P1_C5,3,20um fibronectin discs & doxycyclin,590.364035029968,4644.36445750624
574,21-01-18_M3_P1_C5,4,20um fibronectin discs & doxycyclin,690.9610019057491,1470.38355675995
575,21-01-18_M3_P1_C5,5,20um fibronectin discs & doxycyclin,602.076982860885,4853.78292375765
576,21-01-18_M3_P1_C5,6,20um fibronectin discs & doxycyclin,483.524263998052,5003.98043804595
594,21-01-18_M3_P1_C6,9,20um fibronectin discs & doxycyclin,155.789106078593,12579.4210900227
592,21-01-18_M3_P1_C6,7,20um fibronectin discs & doxycyclin,146.451551321752,11404.668322328798
588,21-01-18_M3_P1_C6,3,20um fibronectin discs & doxycyclin,184.767171986655,10482.6387029982
587,21-01-18_M3_P1_C6,2,20um fibronectin discs & doxycyclin,204.15154719884399,9415.6251214642
586,21-01-18_M3_P1_C6,1,20um fibronectin discs & doxycyclin,236.380807307724,9570.59666117176
585,21-01-18_M3_P1_C5,15,20um fibronectin discs & doxycyclin,532.867224267331,5262.13509998803
559,21-01-18_M3_P1_C4,4,20um fibronectin discs & doxycyclin,83.8248570613359,9876.57569153246
584,21-01-18_M3_P1_C5,14,20um fibronectin discs & doxycyclin,477.712829985223,4820.66644692775
582,21-01-18_M3_P1_C5,12,20um fibronectin discs & doxycyclin,414.588474226267,6301.227212523941
581,21-01-18_M3_P1_C5,11,20um fibronectin discs & doxycyclin,386.712702822908,7453.42656945625
580,21-01-18_M3_P1_C5,10,20um fibronectin discs & doxycyclin,432.63467194180197,4397.99142340677
579,21-01-18_M3_P1_C5,9,20um fibronectin discs & doxycyclin,427.41533698771,6650.4348570652
578,21-01-18_M3_P1_C5,8,20um fibronectin discs & doxycyclin,447.39118523865,3303.30952834618
577,21-01-18_M3_P1_C5,7,20um fibronectin discs & doxycyclin,447.49706060199895,4548.24341893611
583,21-01-18_M3_P1_C5,13,20um fibronectin discs & doxycyclin,515.885900717965,7815.05028714525
813,21-01-21_M2_P1_C10,8,20um fibronectin discs & doxycyclin,227.85193797927002,2978.3427219999394
558,21-01-18_M3_P1_C4,3,20um fibronectin discs & doxycyclin,77.14711062194509,11251.7056821843
556,21-01-18_M3_P1_C4,1,20um fibronectin discs & doxycyclin,79.1454645290978,10574.2795265161
357,21-01-18_M1_P1_C8,4,20um fibronectin discs & doxycyclin,152.271112047425,132023.361040733
358,21-01-18_M1_P1_C8,5,20um fibronectin discs & doxycyclin,157.88127633691002,99321.23224987561
359,21-01-18_M1_P1_C8,6,20um fibronectin discs & doxycyclin,167.89147603139799,126844.582963215
361,21-01-18_M1_P1_C8,8,20um fibronectin discs & doxycyclin,176.36284061571098,73454.38999846019
362,21-01-18_M1_P1_C8,9,20um fibronectin discs & doxycyclin,195.689551223592,52842.6955361897
364,21-01-18_M1_P1_C9,1,20um fibronectin discs & doxycyclin,241.247387417037,14903.5274927274
365,21-01-18_M1_P1_C9,2,20um fibronectin discs & doxycyclin,229.272882932953,24064.048251421
366,21-01-18_M1_P1_C9,3,20um fibronectin discs & doxycyclin,252.457207377203,13226.8566671373
367,21-01-18_M1_P1_C9,4,20um fibronectin discs & doxycyclin,226.508558345823,20036.9187561678
368,21-01-18_M1_P1_C9,5,20um fibronectin discs & doxycyclin,207.585051002294,25123.939054609302
369,21-01-18_M1_P1_C9,6,20um fibronectin discs & doxycyclin,205.890299864458,27914.8139005789
370,21-01-18_M1_P1_C9,7,20um fibronectin discs & doxycyclin,191.39551055717098,46812.8302823007
371,21-01-18_M1_P1_C9,8,20um fibronectin discs & doxycyclin,193.920728360993,42536.4202886591
612,21-01-18_M3_P1_C7,10,20um fibronectin discs & doxycyclin,215.121570360374,47122.705166067404
610,21-01-18_M3_P1_C7,8,20um fibronectin discs & doxycyclin,208.88989224857,31912.794416158198
605,21-01-18_M3_P1_C7,3,20um fibronectin discs & doxycyclin,186.07106555162102,24625.769635689303
603,21-01-18_M3_P1_C7,1,20um fibronectin discs & doxycyclin,189.697926102433,29310.257385207
553,21-01-18_M3_P1_C3,9,20um fibronectin discs & doxycyclin,225.847425279509,23645.5666863445
552,21-01-18_M3_P1_C3,8,20um fibronectin discs & doxycyclin,225.638396090214,19201.419711166498
551,21-01-18_M3_P1_C3,7,20um fibronectin discs & doxycyclin,227.907274292221,13347.6566372548
550,21-01-18_M3_P1_C3,6,20um fibronectin discs & doxycyclin,253.281397910136,18419.2112216689
549,21-01-18_M3_P1_C3,5,20um fibronectin discs & doxycyclin,251.481372113255,18672.0480827567
547,21-01-18_M3_P1_C3,3,20um fibronectin discs & doxycyclin,201.67345450644402,12399.6380350563
557,21-01-18_M3_P1_C4,2,20um fibronectin discs & doxycyclin,77.0612283356068,16412.3493250653
546,21-01-18_M3_P1_C3,2,20um fibronectin discs & doxycyclin,197.737888857067,10370.982349927099
543,21-01-18_M3_P1_C2,14,20um fibronectin discs & doxycyclin,103.583913206101,80495.7941323698
539,21-01-18_M3_P1_C2,10,20um fibronectin discs & doxycyclin,103.424410695678,34093.92771346
524,21-01-18_M3_P1_C1,7,20um fibronectin discs & doxycyclin,131.236859189207,40252.5136188941
520,21-01-18_M3_P1_C1,3,20um fibronectin discs & doxycyclin,132.199167748739,43411.6137095342
519,21-01-18_M3_P1_C1,2,20um fibronectin discs & doxycyclin,135.89370515614402,30281.6364359392
518,21-01-18_M3_P1_C1,1,20um fibronectin discs & doxycyclin,149.015873351592,17401.9925952671
544,21-01-18_M3_P1_C2,15,20um fibronectin discs & doxycyclin,80.22240380225229,34875.3382772768
814,21-01-21_M2_P1_C10,9,20um fibronectin discs & doxycyclin,170.476646143557,9709.29883842735
602,21-01-18_M3_P1_C6,17,20um fibronectin discs & doxycyclin,146.812567682522,38665.6950022928
816,21-01-21_M2_P1_C2,1,20um fibronectin discs & doxycyclin,196.202640218936,8955.260989741591
907,21-01-21_M2_P1_C6,7,20um fibronectin discs & doxycyclin,198.63328511597803,16368.1741812323
905,21-01-21_M2_P1_C6,5,20um fibronectin discs & doxycyclin,243.27988754245098,9505.512394254749
904,21-01-21_M2_P1_C6,4,20um fibronectin discs & doxycyclin,258.587670787905,7291.10393635243
903,21-01-21_M2_P1_C6,3,20um fibronectin discs & doxycyclin,171.782276584748,34443.8133237831
902,21-01-21_M2_P1_C6,2,20um fibronectin discs & doxycyclin,159.826297336417,56859.768687711396
901,21-01-21_M2_P1_C6,1,20um fibronectin discs & doxycyclin,169.834790998403,32719.4269379136
899,21-01-21_M2_P1_C4,18,20um fibronectin discs & doxycyclin,177.033324850313,31885.1817286502
898,21-01-21_M2_P1_C4,17,20um fibronectin discs & doxycyclin,200.627068257219,35545.3210756323
897,21-01-21_M2_P1_C4,16,20um fibronectin discs & doxycyclin,179.365455535469,33820.358962584796
891,21-01-21_M2_P1_C4,10,20um fibronectin discs & doxycyclin,162.214051876291,40682.0974276889
890,21-01-21_M2_P1_C4,9,20um fibronectin discs & doxycyclin,174.627503097486,31196.0304305902
888,21-01-21_M2_P1_C4,7,20um fibronectin discs & doxycyclin,177.817628069021,62301.1833452389
885,21-01-21_M2_P1_C4,4,20um fibronectin discs & doxycyclin,179.782965650176,23428.1904130829
884,21-01-21_M2_P1_C4,3,20um fibronectin discs & doxycyclin,176.39970783946498,22038.4686113387
883,21-01-21_M2_P1_C4,2,20um fibronectin discs & doxycyclin,160.82382766538,42680.953157615695
882,21-01-21_M2_P1_C4,1,20um fibronectin discs & doxycyclin,156.948176425681,24312.474032476097
881,21-01-21_M2_P1_C3-2,22,20um fibronectin discs & doxycyclin,431.380958713292,40700.744408101804
908,21-01-21_M2_P1_C6,8,20um fibronectin discs & doxycyclin,187.604984503407,38973.3715178122
909,21-01-21_M2_P1_C6,9,20um fibronectin discs & doxycyclin,213.10997056738498,19664.1131968532
913,21-01-21_M2_P1_C7,1,20um fibronectin discs & doxycyclin,241.664109163125,5749.156157640639
914,21-01-21_M2_P1_C7,2,20um fibronectin discs & doxycyclin,280.174247359294,4411.57392554574
815,21-01-21_M2_P1_C10,10,20um fibronectin discs & doxycyclin,211.580577053488,6730.091269467691
940,21-01-21_M2_P1_C9,7,20um fibronectin discs & doxycyclin,192.371045122875,75282.4912366375
934,21-01-21_M2_P1_C9,1,20um fibronectin discs & doxycyclin,176.68686778371102,47491.0268984272
933,21-01-21_M2_P1_C8,11,20um fibronectin discs & doxycyclin,715.867229719389,1668.7626280541501
932,21-01-21_M2_P1_C8,10,20um fibronectin discs & doxycyclin,633.637968478047,1353.6735655981802
930,21-01-21_M2_P1_C8,8,20um fibronectin discs & doxycyclin,897.591461134911,1219.42256208458
926,21-01-21_M2_P1_C8,4,20um fibronectin discs & doxycyclin,671.717853170317,1836.3739253189603
925,21-01-21_M2_P1_C8,3,20um fibronectin discs & doxycyclin,669.909373771746,1629.94326632603
880,21-01-21_M2_P1_C3-2,21,20um fibronectin discs & doxycyclin,495.054482477576,27785.5342430207
924,21-01-21_M2_P1_C8,2,20um fibronectin discs & doxycyclin,774.149071608992,887.620679491038
922,21-01-21_M2_P1_C7,10,20um fibronectin discs & doxycyclin,340.718974702952,3716.7813228757705
921,21-01-21_M2_P1_C7,9,20um fibronectin discs & doxycyclin,325.694402404824,4415.63867859646
920,21-01-21_M2_P1_C7,8,20um fibronectin discs & doxycyclin,356.906910223849,3085.9066485988105
919,21-01-21_M2_P1_C7,7,20um fibronectin discs & doxycyclin,355.195824121764,8554.157682345642
918,21-01-21_M2_P1_C7,6,20um fibronectin discs & doxycyclin,347.167357888056,4220.26387994441
917,21-01-21_M2_P1_C7,5,20um fibronectin discs & doxycyclin,336.97647393104097,4986.20641373757
916,21-01-21_M2_P1_C7,4,20um fibronectin discs & doxycyclin,374.91837898948194,3837.8970053931703
915,21-01-21_M2_P1_C7,3,20um fibronectin discs & doxycyclin,343.32850003354304,4130.60760902381
923,21-01-21_M2_P1_C8,1,20um fibronectin discs & doxycyclin,879.5353936025219,1334.86643252186
878,21-01-21_M2_P1_C3-2,19,20um fibronectin discs & doxycyclin,533.80451873777,63043.297291874806
906,21-01-21_M2_P1_C6,6,20um fibronectin discs & doxycyclin,240.92246240271598,10225.721536719
875,21-01-21_M2_P1_C3-2,16,20um fibronectin discs & doxycyclin,443.110355340285,84514.477885185
839,21-01-21_M2_P1_C3-1,2,20um fibronectin discs & doxycyclin,146.72910838293,35245.6748626618
838,21-01-21_M2_P1_C3-1,1,20um fibronectin discs & doxycyclin,158.403080407244,25160.951903365
834,21-01-21_M2_P1_C11,7,20um fibronectin discs & doxycyclin,120.002495856514,39211.9870275284
833,21-01-21_M2_P1_C11,6,20um fibronectin discs & doxycyclin,124.89990396686599,35170.2298051125
832,21-01-21_M2_P1_C11,5,20um fibronectin discs & doxycyclin,109.68594918900999,20470.8198603558
831,21-01-21_M2_P1_C11,4,20um fibronectin discs & doxycyclin,99.9215020730053,37264.012825159596
829,21-01-21_M2_P1_C11,2,20um fibronectin discs & doxycyclin,173.508392874645,21933.2157754367
840,21-01-21_M2_P1_C3-1,3,20um fibronectin discs & doxycyclin,148.33813039997102,29347.4721787469
827,21-01-21_M2_P1_C2,12,20um fibronectin discs & doxycyclin,201.36616366380798,6065.636057795839
825,21-01-21_M2_P1_C2,10,20um fibronectin discs & doxycyclin,237.91998026492402,8645.968466861801
824,21-01-21_M2_P1_C2,9,20um fibronectin discs & doxycyclin,194.269682160859,14876.6496411199
823,21-01-21_M2_P1_C2,8,20um fibronectin discs & doxycyclin,183.529668267364,17349.3279464214
822,21-01-21_M2_P1_C2,7,20um fibronectin discs & doxycyclin,171.426958665324,23662.1406976293
821,21-01-21_M2_P1_C2,6,20um fibronectin discs & doxycyclin,177.638235142415,13172.6415844117
877,21-01-21_M2_P1_C3-2,18,20um fibronectin discs & doxycyclin,484.957176675153,62718.343244113
817,21-01-21_M2_P1_C2,2,20um fibronectin discs & doxycyclin,171.878465042494,24339.807675622298
826,21-01-21_M2_P1_C2,11,20um fibronectin discs & doxycyclin,350.253351641009,3047.58910984151
845,21-01-21_M2_P1_C3-1,8,20um fibronectin discs & doxycyclin,156.491316900226,21876.2478722228
818,21-01-21_M2_P1_C2,3,20um fibronectin discs & doxycyclin,163.487417078315,36080.988727731696
859,21-01-21_M2_P1_C3-1,22,20um fibronectin discs & doxycyclin,148.155282861194,36198.218833942
873,21-01-21_M2_P1_C3-2,14,20um fibronectin discs & doxycyclin,446.76047818742205,40893.1616349192
866,21-01-21_M2_P1_C3-2,7,20um fibronectin discs & doxycyclin,491.71092049750297,21592.7782260877
858,21-01-21_M2_P1_C3-1,21,20um fibronectin discs & doxycyclin,143.531860978044,32227.2346231638
857,21-01-21_M2_P1_C3-1,20,20um fibronectin discs & doxycyclin,149.98065742361499,29155.0349549252
856,21-01-21_M2_P1_C3-1,19,20um fibronectin discs & doxycyclin,144.768420413279,31779.481654451498
855,21-01-21_M2_P1_C3-1,18,20um fibronectin discs & doxycyclin,203.320376995186,5870.52111528088
854,21-01-21_M2_P1_C3-1,17,20um fibronectin discs & doxycyclin,182.47114595591998,16710.2228752839
852,21-01-21_M2_P1_C3-1,15,20um fibronectin discs & doxycyclin,184.127419786871,14700.2685226028
853,21-01-21_M2_P1_C3-1,16,20um fibronectin discs & doxycyclin,185.110671051058,15373.6786172426
850,21-01-21_M2_P1_C3-1,13,20um fibronectin discs & doxycyclin,160.880113535521,30420.4836325603
849,21-01-21_M2_P1_C3-1,12,20um fibronectin discs & doxycyclin,165.373935239198,32333.782854318302
851,21-01-21_M2_P1_C3-1,14,20um fibronectin discs & doxycyclin,171.303823616304,14582.069260325301
874,21-01-21_M2_P1_C3-2,15,20um fibronectin discs & doxycyclin,450.482447911518,70868.3064150713
618,21-01-21_M1_P1_C1,5,20um fibronectin discs & none,1274.71742450227,548.257568914216
621,21-01-21_M1_P1_C1,8,20um fibronectin discs & none,1176.3977173481699,622.798335268796
623,21-01-21_M1_P1_C7,2,20um fibronectin discs & none,229.214351124514,6741.6814371724595
624,21-01-21_M1_P1_C7,3,20um fibronectin discs & none,197.174419200149,3787.8171875836797
625,21-01-21_M1_P1_C7,4,20um fibronectin discs & none,159.382653142839,4734.12063839096
620,21-01-21_M1_P1_C1,7,20um fibronectin discs & none,1186.65518384925,564.7015200503799
626,21-01-21_M1_P1_C7,5,20um fibronectin discs & none,218.38550480367698,4884.75199912976
628,21-01-21_M1_P1_C7,7,20um fibronectin discs & none,166.538212519283,17684.9725714915
619,21-01-21_M1_P1_C1,6,20um fibronectin discs & none,1383.0525400557501,633.357339131112
655,21-01-21_M1_P1_C11,5,20um fibronectin discs & none,315.366386705336,4683.86922851534
616,21-01-21_M1_P1_C1,3,20um fibronectin discs & none,1311.18044160462,415.6183868696
615,21-01-21_M1_P1_C1,2,20um fibronectin discs & none,1308.83802344344,608.008706248283
629,21-01-21_M1_P1_C7,8,20um fibronectin discs & none,158.489105446212,12658.705655034399
614,21-01-21_M1_P1_C1,1,20um fibronectin discs & none,1272.38979222263,781.47664063867
953,21-01-21_M3_P1_C1,10,20um fibronectin discs & none,252.334022761214,1772.20435527149
954,21-01-21_M3_P1_C1,11,20um fibronectin discs & none,165.47970294869302,4865.12547072605
955,21-01-21_M3_P1_C1,12,20um fibronectin discs & none,139.977411827052,4852.013853726729
956,21-01-21_M3_P1_C1,13,20um fibronectin discs & none,209.131710250575,7350.9180753415085
957,21-01-21_M3_P1_C2,1,20um fibronectin discs & none,240.103846534431,10505.9681197885
617,21-01-21_M1_P1_C1,4,20um fibronectin discs & none,1178.16809177387,542.501981498131
630,21-01-21_M1_P1_C7,9,20um fibronectin discs & none,215.291324859337,8261.331984479599
637,21-01-21_M1_P1_C14,6,20um fibronectin discs & none,102.80140312573201,8295.671522351291
632,21-01-21_M1_P1_C14,1,20um fibronectin discs & none,134.543056787878,4654.105354851779
656,21-01-21_M1_P1_C11,6,20um fibronectin discs & none,311.327049471935,4685.35558765524
657,21-01-21_M1_P1_C11,7,20um fibronectin discs & none,304.708457045592,8601.98183242297
653,21-01-21_M1_P1_C11,3,20um fibronectin discs & none,308.676229950681,4800.84075825745
958,21-01-21_M3_P1_C2,2,20um fibronectin discs & none,240.391196139965,8754.17517324557
652,21-01-21_M1_P1_C11,2,20um fibronectin discs & none,336.61158916017,4869.3881159925795
651,21-01-21_M1_P1_C11,1,20um fibronectin discs & none,324.36767663308,4985.86931715201
647,21-01-21_M1_P1_C10,6,20um fibronectin discs & none,326.569000633332,6067.21155841141
646,21-01-21_M1_P1_C10,5,20um fibronectin discs & none,298.731370904703,5524.269195510179
645,21-01-21_M1_P1_C10,4,20um fibronectin discs & none,338.279825739543,3134.1962019617304
631,21-01-21_M1_P1_C7,10,20um fibronectin discs & none,206.730318353447,6412.82536100078
644,21-01-21_M1_P1_C10,3,20um fibronectin discs & none,302.627422471456,5388.120308845349
641,21-01-21_M1_P1_C14,10,20um fibronectin discs & none,131.116424827721,13811.6289129118
640,21-01-21_M1_P1_C14,9,20um fibronectin discs & none,113.8350875682,7812.8188210116
639,21-01-21_M1_P1_C14,8,20um fibronectin discs & none,119.240224593096,12760.8141686698
638,21-01-21_M1_P1_C14,7,20um fibronectin discs & none,101.972359138996,9339.870847608921
654,21-01-21_M1_P1_C11,4,20um fibronectin discs & none,287.338631504528,8450.97134009125
636,21-01-21_M1_P1_C14,5,20um fibronectin discs & none,117.605651018844,7452.63428569343
635,21-01-21_M1_P1_C14,4,20um fibronectin discs & none,142.718992132028,6252.000775459611
634,21-01-21_M1_P1_C14,3,20um fibronectin discs & none,164.119564871091,5983.00983947205
633,21-01-21_M1_P1_C14,2,20um fibronectin discs & none,136.333801059057,5525.44099321178
642,21-01-21_M1_P1_C10,1,20um fibronectin discs & none,273.780343067311,6899.92123187315
959,21-01-21_M3_P1_C2,3,20um fibronectin discs & none,248.933390441153,8560.75694354513
1008,21-01-21_M3_P1_C6,12,20um fibronectin discs & none,365.40532525903296,5411.63658704371
961,21-01-21_M3_P1_C2,5,20um fibronectin discs & none,228.010621764083,10007.3541352661
992,21-01-21_M3_P1_C5,8,20um fibronectin discs & none,740.218666833377,788.009489323858
993,21-01-21_M3_P1_C5,9,20um fibronectin discs & none,665.975360316835,932.123056994123
994,21-01-21_M3_P1_C5,10,20um fibronectin discs & none,767.7191023048609,717.577293126456
995,21-01-21_M3_P1_C5,11,20um fibronectin discs & none,669.8572523415551,713.851740294319
997,21-01-21_M3_P1_C6,1,20um fibronectin discs & none,229.22423692200402,6551.888963351899
998,21-01-21_M3_P1_C6,2,20um fibronectin discs & none,184.56801117988,19124.3062569854
999,21-01-21_M3_P1_C6,3,20um fibronectin discs & none,210.14864604016603,13213.365154308998
1000,21-01-21_M3_P1_C6,4,20um fibronectin discs & none,254.803062494535,8231.8256824198
1001,21-01-21_M3_P1_C6,5,20um fibronectin discs & none,266.287500902745,4988.14021373928
991,21-01-21_M3_P1_C5,7,20um fibronectin discs & none,815.256210605567,932.470694719616
1002,21-01-21_M3_P1_C6,6,20um fibronectin discs & none,236.672662870353,7563.680015238449
658,21-01-21_M1_P1_C11,8,20um fibronectin discs & none,302.658126484211,11300.472579546102
1009,21-01-21_M3_P1_C6,13,20um fibronectin discs & none,556.5114490689309,3540.91206835065
1010,21-01-21_M3_P1_C6,14,20um fibronectin discs & none,500.625686729948,2558.18535685177
1011,21-01-21_M3_P1_C7,1,20um fibronectin discs & none,182.310010135321,33172.9937492285
1012,21-01-21_M3_P1_C7,2,20um fibronectin discs & none,181.770526749271,56017.8220717165
1013,21-01-21_M3_P1_C7,3,20um fibronectin discs & none,184.714474421339,46313.527698547405
1014,21-01-21_M3_P1_C7,4,20um fibronectin discs & none,182.75518116729302,72166.1901890486
1015,21-01-21_M3_P1_C7,5,20um fibronectin discs & none,179.427741332595,51433.016866827005
1016,21-01-21_M3_P1_C7,6,20um fibronectin discs & none,182.967498636212,75978.63267679
1004,21-01-21_M3_P1_C6,8,20um fibronectin discs & none,214.945321890145,8783.518625886221
960,21-01-21_M3_P1_C2,4,20um fibronectin discs & none,220.221310155915,7635.726042933259
990,21-01-21_M3_P1_C5,6,20um fibronectin discs & none,824.409140136564,933.0185441193249
988,21-01-21_M3_P1_C5,4,20um fibronectin discs & none,801.811299157657,866.3721942617401
962,21-01-21_M3_P1_C2,6,20um fibronectin discs & none,185.467970614342,13904.6280615422
963,21-01-21_M3_P1_C2,7,20um fibronectin discs & none,216.53360217148702,12280.8209232533
964,21-01-21_M3_P1_C2,8,20um fibronectin discs & none,234.20484192526902,15320.108940793101
966,21-01-21_M3_P1_C2,10,20um fibronectin discs & none,189.98075202615502,27668.697118905402
969,21-01-21_M3_P1_C3,3,20um fibronectin discs & none,223.16697740074798,16070.667934994899
970,21-01-21_M3_P1_C3,4,20um fibronectin discs & none,216.83482465827402,13106.669719636899
971,21-01-21_M3_P1_C3,5,20um fibronectin discs & none,190.249220492024,35253.300964572794
973,21-01-21_M3_P1_C3,7,20um fibronectin discs & none,263.074322803419,7981.61305895728
974,21-01-21_M3_P1_C3,8,20um fibronectin discs & none,239.68653945548198,18033.192510902
989,21-01-21_M3_P1_C5,5,20um fibronectin discs & none,762.122414353724,965.077859669842
975,21-01-21_M3_P1_C3,9,20um fibronectin discs & none,293.755190862402,4596.98326108116
977,21-01-21_M3_P1_C4,1,20um fibronectin discs & none,1320.69370809297,565.590860632304
978,21-01-21_M3_P1_C4,2,20um fibronectin discs & none,1237.1356414361999,849.549566387963
979,21-01-21_M3_P1_C4,3,20um fibronectin discs & none,1107.49129028302,1319.53804224502
980,21-01-21_M3_P1_C4,4,20um fibronectin discs & none,1059.2547483606802,596.853017612491
981,21-01-21_M3_P1_C4,5,20um fibronectin discs & none,1107.7173012646401,517.430246228429
982,21-01-21_M3_P1_C4,6,20um fibronectin discs & none,1116.39863289098,989.9615584929289
985,21-01-21_M3_P1_C5,1,20um fibronectin discs & none,570.016927425866,1227.2931161076199
986,21-01-21_M3_P1_C5,2,20um fibronectin discs & none,831.54083584607,1086.24107063679
987,21-01-21_M3_P1_C5,3,20um fibronectin discs & none,921.3715364700191,923.078055599208
976,21-01-21_M3_P1_C3,10,20um fibronectin discs & none,293.865036947866,4456.97670540165
659,21-01-21_M1_P1_C11,9,20um fibronectin discs & none,339.940580038598,8678.38978175091
719,21-01-21_M1_P1_C2,9,20um fibronectin discs & none,725.731460053451,1440.2082216284
661,21-01-21_M1_P1_C11,11,20um fibronectin discs & none,323.802570955137,9056.64229423662
759,21-01-21_M1_P1_C6,8,20um fibronectin discs & none,300.053031273344,4555.72734648402
758,21-01-21_M1_P1_C6,7,20um fibronectin discs & none,312.863671065333,3394.8220725023903
757,21-01-21_M1_P1_C6,6,20um fibronectin discs & none,330.970005341155,3413.9895760062
753,21-01-21_M1_P1_C6,2,20um fibronectin discs & none,437.929921229686,1828.33882980795
751,21-01-21_M1_P1_C5,10,20um fibronectin discs & none,697.161551877083,6496.6843749324
750,21-01-21_M1_P1_C5,9,20um fibronectin discs & none,617.842943119642,9482.58941894222
749,21-01-21_M1_P1_C5,8,20um fibronectin discs & none,664.605328677459,2464.96142006013
748,21-01-21_M1_P1_C5,7,20um fibronectin discs & none,799.816750407319,1460.0971825310098
747,21-01-21_M1_P1_C5,6,20um fibronectin discs & none,910.9331161972699,1197.9651951773199
760,21-01-21_M1_P1_C6,9,20um fibronectin discs & none,256.056206242433,4545.68306405607
746,21-01-21_M1_P1_C5,5,20um fibronectin discs & none,884.888010968009,1341.53371911888
744,21-01-21_M1_P1_C5,3,20um fibronectin discs & none,867.339766712626,1222.9961462783501
743,21-01-21_M1_P1_C5,2,20um fibronectin discs & none,885.801997064503,1093.10829246192
742,21-01-21_M1_P1_C5,1,20um fibronectin discs & none,992.1995557417889,1015.06306398695
741,21-01-21_M1_P1_C4,11,20um fibronectin discs & none,157.259494427666,7671.776520193629
740,21-01-21_M1_P1_C4,10,20um fibronectin discs & none,183.435469298199,6799.6753041109605
739,21-01-21_M1_P1_C4,9,20um fibronectin discs & none,173.307369607041,7022.41050456547
738,21-01-21_M1_P1_C4,8,20um fibronectin discs & none,206.00863609438701,5582.93049493268
737,21-01-21_M1_P1_C4,7,20um fibronectin discs & none,178.47329101448997,13489.9391725191
735,21-01-21_M1_P1_C4,5,20um fibronectin discs & none,174.245971975859,23551.2321112593
745,21-01-21_M1_P1_C5,4,20um fibronectin discs & none,818.098905737368,1046.3820987202698
734,21-01-21_M1_P1_C4,4,20um fibronectin discs & none,167.254811596993,12138.5328592219
762,21-01-21_M1_P1_C6,11,20um fibronectin discs & none,253.45367404845902,4393.8801530215005
764,21-01-21_M1_P1_C8,1,20um fibronectin discs & none,128.17597606225402,62722.104670354296
782,21-01-21_M1_P1_C9,8,20um fibronectin discs & none,-6.52870915032418,2181.96968226715
781,21-01-21_M1_P1_C9,7,20um fibronectin discs & none,17.3342540200501,3802.02590398077
780,21-01-21_M1_P1_C9,6,20um fibronectin discs & none,4.10246018824182,2992.59989911835
775,21-01-21_M1_P1_C9,1,20um fibronectin discs & none,18.1794500433853,7834.75138192693
774,21-01-21_M1_P1_C8,11,20um fibronectin discs & none,135.845978801782,25202.0882069014
773,21-01-21_M1_P1_C8,10,20um fibronectin discs & none,122.844963870648,28958.425308426802
772,21-01-21_M1_P1_C8,9,20um fibronectin discs & none,138.301041760049,17126.585649465902
944,21-01-21_M3_P1_C1,1,20um fibronectin discs & none,600.106246276091,1169.99319192798
945,21-01-21_M3_P1_C1,2,20um fibronectin discs & none,510.351917896948,1166.5711630310302
763,21-01-21_M1_P1_C6,12,20um fibronectin discs & none,282.951396695998,3011.36747161247
946,21-01-21_M3_P1_C1,3,20um fibronectin discs & none,499.30959908015603,1267.99394690893
949,21-01-21_M3_P1_C1,6,20um fibronectin discs & none,414.91546158643206,1307.2400280443699
950,21-01-21_M3_P1_C1,7,20um fibronectin discs & none,331.416268842294,1351.66878392794
951,21-01-21_M3_P1_C1,8,20um fibronectin discs & none,276.077951417816,1838.29767554066
770,21-01-21_M1_P1_C8,7,20um fibronectin discs & none,136.348496209046,24746.572053841002
769,21-01-21_M1_P1_C8,6,20um fibronectin discs & none,132.380038090168,27604.5490600602
768,21-01-21_M1_P1_C8,5,20um fibronectin discs & none,141.485233758703,25930.576389048198
767,21-01-21_M1_P1_C8,4,20um fibronectin discs & none,178.891904125133,9040.624728063109
766,21-01-21_M1_P1_C8,3,20um fibronectin discs & none,146.622954300148,22690.3638102873
765,21-01-21_M1_P1_C8,2,20um fibronectin discs & none,133.435855364555,49891.8280221395
947,21-01-21_M3_P1_C1,4,20um fibronectin discs & none,475.853204362797,1434.62495379538
660,21-01-21_M1_P1_C11,10,20um fibronectin discs & none,343.81650687428396,7815.7668848419
732,21-01-21_M1_P1_C4,2,20um fibronectin discs & none,153.686961304878,24661.079025109302
730,21-01-21_M1_P1_C3,10,20um fibronectin discs & none,135.75043836928998,7965.1522562929
699,21-01-21_M1_P1_C15,4,20um fibronectin discs & none,322.616674669184,4547.90618836823
698,21-01-21_M1_P1_C15,3,20um fibronectin discs & none,335.924561443802,3570.07615319009
697,21-01-21_M1_P1_C15,2,20um fibronectin discs & none,274.70824883908796,5542.48727177544
696,21-01-21_M1_P1_C15,1,20um fibronectin discs & none,325.91844923813,3036.93600757889
695,21-01-21_M1_P1_C13,16,20um fibronectin discs & none,195.799888430839,27518.8417350694
694,21-01-21_M1_P1_C13,15,20um fibronectin discs & none,198.80397348138698,42174.1357613181
693,21-01-21_M1_P1_C13,14,20um fibronectin discs & none,195.28760047427502,21550.9253678135
692,21-01-21_M1_P1_C13,13,20um fibronectin discs & none,191.124363930376,24444.3037888126
691,21-01-21_M1_P1_C13,12,20um fibronectin discs & none,198.548658976203,14696.398673433201
700,21-01-21_M1_P1_C15,5,20um fibronectin discs & none,306.625683180983,4553.25432582884
690,21-01-21_M1_P1_C13,11,20um fibronectin discs & none,204.68379147591,14800.091535731599
688,21-01-21_M1_P1_C13,9,20um fibronectin discs & none,244.049797465816,10953.577216834301
687,21-01-21_M1_P1_C13,8,20um fibronectin discs & none,236.83390178065602,10434.9117988619
684,21-01-21_M1_P1_C13,5,20um fibronectin discs & none,278.98961910618,7912.39054664391
683,21-01-21_M1_P1_C13,4,20um fibronectin discs & none,238.215492959502,10369.7208160074
682,21-01-21_M1_P1_C13,3,20um fibronectin discs & none,245.112351507998,8670.6058091419
681,21-01-21_M1_P1_C13,2,20um fibronectin discs & none,265.99590463993803,7290.50163297669
680,21-01-21_M1_P1_C13,1,20um fibronectin discs & none,260.081383792592,7747.509606588291
679,21-01-21_M1_P1_C12,17,20um fibronectin discs & none,145.90933144653602,40221.6274263879
662,21-01-21_M1_P1_C11,12,20um fibronectin discs & none,324.772262439387,5460.7347281536795
689,21-01-21_M1_P1_C13,10,20um fibronectin discs & none,204.019610969268,15736.797997616499
731,21-01-21_M1_P1_C4,1,20um fibronectin discs & none,213.086817168232,7518.28967131708
701,21-01-21_M1_P1_C15,6,20um fibronectin discs & none,259.11995653163603,4201.1288301675395
705,21-01-21_M1_P1_C15,10,20um fibronectin discs & none,197.41456028239398,8434.48671733039
729,21-01-21_M1_P1_C3,9,20um fibronectin discs & none,144.07941568664802,8392.937130693459
727,21-01-21_M1_P1_C3,7,20um fibronectin discs & none,161.889048333393,5882.5326545309
726,21-01-21_M1_P1_C3,6,20um fibronectin discs & none,155.816985799917,8623.53779433013
725,21-01-21_M1_P1_C3,5,20um fibronectin discs & none,149.758690386266,11323.4754293023
724,21-01-21_M1_P1_C3,4,20um fibronectin discs & none,175.585976214726,6204.40009891424
723,21-01-21_M1_P1_C3,3,20um fibronectin discs & none,163.85774719786198,6752.2941018948495
722,21-01-21_M1_P1_C3,2,20um fibronectin discs & none,168.485350989577,5088.35007926122
721,21-01-21_M1_P1_C3,1,20um fibronectin discs & none,147.43811526309298,4825.42596325008
718,21-01-21_M1_P1_C2,8,20um fibronectin discs & none,732.023407889729,1506.71336090775
702,21-01-21_M1_P1_C15,7,20um fibronectin discs & none,269.915747008758,3346.3386163621503
717,21-01-21_M1_P1_C2,7,20um fibronectin discs & none,739.719476783468,1392.58315962861
715,21-01-21_M1_P1_C2,5,20um fibronectin discs & none,562.7592760497171,2970.3176290521
714,21-01-21_M1_P1_C2,4,20um fibronectin discs & none,721.581130798638,1329.4904914619099
713,21-01-21_M1_P1_C2,3,20um fibronectin discs & none,865.0336130132471,1068.1118790045
712,21-01-21_M1_P1_C2,2,20um fibronectin discs & none,888.911124645325,988.417819519193
710,21-01-21_M1_P1_C15,15,20um fibronectin discs & none,231.47322477168098,7130.91910625157
709,21-01-21_M1_P1_C15,14,20um fibronectin discs & none,191.392839114827,9832.0247012291
708,21-01-21_M1_P1_C15,13,20um fibronectin discs & none,239.768682289689,5967.415668322829
707,21-01-21_M1_P1_C15,12,20um fibronectin discs & none,299.697166074846,3605.3123310689098
706,21-01-21_M1_P1_C15,11,20um fibronectin discs & none,296.749946225156,2967.92011629508
716,21-01-21_M1_P1_C2,6,20um fibronectin discs & none,664.824206491156,1663.12958051387
511,21-01-18_M2_P1_C10,18,20um fibronectin discs & none,624.67220950262,2102.83129378688
1021,21-01-21_M3_P1_C7,11,20um fibronectin discs & none,187.35883183591,23781.889134009598
516,21-01-18_M2_P1_C10,23,20um fibronectin discs & none,657.901727660543,1813.79506496811
412,21-01-18_M2_P1_C3,15,20um fibronectin discs & none,477.134064369991,2965.66478440127
413,21-01-18_M2_P1_C3,16,20um fibronectin discs & none,445.879804516772,2689.3838579336602
414,21-01-18_M2_P1_C3,17,20um fibronectin discs & none,387.97663973098605,9632.56650050935
416,21-01-18_M2_P1_C3,19,20um fibronectin discs & none,415.07531991038803,3553.7248478930896
418,21-01-18_M2_P1_C4,2,20um fibronectin discs & none,611.075613393469,1705.1658420338001
419,21-01-18_M2_P1_C4,3,20um fibronectin discs & none,637.462952996804,1393.27072635384
420,21-01-18_M2_P1_C4,4,20um fibronectin discs & none,603.402136336735,1756.24016784419
421,21-01-18_M2_P1_C4,5,20um fibronectin discs & none,542.6923847209961,1685.2714493541698
422,21-01-18_M2_P1_C4,6,20um fibronectin discs & none,471.98544349282,2348.4496366184
423,21-01-18_M2_P1_C4,7,20um fibronectin discs & none,429.085537536023,3404.7150186002
424,21-01-18_M2_P1_C4,8,20um fibronectin discs & none,439.149974890144,4545.91257793069
425,21-01-18_M2_P1_C4,9,20um fibronectin discs & none,434.042513856639,2701.09560399222
426,21-01-18_M2_P1_C4,10,20um fibronectin discs & none,445.054448316371,3014.96072201993
427,21-01-18_M2_P1_C4,11,20um fibronectin discs & none,461.707939316836,1943.8405717286898
428,21-01-18_M2_P1_C5,1,20um fibronectin discs & none,631.650040905092,981.1484518658881
429,21-01-18_M2_P1_C5,2,20um fibronectin discs & none,550.4308832034,1582.29809970342
430,21-01-18_M2_P1_C5,3,20um fibronectin discs & none,548.0428387517201,1464.9227535933999
431,21-01-18_M2_P1_C5,4,20um fibronectin discs & none,555.380104200956,1784.38990586187
432,21-01-18_M2_P1_C5,5,20um fibronectin discs & none,579.352888496006,1210.5480630591198
433,21-01-18_M2_P1_C5,6,20um fibronectin discs & none,594.137849448516,1112.08007354782
434,21-01-18_M2_P1_C5,7,20um fibronectin discs & none,612.108245614245,1160.2617926058902
435,21-01-18_M2_P1_C5,8,20um fibronectin discs & none,542.168152584693,1334.97877350081
436,21-01-18_M2_P1_C5,9,20um fibronectin discs & none,471.036073246831,1519.0147143602899
437,21-01-18_M2_P1_C5,10,20um fibronectin discs & none,480.204266184802,1662.3003786619
438,21-01-18_M2_P1_C5,11,20um fibronectin discs & none,574.1279068668811,1583.9776368346697
439,21-01-18_M2_P1_C5,12,20um fibronectin discs & none,635.838377173741,1221.3192739044198
440,21-01-18_M2_P1_C5,13,20um fibronectin discs & none,575.74192043131,1169.8194464006199
411,21-01-18_M2_P1_C3,14,20um fibronectin discs & none,390.697345169551,5943.037780951271
410,21-01-18_M2_P1_C3,13,20um fibronectin discs & none,368.57406987553804,4096.98058921748
409,21-01-18_M2_P1_C3,12,20um fibronectin discs & none,355.293113837113,2687.6913792914497
408,21-01-18_M2_P1_C3,11,20um fibronectin discs & none,485.956885860849,1850.1556897092103
517,21-01-18_M2_P1_C10,24,20um fibronectin discs & none,687.7960562827569,1265.56831451365
375,21-01-18_M2_P1_C1,1,20um fibronectin discs & none,757.243348371824,1119.73154461763
376,21-01-18_M2_P1_C1,2,20um fibronectin discs & none,764.115957235741,1641.04073878078
377,21-01-18_M2_P1_C1,3,20um fibronectin discs & none,707.581133807941,1001.2305368319901
378,21-01-18_M2_P1_C1,4,20um fibronectin discs & none,493.46031927096703,1210.1330232712598
379,21-01-18_M2_P1_C1,5,20um fibronectin discs & none,396.698219929975,1749.4997472576802
380,21-01-18_M2_P1_C1,6,20um fibronectin discs & none,403.302412512056,1527.4959731148801
381,21-01-18_M2_P1_C1,7,20um fibronectin discs & none,456.92681340500997,1199.2986861951401
382,21-01-18_M2_P1_C1,8,20um fibronectin discs & none,409.01379319673106,1732.33894547806
383,21-01-18_M2_P1_C1,9,20um fibronectin discs & none,402.072243086446,1827.04004017978
384,21-01-18_M2_P1_C1,10,20um fibronectin discs & none,434.07771292586403,2677.32374537846
385,21-01-18_M2_P1_C1,11,20um fibronectin discs & none,482.679517599132,1665.3226217079
386,21-01-18_M2_P1_C2,1,20um fibronectin discs & none,332.981906746247,14339.223975292
441,21-01-18_M2_P1_C5,14,20um fibronectin discs & none,471.258856396241,1192.0052052906199
390,21-01-18_M2_P1_C2,5,20um fibronectin discs & none,302.925673348177,18929.3404460479
393,21-01-18_M2_P1_C2,8,20um fibronectin discs & none,339.07925416543,7683.9545744315
395,21-01-18_M2_P1_C2,10,20um fibronectin discs & none,338.69938382211103,10261.3960119561
396,21-01-18_M2_P1_C2,11,20um fibronectin discs & none,299.35897261214,6210.379963210789
398,21-01-18_M2_P1_C3,1,20um fibronectin discs & none,325.49642156747,3513.19813165529
399,21-01-18_M2_P1_C3,2,20um fibronectin discs & none,250.08560041985803,8419.940610028521
400,21-01-18_M2_P1_C3,3,20um fibronectin discs & none,230.181273512222,10806.9178028778
401,21-01-18_M2_P1_C3,4,20um fibronectin discs & none,229.99619772924402,7796.854396662209
402,21-01-18_M2_P1_C3,5,20um fibronectin discs & none,260.181026847985,6554.31267969643
403,21-01-18_M2_P1_C3,6,20um fibronectin discs & none,268.537088777136,9057.04471170098
404,21-01-18_M2_P1_C3,7,20um fibronectin discs & none,241.659707663062,11965.565880551001
405,21-01-18_M2_P1_C3,8,20um fibronectin discs & none,241.72050194184501,11940.569936051299
406,21-01-18_M2_P1_C3,9,20um fibronectin discs & none,293.18311189672,8940.02583894976
407,21-01-18_M2_P1_C3,10,20um fibronectin discs & none,385.688695533964,2909.1455936296
391,21-01-18_M2_P1_C2,6,20um fibronectin discs & none,314.909592174475,8075.381607720491
443,21-01-18_M2_P1_C6,2,20um fibronectin discs & none,257.102839546424,2237.1319652351503
417,21-01-18_M2_P1_C4,1,20um fibronectin discs & none,568.207001788419,1718.51348043576
449,21-01-18_M2_P1_C6,8,20um fibronectin discs & none,239.30802954660598,10096.7517072459
488,21-01-18_M2_P1_C9,10,20um fibronectin discs & none,265.59260550929,4927.87421677937
489,21-01-18_M2_P1_C9,11,20um fibronectin discs & none,257.352908217409,6567.54783563406
490,21-01-18_M2_P1_C9,12,20um fibronectin discs & none,232.25124249683398,6183.46924618896
491,21-01-18_M2_P1_C9,13,20um fibronectin discs & none,248.60129655835,6201.74576998397
492,21-01-18_M2_P1_C9,14,20um fibronectin discs & none,249.644476578303,6008.06253937646
493,21-01-18_M2_P1_C9,15,20um fibronectin discs & none,426.770031353896,1297.45456295531
494,21-01-18_M2_P1_C10,1,20um fibronectin discs & none,560.2419144321201,1710.9240442451
495,21-01-18_M2_P1_C10,2,20um fibronectin discs & none,548.732135028579,1787.05210447817
496,21-01-18_M2_P1_C10,3,20um fibronectin discs & none,547.340162263765,1789.9401968542102
497,21-01-18_M2_P1_C10,4,20um fibronectin discs & none,531.292693959472,2410.4647509554898
498,21-01-18_M2_P1_C10,5,20um fibronectin discs & none,553.1250792317189,1916.1850946132101
499,21-01-18_M2_P1_C10,6,20um fibronectin discs & none,565.070500738938,1638.06033056992
500,21-01-18_M2_P1_C10,7,20um fibronectin discs & none,538.625778961586,1844.8075665093202
487,21-01-18_M2_P1_C9,9,20um fibronectin discs & none,305.974901095056,3784.5522957788003
501,21-01-18_M2_P1_C10,8,20um fibronectin discs & none,561.884297993312,2146.29785180034
503,21-01-18_M2_P1_C10,10,20um fibronectin discs & none,541.282709000384,1738.8531959598802
504,21-01-18_M2_P1_C10,11,20um fibronectin discs & none,614.502400886994,1394.23140814362
505,21-01-18_M2_P1_C10,12,20um fibronectin discs & none,612.6038624657799,1294.34874276271
506,21-01-18_M2_P1_C10,13,20um fibronectin discs & none,517.2394166455761,1475.1502827438198
507,21-01-18_M2_P1_C10,14,20um fibronectin discs & none,490.283862615415,2054.77562407226
508,21-01-18_M2_P1_C10,15,20um fibronectin discs & none,504.20409323687204,1315.7703079899302
509,21-01-18_M2_P1_C10,16,20um fibronectin discs & none,590.747463456364,1869.8635857987601
445,21-01-18_M2_P1_C6,4,20um fibronectin discs & none,218.067002453486,3825.55427844745
1017,21-01-21_M3_P1_C7,7,20um fibronectin discs & none,189.597262936868,40634.4475418868
512,21-01-18_M2_P1_C10,19,20um fibronectin discs & none,592.538933263766,1416.8727661625599
513,21-01-18_M2_P1_C10,20,20um fibronectin discs & none,532.931328865418,2061.0115130538
514,21-01-18_M2_P1_C10,21,20um fibronectin discs & none,575.065710289796,2089.04367683955
515,21-01-18_M2_P1_C10,22,20um fibronectin discs & none,661.881723427558,1651.1082670638598
502,21-01-18_M2_P1_C10,9,20um fibronectin discs & none,545.232258639197,2454.9724000542396
486,21-01-18_M2_P1_C9,8,20um fibronectin discs & none,403.11379958298795,1906.59136033564
510,21-01-18_M2_P1_C10,17,20um fibronectin discs & none,643.5720376733129,1460.11816555916
482,21-01-18_M2_P1_C9,4,20um fibronectin discs & none,336.38051756086,3361.0826822447198
451,21-01-18_M2_P1_C6,10,20um fibronectin discs & none,334.811266143836,2455.27601983855
485,21-01-18_M2_P1_C9,7,20um fibronectin discs & none,362.57756441655897,4469.6440681798995
452,21-01-18_M2_P1_C6,11,20um fibronectin discs & none,308.224465014519,2428.2489705140697
454,21-01-18_M2_P1_C7,2,20um fibronectin discs & none,272.149293013251,9704.946967588041
455,21-01-18_M2_P1_C7,3,20um fibronectin discs & none,267.50580360881304,5661.9270944707605
457,21-01-18_M2_P1_C7,5,20um fibronectin discs & none,270.923303213433,5924.517166689089
458,21-01-18_M2_P1_C7,6,20um fibronectin discs & none,278.533823665761,6484.086647673979
459,21-01-18_M2_P1_C7,7,20um fibronectin discs & none,279.261814625704,10411.3044018576
460,21-01-18_M2_P1_C7,8,20um fibronectin discs & none,274.204086849311,12091.9811017378
462,21-01-18_M2_P1_C7,10,20um fibronectin discs & none,264.50366975785704,13204.108560716699
463,21-01-18_M2_P1_C7,11,20um fibronectin discs & none,265.76584388758,9299.406391374208
464,21-01-18_M2_P1_C8,1,20um fibronectin discs & none,355.093657088033,4738.92773009962
465,21-01-18_M2_P1_C8,2,20um fibronectin discs & none,370.539951588934,4188.95482998884
466,21-01-18_M2_P1_C8,3,20um fibronectin discs & none,358.56234905283094,3953.27199685055
453,21-01-18_M2_P1_C7,1,20um fibronectin discs & none,264.805282694551,8123.740089821959
468,21-01-18_M2_P1_C8,5,20um fibronectin discs & none,261.749939575264,8468.29203676255
467,21-01-18_M2_P1_C8,4,20um fibronectin discs & none,317.27473333585704,5113.6749351343
481,21-01-18_M2_P1_C9,3,20um fibronectin discs & none,308.790953024401,4915.68721313645
478,21-01-18_M2_P1_C8,15,20um fibronectin discs & none,297.790395912315,4871.42653211758
477,21-01-18_M2_P1_C8,14,20um fibronectin discs & none,222.62040585521302,11629.8026581885
476,21-01-18_M2_P1_C8,13,20um fibronectin discs & none,193.778494031267,16348.497457029
479,21-01-18_M2_P1_C9,1,20um fibronectin discs & none,314.808717847549,5287.62778645823
473,21-01-18_M2_P1_C8,10,20um fibronectin discs & none,221.33927712393998,5868.42548069514
469,21-01-18_M2_P1_C8,6,20um fibronectin discs & none,250.587883499528,8327.11750915477
475,21-01-18_M2_P1_C8,12,20um fibronectin discs & none,168.631978625464,19292.4720588178
470,21-01-18_M2_P1_C8,7,20um fibronectin discs & none,255.649210184772,7768.60552944847
480,21-01-18_M2_P1_C9,2,20um fibronectin discs & none,336.38154365137,3965.0070102309996
471,21-01-18_M2_P1_C8,8,20um fibronectin discs & none,234.128595262935,10041.7679056212
472,21-01-18_M2_P1_C8,9,20um fibronectin discs & none,236.82867874905102,11361.440944656699
186,20-08-05_M1_P1_C7,8,BSA coated glass & doxycyclin,175.770043202996,52348.281149622
171,20-08-05_M1_P1_C6,6,BSA coated glass & doxycyclin,47.959027253386004,6752.61627325457
169,20-08-05_M1_P1_C6,4,BSA coated glass & doxycyclin,80.63689948615591,5036.55691524355
179,20-08-05_M1_P1_C7,1,BSA coated glass & doxycyclin,186.759935018807,77542.6771516958
180,20-08-05_M1_P1_C7,2,BSA coated glass & doxycyclin,172.90344236776198,69109.0627922223
181,20-08-05_M1_P1_C7,3,BSA coated glass & doxycyclin,170.72105723244698,70638.0399537263
182,20-08-05_M1_P1_C7,4,BSA coated glass & doxycyclin,173.07150492950902,54777.39021244599
183,20-08-05_M1_P1_C7,5,BSA coated glass & doxycyclin,176.308484224906,61776.5331592992
184,20-08-05_M1_P1_C7,6,BSA coated glass & doxycyclin,171.117357036786,78186.94172229481
170,20-08-05_M1_P1_C6,5,BSA coated glass & doxycyclin,50.0388125396075,7014.1147710818705
178,20-08-05_M1_P1_C6,13,BSA coated glass & doxycyclin,14.9145308289644,3181.6261770439696
191,20-08-05_M1_P1_C7,13,BSA coated glass & doxycyclin,160.705923959887,79240.4490437377
188,20-08-05_M1_P1_C7,10,BSA coated glass & doxycyclin,175.386468090482,73258.57208082611
189,20-08-05_M1_P1_C7,11,BSA coated glass & doxycyclin,170.832546516756,81645.13496376081
190,20-08-05_M1_P1_C7,12,BSA coated glass & doxycyclin,169.506919950864,46928.12296253
193,20-08-05_M1_P1_C7,15,BSA coated glass & doxycyclin,171.641249306806,46961.9906927696
194,20-08-05_M1_P1_C8,1,BSA coated glass & doxycyclin,154.52950844559402,56439.4507842763
196,20-08-05_M1_P1_C8,3,BSA coated glass & doxycyclin,179.97056697468702,33105.9767451484
197,20-08-05_M1_P1_C8,4,BSA coated glass & doxycyclin,165.289528206559,62415.9920250208
200,20-08-05_M1_P1_C8,7,BSA coated glass & doxycyclin,133.302778722714,12250.9264145672
201,20-08-05_M1_P1_C8,8,BSA coated glass & doxycyclin,111.923668372727,4333.95081055209
168,20-08-05_M1_P1_C6,3,BSA coated glass & doxycyclin,91.9110036516713,6649.90817392152
204,20-08-05_M1_P1_C32,1,BSA coated glass & doxycyclin,160.619646602492,7747.89307193098
187,20-08-05_M1_P1_C7,9,BSA coated glass & doxycyclin,179.813234887957,73047.3296727885
167,20-08-05_M1_P1_C6,2,BSA coated glass & doxycyclin,116.017597698351,8293.66152170908
139,20-08-05_M1_P1_C3,7,BSA coated glass & doxycyclin,21.7753461336106,24675.067258029198
164,20-08-05_M1_P1_C5,9,BSA coated glass & doxycyclin,93.6316172804027,10569.0712114675
205,20-08-05_M1_P1_C32,2,BSA coated glass & doxycyclin,213.200802346443,6131.1865106101795
127,20-08-04_M2_P1_C5,1,BSA coated glass & doxycyclin,36.7703661913765,17977.433916610502
128,20-08-04_M2_P1_C5,2,BSA coated glass & doxycyclin,25.788626019771105,11038.496312585
129,20-08-04_M2_P1_C5,3,BSA coated glass & doxycyclin,16.1038977523249,13623.4236025213
130,20-08-04_M2_P1_C5,4,BSA coated glass & doxycyclin,18.0100681764925,19394.0574217657
131,20-08-04_M2_P1_C5,5,BSA coated glass & doxycyclin,38.084763676105496,13349.3058691196
132,20-08-04_M2_P1_C5,6,BSA coated glass & doxycyclin,27.3996153662083,9720.06960591067
133,20-08-05_M1_P1_C3,1,BSA coated glass & doxycyclin,50.7391616324467,22614.703360452404
134,20-08-05_M1_P1_C3,2,BSA coated glass & doxycyclin,55.574186660450295,15905.409812523201
135,20-08-05_M1_P1_C3,3,BSA coated glass & doxycyclin,60.1614875627411,22913.946992449703
136,20-08-05_M1_P1_C3,4,BSA coated glass & doxycyclin,59.45845797852961,18008.4309859435
137,20-08-05_M1_P1_C3,5,BSA coated glass & doxycyclin,48.3073851442805,14532.7062727671
140,20-08-05_M1_P1_C3,8,BSA coated glass & doxycyclin,34.467002983891696,16003.805663798601
141,20-08-05_M1_P1_C3,9,BSA coated glass & doxycyclin,34.7373896587878,17938.259623621398
142,20-08-05_M1_P1_C3,10,BSA coated glass & doxycyclin,39.2270333324104,16036.181977223301
146,20-08-05_M1_P1_C4,4,BSA coated glass & doxycyclin,-3.15624845490493,11195.6022189169
147,20-08-05_M1_P1_C4,5,BSA coated glass & doxycyclin,14.093814246761198,2890.73314769861
157,20-08-05_M1_P1_C5,2,BSA coated glass & doxycyclin,73.01913292550309,31095.2370187171
158,20-08-05_M1_P1_C5,3,BSA coated glass & doxycyclin,87.14313227079309,21276.450256000502
159,20-08-05_M1_P1_C5,4,BSA coated glass & doxycyclin,96.599920650393,17964.3533541023
160,20-08-05_M1_P1_C5,5,BSA coated glass & doxycyclin,123.616246861083,22249.7889963583
161,20-08-05_M1_P1_C5,6,BSA coated glass & doxycyclin,83.8901339095119,4531.869640100171
162,20-08-05_M1_P1_C5,7,BSA coated glass & doxycyclin,121.547983034475,18102.3824395778
166,20-08-05_M1_P1_C6,1,BSA coated glass & doxycyclin,89.56223093249079,4367.82780601477
206,20-08-05_M1_P1_C32,3,BSA coated glass & doxycyclin,232.90107634882003,5942.75623933728
251,20-08-07_M1_P1_C7,7,BSA coated glass & doxycyclin,260.056475270881,5407.618508907321
208,20-08-05_M1_P1_C32,5,BSA coated glass & doxycyclin,189.63215041100702,5864.52533895371
248,20-08-07_M1_P1_C7,4,BSA coated glass & doxycyclin,237.77772307516003,5329.59568979081
249,20-08-07_M1_P1_C7,5,BSA coated glass & doxycyclin,239.97911082137998,7434.75514177201
250,20-08-07_M1_P1_C7,6,BSA coated glass & doxycyclin,267.80284334585497,4235.775014168979
252,20-08-07_M1_P1_C7,8,BSA coated glass & doxycyclin,189.02253632421198,7035.61142671212
253,20-08-07_M1_P1_C7,9,BSA coated glass & doxycyclin,283.71355695529303,7459.01509392116
255,20-08-07_M1_P1_C7,11,BSA coated glass & doxycyclin,269.969244281758,7248.95858289515
256,20-08-07_M1_P1_C7,12,BSA coated glass & doxycyclin,238.860560382623,7182.7948768092
257,20-08-07_M1_P1_C8,1,BSA coated glass & doxycyclin,189.240636862311,8492.80841777567
258,20-08-07_M1_P1_C8,2,BSA coated glass & doxycyclin,189.240636862311,35451.7390233658
259,20-08-07_M1_P1_C8,3,BSA coated glass & doxycyclin,114.876855106339,112932.906533786
260,20-08-07_M1_P1_C8,4,BSA coated glass & doxycyclin,109.41182778128,21479.398695816202
261,20-08-07_M1_P1_C8,5,BSA coated glass & doxycyclin,147.60174692381,10656.2014286275
263,20-08-07_M1_P1_C8,7,BSA coated glass & doxycyclin,206.25320767418498,9286.73268551041
264,20-08-07_M1_P1_C8,8,BSA coated glass & doxycyclin,185.153187116759,6507.80979942411
265,20-08-07_M1_P1_C8,9,BSA coated glass & doxycyclin,217.343417144878,3832.7918595059296
266,20-08-07_M1_P1_C8,10,BSA coated glass & doxycyclin,202.274303493165,5785.383749296159
267,20-08-07_M1_P1_C8,11,BSA coated glass & doxycyclin,180.255199603568,10586.240351431601
268,20-08-07_M1_P1_C8,12,BSA coated glass & doxycyclin,183.71529118815602,10813.7662567296
271,20-08-07_M1_P1_C62,3,BSA coated glass & doxycyclin,1813.44361201183,34373.0288404065
273,20-08-07_M1_P1_C62,5,BSA coated glass & doxycyclin,1589.77106629539,18889.3827132413
274,20-08-07_M1_P1_C62,6,BSA coated glass & doxycyclin,1331.51665402384,17045.6885690618
275,20-08-07_M1_P1_C62,7,BSA coated glass & doxycyclin,1295.9673560245099,22430.8770068498
207,20-08-05_M1_P1_C32,4,BSA coated glass & doxycyclin,222.10883756200002,7604.45759448956
247,20-08-07_M1_P1_C7,3,BSA coated glass & doxycyclin,211.72567205113603,4406.2487959888
246,20-08-07_M1_P1_C7,2,BSA coated glass & doxycyclin,205.184985733928,5086.19054473496
262,20-08-07_M1_P1_C8,6,BSA coated glass & doxycyclin,175.48798036590802,8755.33191133285
240,20-08-07_M1_P1_C6,5,BSA coated glass & doxycyclin,216.303657357054,13135.3249009414
209,20-08-05_M1_P1_C32,6,BSA coated glass & doxycyclin,274.76897494838,6064.9736943138905
241,20-08-07_M1_P1_C6,6,BSA coated glass & doxycyclin,185.029442180136,8525.975566159392
210,20-08-05_M1_P1_C32,7,BSA coated glass & doxycyclin,270.06080555831403,8064.832786473679
211,20-08-05_M1_P1_C32,8,BSA coated glass & doxycyclin,225.289751021824,6955.09365872964
212,20-08-05_M1_P1_C32,9,BSA coated glass & doxycyclin,234.05842800869598,6094.522264867529
213,20-08-05_M1_P1_C32,10,BSA coated glass & doxycyclin,227.92255498237802,7541.0408942184995
214,20-08-07_M1_P1_C3,1,BSA coated glass & doxycyclin,119.133228232279,28929.330642210698
216,20-08-07_M1_P1_C3,3,BSA coated glass & doxycyclin,118.011008550618,13224.588594213
217,20-08-07_M1_P1_C3,4,BSA coated glass & doxycyclin,116.888988970938,22743.7205595164
219,20-08-07_M1_P1_C3,6,BSA coated glass & doxycyclin,174.814959521031,12136.7767815842
220,20-08-07_M1_P1_C3,7,BSA coated glass & doxycyclin,85.3922636330472,13734.6164158571
215,20-08-07_M1_P1_C3,2,BSA coated glass & doxycyclin,94.93718166679349,8571.21258384443
231,20-08-07_M1_P1_C4,5,BSA coated glass & doxycyclin,166.14977034088002,42856.9327468828
224,20-08-07_M1_P1_C3,11,BSA coated glass & doxycyclin,62.834118008446204,14336.347809653998
226,20-08-07_M1_P1_C3,13,BSA coated glass & doxycyclin,95.0593328686809,27128.9642965748
227,20-08-07_M1_P1_C4,1,BSA coated glass & doxycyclin,183.530284040532,4667.05378536736
228,20-08-07_M1_P1_C4,2,BSA coated glass & doxycyclin,192.022880004146,9210.14647149063
236,20-08-07_M1_P1_C6,1,BSA coated glass & doxycyclin,696.766982042256,22281.9982562398
229,20-08-07_M1_P1_C4,3,BSA coated glass & doxycyclin,138.688986859723,36517.404453707204
230,20-08-07_M1_P1_C4,4,BSA coated glass & doxycyclin,140.212468776007,17245.0549300413
233,20-08-07_M1_P1_C4,7,BSA coated glass & doxycyclin,177.841776603605,7077.006685934971
234,20-08-07_M1_P1_C4,8,BSA coated glass & doxycyclin,208.580286919594,20391.0267985249
235,20-08-07_M1_P1_C4,9,BSA coated glass & doxycyclin,176.92882048765802,4609.09385571739
223,20-08-07_M1_P1_C3,10,BSA coated glass & doxycyclin,80.6796460888745,7089.498308128771
22,20-08-04_M1_P1_C7,7,BSA coated glass & none,147.178869002873,12331.343560604199
56,20-08-05_M2_P1_C5,6,BSA coated glass & none,51.9060345777798,3073.32883222698
23,20-08-04_M1_P1_C7,8,BSA coated glass & none,212.72047618401902,5453.4888525518
20,20-08-04_M1_P1_C7,5,BSA coated glass & none,276.044927046497,3833.12774270116
21,20-08-04_M1_P1_C7,6,BSA coated glass & none,211.11066554009102,7081.59237838534
44,20-08-05_M2_P1_C3,10,BSA coated glass & none,-112.299405988972,2388.87124893682
54,20-08-05_M2_P1_C5,4,BSA coated glass & none,-18.5132463286773,2137.8843000124302
52,20-08-05_M2_P1_C5,2,BSA coated glass & none,14.518572658868802,2936.55343196921
53,20-08-05_M2_P1_C5,3,BSA coated glass & none,5.849798169473621,2768.2234349234996
55,20-08-05_M2_P1_C5,5,BSA coated glass & none,6.07261664125872,4346.84601072472
19,20-08-04_M1_P1_C7,4,BSA coated glass & none,285.913087494663,3916.32786938906
51,20-08-05_M2_P1_C5,1,BSA coated glass & none,2.76327192171448,3288.69985697146
18,20-08-04_M1_P1_C7,3,BSA coated glass & none,201.069914359207,4126.131803743529
5,20-08-04_M1_P1_C5,6,BSA coated glass & none,68.3948045661318,4835.75434840411
16,20-08-04_M1_P1_C7,1,BSA coated glass & none,153.764805494669,4541.5494171562295
15,20-08-04_M1_P1_C6,9,BSA coated glass & none,131.297991432329,28523.4130660073
14,20-08-04_M1_P1_C6,8,BSA coated glass & none,160.944057072401,24135.996532009704
13,20-08-04_M1_P1_C6,7,BSA coated glass & none,155.70385399248698,43656.4635851032
12,20-08-04_M1_P1_C6,6,BSA coated glass & none,145.475266487246,65380.1621973304
11,20-08-04_M1_P1_C6,5,BSA coated glass & none,130.46034966780198,23069.260678075
10,20-08-04_M1_P1_C6,4,BSA coated glass & none,127.15206597758801,28712.8328505866
9,20-08-04_M1_P1_C6,3,BSA coated glass & none,120.750851147667,26646.8155912921
8,20-08-04_M1_P1_C6,2,BSA coated glass & none,109.006385977515,19354.128691501002
7,20-08-04_M1_P1_C6,1,BSA coated glass & none,119.233230821872,30533.680800655602
4,20-08-04_M1_P1_C5,5,BSA coated glass & none,44.2711430893632,7321.38484509958
3,20-08-04_M1_P1_C5,4,BSA coated glass & none,53.2685194421902,13047.4649207352
57,20-08-05_M2_P1_C5,7,BSA coated glass & none,53.016455527365,2600.52178853632
17,20-08-04_M1_P1_C7,2,BSA coated glass & none,223.177145896628,5939.411861567329
58,20-08-05_M2_P1_C5,8,BSA coated glass & none,41.4131105983206,2191.0420078822604
104,20-08-07_M2_P1_C6,6,BSA coated glass & none,114.86554040701799,5371.31730471659
60,20-08-05_M2_P1_C5,10,BSA coated glass & none,105.209249020326,2659.40853966203
108,20-08-07_M2_P1_C6,10,BSA coated glass & none,119.813659875714,6031.20070906123
107,20-08-07_M2_P1_C6,9,BSA coated glass & none,66.6909544491255,13939.1997005901
106,20-08-07_M2_P1_C6,8,BSA coated glass & none,75.72242947597529,17451.766577854298
105,20-08-07_M2_P1_C6,7,BSA coated glass & none,96.03270404997329,5854.458373771321
103,20-08-07_M2_P1_C6,5,BSA coated glass & none,124.98647346686701,4922.6390401595
102,20-08-07_M2_P1_C6,4,BSA coated glass & none,150.109160374601,5138.2110405761705
101,20-08-07_M2_P1_C6,3,BSA coated glass & none,209.441184390886,2986.04753820155
100,20-08-07_M2_P1_C6,2,BSA coated glass & none,155.412874087951,2474.75430378726
99,20-08-07_M2_P1_C6,1,BSA coated glass & none,122.408301672383,4874.91427495622
97,20-08-07_M2_P1_C5,8,BSA coated glass & none,26.435819305485,24381.7349493641
96,20-08-07_M2_P1_C5,7,BSA coated glass & none,27.462408599342798,24653.0093502108
95,20-08-07_M2_P1_C5,6,BSA coated glass & none,-3.60563821685173,15934.5344639572
89,20-08-07_M2_P1_C4,11,BSA coated glass & none,225.36018228135399,10392.988249758
88,20-08-07_M2_P1_C4,10,BSA coated glass & none,249.871211875839,2063.4428909511803
87,20-08-07_M2_P1_C4,9,BSA coated glass & none,256.828229929707,2203.37192022469
86,20-08-07_M2_P1_C4,8,BSA coated glass & none,148.843617800191,1963.89770012862
85,20-08-07_M2_P1_C4,7,BSA coated glass & none,158.895337828924,2648.88184388028
84,20-08-07_M2_P1_C4,6,BSA coated glass & none,284.020146282253,2051.60487310988
83,20-08-07_M2_P1_C4,5,BSA coated glass & none,282.397264871719,3146.67768549557
82,20-08-07_M2_P1_C4,4,BSA coated glass & none,248.931511454506,3140.1185431995696
81,20-08-07_M2_P1_C4,3,BSA coated glass & none,190.08658666474201,3691.40567493366
80,20-08-07_M2_P1_C4,2,BSA coated glass & none,167.776769426087,3488.58114099472
79,20-08-07_M2_P1_C4,1,BSA coated glass & none,172.735487447067,8553.47166289432
64,20-08-05_M2_P1_C5,14,BSA coated glass & none,43.494238940611496,3960.96563390204
63,20-08-05_M2_P1_C5,13,BSA coated glass & none,118.33544064861601,3112.79569868232
62,20-08-05_M2_P1_C5,12,BSA coated glass & none,117.572296661962,2923.63778080535
61,20-08-05_M2_P1_C5,11,BSA coated glass & none,134.186926242918,3970.4212122696295
59,20-08-05_M2_P1_C5,9,BSA coated glass & none,45.08420950865,2848.2375877188397
2,20-08-04_M1_P1_C5,3,BSA coated glass & none,38.6130861417532,16652.965488048
