idxCompression;T;B;F;dx;dy;dz;D2;D3
0;0.671;5.75575;120.624403309868;-4662.91139240507;-58.8607594936713;-612.457272431086;4663.28288252269;200.329794197175
0;1.271;5.7546;120.27427637622;-4665.69620253165;-28.2911392405065;-615.094970335762;4665.78197549754;203.151640715596
0;1.871;5.75345;121.620104741308;-4652.53164556962;-24.9367088607598;-618.211266087395;4652.59847316266;190.490995196746
0;2.47;5.75115;122.630722019697;-4637.84810126582;0.189873417720627;-640.429587958222;4637.84810515253;178.857014433403
0;3.071;5.75115;121.416984244296;-4635.88607594937;-31.2025316455729;-691.85253209035;4635.99108143688;184.331141846302
0;3.671;5.75115;120.548387229642;-4634.87341772152;-87.4050632911375;-721.123344713192;4635.69749265313;188.450748082178
0;4.27;5.75345;119.260200765092;-4643.79746835443;-138.164556962025;-726.401761991962;4645.85238378228;199.297724700187
0;4.871;5.75345;119.753262879805;-4639.93670886076;-125.569620253163;-726.083551482111;4641.63552982827;195.082344478121
0;5.471;5.75345;119.446294981679;-4638.48101265823;-135.379746835444;-740.096839167511;4640.45620393557;196.103862651887
0;6.072;5.75115;118.759690962725;-4636.32911392405;-202.531645569623;-753.44988256156;4640.75066342471;198.516079479995
0;6.672;5.75345;117.438498646228;-4641.07594936709;-250.000000000003;-768.616731041038;4647.80442443457;207.929594785917
0;7.271;5.7546;117.636534369408;-4636.58227848101;-282.721518987341;-767.435508716557;4645.19393377959;205.161418479799
0;7.872;5.7546;118.312709642481;-4638.03797468354;-257.911392405063;-748.579412735337;4645.20339069657;202.133970261644
0;8.471;5.75115;119.347020945767;-4639.11392405063;-283.291139240506;-695.787628650332;4647.75557338084;196.548094665645
0;9.07;5.7546;119.161001015164;-4648.16455696202;-312.911392405061;-657.176505480264;4658.68514584264;201.809055365593
0;9.67;5.75345;118.402495871041;-4663.86075949367;-292.088607594934;-629.405270231302;4672.99828147108;212.195004750766
0;10.271;5.7546;117.659984591572;-4665.94936708861;-323.924050632911;-636.112956996512;4677.17973642376;217.23833941379
0;10.871;5.75575;118.299308099687;-4653.48101265823;-346.708860759494;-652.622734155511;4666.37895688936;208.794668959634
0;11.47;5.75345;116.953664945047;-4663.29113924051;-284.810126582278;-690.953058972729;4671.98042135483;219.797601763874
0;12.07;5.75345;117.370312001602;-4660;-274.430379746834;-692.550111146074;4668.0736962186;216.167054658737
0;12.671;5.75115;116.452226861163;-4672.72151898734;-262.911392405063;-678.942602598796;4680.11204932785;226.102647637009
0;13.271;5.75115;117.753498187314;-4666.64556962025;-231.139240506328;-665.337570475246;4672.36623360778;216.500005683238
0;13.87;5.7546;118.579316492372;-4660.3164556962;-198.291139240505;-673.82910323101;4664.53307879086;209.951782428418
0;14.471;5.75115;116.540849388588;-4676.13924050633;-166.835443037974;-692.177176940316;4679.11447409195;227.033985706006
0;15.07;5.7546;116.338319668274;-4679.87341772152;-178.67088607595;-685.699009937463;4683.28287544407;230.214724017586
0;15.671;5.7546;116.556317730114;-4687.0253164557;-140.949367088608;-657.229812265772;4689.14416937455;231.978782139387
0;16.27;5.75;116.816293193427;-4690.12658227848;-113.544303797469;-633.942134098772;4691.50079044223;231.137967582459
0;16.871;5.75575;116.961367193709;-4691.89873417722;-64.0506329113924;-633.810470484338;4692.33590180308;231.94793296037
0;17.47;5.75345;116.43425682689;-4697.6582278481;-40.569620253164;-629.855779546981;4697.83340698204;236.868882446559
0;18.07;5.75345;115.862558561729;-4705.12658227848;-58.227848101265;-619.622296282439;4705.4868650925;243.107713443555
0;18.67;5.75115;116.685340273808;-4696.96202531645;-23.0379746835446;-620.695099301381;4697.01852407912;234.852406084336
0;19.27;5.75345;115.564976144207;-4705.88607594937;10.7594936708853;-631.431739620405;4705.89837613587;245.07177371175
0;19.38;5.75345;116.008018711751;-4698.79746835443;-34.1772151898729;-642.836276388072;4698.92176255917;239.689554344944
0;19.981;5.75345;114.790987652029;-4709.81012658228;-61.9620253164565;-643.779507519546;4710.21769359318;251.00912655207
0;20.58;5.7546;114.99153838892;-4707.72151898734;-96.9620253164564;-641.370945858019;4708.71994651306;249.199514422849
0;21.179;5.75345;113.905148519875;-4715.6329113924;-79.0506329113939;-653.821342751356;4716.29544850308;258.399490255789
0;21.78;5.75345;112.802316764724;-4717.0253164557;-95.8227848101254;-690.383228866872;4717.99849959416;265.242741815204
0;22.38;5.75115;111.373062092858;-4709.87341772152;-120.632911392404;-765.113318307016;4711.41803603446;270.139250024198
0;23.471;5.75345;109.17331621962;-4725.75949367089;-80.4430379746845;-795.945588529982;4726.44410464983;289.995227859033
0;23.581;5.75575;110.04854062341;-4727.21518987342;-63.9873417721516;-762.773189205048;4727.64823472274;285.786983093639
0;24.181;5.75345;111.921997357499;-4715.18987341772;-29.9367088607585;-736.986160608611;4715.28490644186;269.531859489998
0;24.781;5.75115;112.577281110086;-4713.10126582278;-13.6708860759499;-718.351687436611;4713.12109276076;264.550690015729
0;25.381;5.75345;113.822562165739;-4710.88607594937;6.83544303797494;-681.30234412951;4710.89103502248;256.90201873647
0;25.98;5.75115;114.308565300232;-4714.81012658228;-17.9746835443033;-642.592315143298;4714.84438968789;255.432777969292
0;26.58;5.75115;113.628340988128;-4723.48101265823;-27.8481012658226;-633.535659584012;4723.56310359954;262.859400533281
0;27.181;5.75345;113.309324541963;-4727.02531645569;-12.7848101265822;-634.896170339463;4727.0426054546;266.488960139727
0;27.781;5.75345;113.42523605492;-4727.08860759494;0.379746835443052;-629.77428347317;4727.08862284826;265.855470276451
0;28.381;5.75115;113.433583821512;-4729.05063291139;-30.3164556962034;-617.300623390223;4729.14780654249;266.266089846904
0;28.981;5.75345;113.40584291137;-4732.9746835443;-7.2784810126588;-604.249641812881;4732.98028005158;268.396018042115
0;29.581;5.75345;113.405437574347;-4724.43037974683;13.4177215189867;-641.995947824191;4724.4494333547;264.869675793188
0;30.181;5.75115;111.585327690393;-4731.39240506329;-26.0759493670872;-685.367709782195;4731.46426022917;277.845421412208
0;30.78;5.7546;109.529000977254;-4742.6582278481;-47.0886075949367;-725.741418990995;4742.8919872943;295.095977612325
0;31.381;5.75575;109.109535876898;-4740.25316455696;-57.8481012658238;-751.252539282151;4740.6061286414;296.763207147852
0;31.981;5.75805;109.473676929807;-4736.83544303798;-107.278481012658;-746.743771530508;4738.0500933305;293.534681124361
0;32.58;5.75345;111.128934372898;-4729.81012658228;-119.430379746835;-702.540729864882;4731.31772861713;280.192545387008
0;33.181;5.75575;111.605611484594;-4727.0253164557;-75.2531645569616;-703.113289715778;4727.62428511286;276.623382586107
0;34.27;5.75345;110.399865737886;-4731.07594936709;-91.8987341772151;-730.19964111115;4731.968408181;284.976245962579
0;34.869;5.7546;109.585959259046;-4731.7088607595;-71.1392405063288;-762.04011768469;4732.2436047323;290.20713880494
0;35.469;5.7546;112.493535473593;-4719.55696202531;-76.0759493670885;-696.189146013246;4720.17006768546;268.235143534676
0;36.069;5.75115;114.095868367594;-4725.6329113924;-102.658227848102;-595.410304892718;4726.74783809967;261.101022874346
0;36.67;5.75345;115.985802545434;-4721.58227848101;-141.392405063292;-519.734580040482;4723.6988710835;249.205283693602
0;37.269;5.75345;115.953522917676;-4729.0506329114;-147.974683544305;-478.049408991766;4731.36517250674;252.454513823793
0;37.869;5.75345;115.179493907629;-4737.72151898735;-176.518987341773;-460.633171192523;4741.00876864491;260.33360817514
0;38.47;5.7546;115.758079003462;-4732.59493670886;-96.0759493670886;-483.241881758781;4733.57005050196;255.172773165653
0;39.069;5.75115;114.347684364986;-4734.87341772152;-66.645569620253;-543.996815931173;4735.34242835678;263.487223264016
0;39.67;5.75345;113.67719415021;-4726.83544303798;-59.1139240506328;-617.145511451285;4727.20506870357;264.319618389473
0;40.271;5.75345;111.301804489608;-4734.30379746835;-50.7594936708856;-686.24205155878;4734.57590211848;281.050284669739
0;40.871;5.7546;109.602009714419;-4731.01265822785;-50.7594936708856;-765.565696832955;4731.28495215727;289.822564489236
0;41.471;5.75345;109.0554795185;-4727.9746835443;-29.5569620253173;-796.080072104982;4728.06707040414;291.617993484225
0;42.07;5.75345;109.55932891924;-4716.26582278481;6.20253164556866;-818.410222747385;4716.26990136982;283.752247115399
0;42.18;5.7546;110.203999680328;-4702.72151898734;92.4683544303805;-836.79824724579;4703.6305213864;274.485885726016
0;42.781;5.75575;110.345568273737;-4697.40506329114;128.164556962026;-845.506129441861;4699.15316650719;271.612141024469
0;43.381;5.7546;109.770665617563;-4704.81012658228;129.113924050632;-839.695090263454;4706.58142738176;277.899138989178
0;43.98;5.7546;111.10061220018;-4705.06329113924;122.974683544303;-794.413282022992;4706.67009109613;270.241645786788
0;44.58;5.7546;112.10743621448;-4720.3164556962;94.8734177215187;-706.025076871793;4721.26978760021;270.767884646079
0;45.18;5.75575;113.466676349947;-4722.0253164557;49.6202531645564;-650.500420163441;4722.28602043254;263.879068678525
0;45.78;5.75115;113.418519870313;-4729.43037974683;80.1265822784822;-611.784331288759;4730.10908817756;266.508575741356
0;46.869;5.75345;111.528711873568;-4755.82278481013;106.012658227847;-574.979704211851;4757.00420897687;288.627145811663
0;47.469;5.75575;108.815631871275;-4758.73417721519;170.379746835443;-673.603260555384;4761.7833032938;306.191364476826
0;48.07;5.75575;106.970562843328;-4753.41772151899;216.139240506329;-756.665508468649;4758.3291402064;315.115699964409
0;48.669;5.75345;104.572160101627;-4750.50632911392;224.050632911392;-850.996958375851;4755.78690324319;328.325376356305
0;49.27;5.75345;104.085377080281;-4751.01265822785;229.113924050633;-865.202636619819;4756.53387130115;331.582719454599
0;49.87;5.75575;104.298968370595;-4745;263.037974683545;-868.96331614087;4752.28513203129;328.07764592168
0;50.469;5.75115;102.693959279197;-4758.67088607595;261.265822784809;-879.093719725923;4765.83764223481;343.237117620623
0;50.579;5.7546;102.591651268986;-4763.10126582278;202.025316455697;-887.495915309536;4767.38375809748;346.288287642089
0;51.18;5.75115;101.960619203505;-4768.54430379747;167.848101265822;-897.007889182925;4771.49743396953;352.080938113618
0;51.78;5.75345;102.905590821434;-4758.2911392405;184.746835443037;-894.100716415807;4761.87630656036;342.088446052991
0;52.379;5.75115;103.339097624013;-4751.32911392405;274.113924050634;-875.333494024504;4759.22964272378;336.05729641031
0;52.98;5.75345;103.680026741031;-4743.16455696203;346.708860759494;-864.93333809081;4755.81928257897;330.83147491623
0;53.58;5.75115;105.390999769739;-4720.88607594937;372.151898734177;-862.600797844154;4735.53190020129;310.454322445101
0;54.18;5.7546;105.725388890557;-4709.43037974683;426.898734177215;-864.470551834134;4728.73947589889;304.107900381781
0;54.779;5.75345;106.034083481911;-4691.89873417722;512.721518987342;-860.595821013597;4719.83019692514;294.647575109339
0;55.38;5.7546;105.879427860034;-4689.24050632911;568.607594936709;-839.692463699838;4723.58879700778;294.642604114203
0;55.979;5.75345;108.588594986708;-4673.60759493671;562.151898734178;-798.819291221398;4707.29462735237;271.59264950718
0;56.579;5.75575;110.875237683942;-4661.96202531645;571.898734177215;-751.654679779577;4696.90941871846;253.673506273133
0;57.18;5.7546;112.817877397813;-4669.62025316455;563.354430379748;-653.014183890555;4703.47972494759;245.594428602567
0;57.781;5.75345;113.256290388694;-4656.77215189873;615.506329113924;-639.199119067419;4697.27313618006;237.564357721075
0;58.38;5.7546;111.566664054748;-4648.41772151899;627.53164556962;-728.539105629471;4690.58453499381;243.825519055285
0;58.98;5.75345;111.989629096345;-4640.94936708861;626.645569620254;-739.501917657044;4683.06477617007;238.092572817295
0;68.418;5.75115;120.048378454275;-4624.93670886076;187.341772151899;-755.335013099258;4628.72946936422;186.953889173589
0;69.093;5.75;121.394842889048;-4612.3417721519;156.518987341773;-762.195844478254;4614.99672985104;174.514010868992
0;70.183;5.7546;119.197361880397;-4642.53164556962;136.708860759493;-734.602631883324;4644.54404572995;199.279279189552
0;70.293;5.7546;123.741055083134;-4606.45569620253;121.202531645569;-718.43187592297;4608.04992754571;160.718312151393
0;70.893;5.75115;125.223137334839;-4592.0253164557;113.101265822785;-721.68483676961;4593.41794346005;146.765306649782
0;71.983;5.7546;121.640204760876;-4620.50632911392;115.822784810126;-736.801157306406;4621.95777294244;177.317254232994
0;72.584;5.75345;121.97826560937;-4608.35443037975;122.405063291139;-767.021963043694;4609.97977821161;170.353854279746
0;72.694;5.75115;125.522373326371;-4562.78481012658;151.392405063291;-807.352946935709;4565.29570606689;133.134560682909
0;73.294;5.75345;125.047765742515;-4556.26582278481;150.696202531646;-843.383978300657;4558.75724220257;133.115197898842
0;73.894;5.7546;124.874579753572;-4558.35443037975;136.582278481014;-844.96665321648;4560.40018329069;135.018809449308
0;74.983;5.7546;121.550248485459;-4587.21518987342;110;-851.810677485482;4588.53388330144;163.92882187887
0;75.584;5.75345;121.131174352114;-4584.3670886076;58.227848101265;-876.317361045791;4584.73686108625;164.734375762318
0;76.185;5.75345;121.094254452609;-4592.46835443038;38.7974683544304;-853.736852896529;4592.63223326179;168.310035096031
0;76.785;5.75345;122.071274384028;-4592.84810126582;49.1772151898726;-823.917680429115;4593.11137245712;163.423943869501
0;77.384;5.75345;120.348531330767;-4601.58227848102;156.898734177214;-832.96796330727;4604.25636540983;175.996933778992
0;77.984;5.75345;119.298395331458;-4603.2911392405;263.86075949367;-831.536353404202;4610.84719037735;182.228331687099
0;78.585;5.75345;119.141892625013;-4598.41772151899;276.772151898734;-847.326205585562;4606.73945059263;181.016445777976
0;79.184;5.75115;118.348302599463;-4593.16455696203;315.443037974684;-871.160617219336;4603.98359657578;182.678795919843
0;79.784;5.75345;117.830200271657;-4587.91139240507;331.708860759493;-897.234083147713;4599.88714131842;183.57558488375
0;80.384;5.75345;116.021550165184;-4595.56962025317;347.341772151899;-919.679352951587;4608.67729845294;196.544292111832
0;80.984;5.7546;117.07201089215;-4580.63291139241;353.924050632912;-931.376005182558;4594.2855921838;184.741606101759
0;81.584;5.75115;116.818438399842;-4575.44303797469;352.40506329114;-950.516574680952;4588.99426044359;183.400546381781
0;82.184;5.75115;116.252554798882;-4571.45569620253;406.012658227849;-955.03625975474;4589.45023515713;184.765749099472
0;82.784;5.7546;117.405658098314;-4574.36708860759;365.063291139241;-935.56565217633;4588.91114185857;180.309573091004
0;83.384;5.75115;118.702009068603;-4568.10126582278;323.101265822784;-931.381279266487;4579.51346791207;170.265955427326
0;83.984;5.75345;118.231841387384;-4558.92405063291;347.278481012658;-961.899586788596;4572.13198003007;169.220206484036
0;84.584;5.75345;118.424858643235;-4543.86075949367;365.443037974684;-990.144439570122;4558.53257262362;161.8263876464
0;85.184;5.75575;117.714375841697;-4547.08860759494;375.822784810128;-997.191227466445;4562.59329448748;167.29420005187
0;85.294;5.75115;120.806562797938;-4497.9746835443;417.278481012657;-1027.30427270214;4517.28874265546;129.629021757924
0;85.894;5.75345;118.986267782165;-4494.49367088607;465.063291139241;-1058.76585706323;4518.49059115987;137.87732680827
0;86.984;5.7546;115.445547097218;-4520.56962025317;488.417721518988;-1069.52881871842;4546.87822162081;167.973501992798
0;87.094;5.75345;119.616704679986;-4486.07594936709;490.822784810126;-1052.74016422395;4512.84659938476;131.009741352393
0;87.693;5.75575;117.832366906527;-4486.13924050633;519.93670886076;-1080.68182767139;4516.16867116715;140.668019905263
0;88.294;5.75345;117.824468428235;-4476.20253164557;510.886075949367;-1106.29820229028;4505.26288765807;136.104374693444
0;88.894;5.7546;118.740278826482;-4468.98734177215;489.556962025317;-1112.77425469628;4495.72173071101;128.390765407521
0;89.494;5.75345;118.920187795899;-4483.41772151899;473.924050632911;-1082.27516091839;4508.39644124148;133.481208345373
0;90.094;5.75345;119.226430922128;-4464.30379746835;524.113924050633;-1096.16276488556;4494.96427143466;123.691756384434
0;90.694;5.7546;118.278903787097;-4450.56962025316;567.088607594935;-1126.65444252866;4486.5531796229;122.852317838723
0;91.294;5.7546;116.570967213494;-4446.39240506329;594.177215189874;-1158.08698556043;4485.91707266812;129.992278104914
0;91.893;5.75575;115.527471434716;-4440.44303797468;631.20253164557;-1173.68594597408;4485.08093677847;133.107171887927
0;92.495;5.7546;113.58647319922;-4430.18987341772;696.139240506331;-1198.29904261072;4484.55038512286;138.886766415937
0;93.093;5.7546;112.912526375922;-4427.6582278481;745.506329113924;-1187.79723733849;4489.98185624173;141.437462859077
0;93.693;5.7546;114.092554384526;-4422.40506329114;778.60759493671;-1151.62102309367;4490.42273407708;132.744526130356
0;94.293;5.75345;114.399244044547;-4415.44303797468;830.886075949368;-1121.84246629456;4492.93989419018;127.878902755664
0;94.893;5.75115;114.007240837003;-4429.11392405063;785.443037974683;-1132.70262184481;4498.21863831918;135.640549520535
0;95.493;5.75115;113.903681409345;-4436.58227848101;771.455696202533;-1128.75031458867;4503.15513889263;139.465237093234
0;96.093;5.75345;113.468585136933;-4434.6835443038;823.417721518987;-1106.94442516889;4510.48056001026;141.325660700692
0;96.693;5.7546;113.908352480244;-4436.96202531645;829.683544303796;-1087.8633394265;4513.86827430629;140.108166202568
0;97.293;5.75115;112.723984717197;-4444.49367088608;843.417721518987;-1085.9951746476;4523.81226881915;149.339515004955
0;97.893;5.75345;112.641874894662;-4439.05063291139;853.164556962026;-1093.77433102596;4520.29426949256;147.742152605166
0;98.493;5.75115;111.829976401577;-4432.72151898734;868.607594936708;-1112.84838238751;4517.02326968493;149.088857820501
0;99.093;5.75345;110.937426761447;-4437.27848101266;896.962025316455;-1102.60170226075;4527.02785422376;156.3681660442
0;99.693;5.75115;114.572499994546;-4461.39240506329;807.59493670886;-1031.07553448662;4533.89807712461;146.661120078653
0;100.293;5.75115;116.464467318657;-4471.01265822785;818.86075949367;-950.534913582686;4545.38085681191;140.705821368516
0;101.383;5.75345;115.217440225762;-4488.60759493671;848.481012658226;-912.264715891175;4568.09787221826;155.29851791671
0;101.493;5.75115;115.954130512551;-4477.59493670886;835.759493670885;-931.81891516028;4554.92594325109;146.261967146217
0;102.093;5.75115;114.461496126686;-4479.3670886076;831.32911392405;-970.36262427913;4555.85750547124;155.051226935628
0;102.694;5.75345;112.728702919286;-4479.74683544304;860.126582278481;-991.163726855011;4561.57313294482;165.014029610141
0;103.783;5.75115;111.05372542207;-4499.93670886076;859.050632911393;-984.317952230317;4581.20053846784;182.75289625274
0;104.384;5.75345;111.495761656408;-4510.75949367089;844.873417721518;-958.869200378635;4589.20061685197;185.303791900569
0;104.983;5.7546;111.690505207179;-4525.3164556962;821.012658227849;-937.015863112348;4599.19023407004;190.671221644031
0;105.583;5.7546;112.703544248195;-4527.91139240506;825.506329113924;-896.983384934612;4602.54736823845;186.138670345276
0;106.183;5.75345;112.85488264723;-4521.20253164557;884.113924050632;-853.5614675386;4606.83511348718;182.242463493765
0;106.782;5.75115;112.044043793033;-4526.83544303797;902.72151898734;-840.348847602265;4615.96634186035;188.83668245753
0;107.383;5.75345;110.790171140781;-4533.92405063291;881.012658227849;-882.510632598403;4618.72824496801;199.28408515633
0;107.983;5.75115;109.990234423961;-4530.3164556962;908.544303797468;-887.210197532215;4620.52160916001;201.929529261813
0;108.582;5.75115;109.962060000488;-4526.39240506329;942.594936708861;-863.245103663103;4623.49580072523;200.392980426168
0;108.692;5.75115;112.290045593405;-4509.11392405063;982.215189873418;-794.961378934251;4614.85157500059;179.821655079599
0;109.783;5.75345;110.813634111111;-4537.0253164557;1002.53164556962;-730.160996396566;4646.46838174203;200.488439784589
0;110.384;5.75345;109.361217341625;-4548.73417721519;990.696202531647;-758.958173299017;4655.36911325796;213.829347081952
0;110.984;5.75345;108.655887187537;-4569.11392405063;929.050632911392;-793.747724317744;4662.61054876626;226.690537374092
0;111.584;5.75115;107.725784608901;-4566.20253164557;920.379746835443;-841.993243163049;4658.03654326491;230.524802926833
0;112.184;5.7546;108.865949961531;-4554.87341772152;885.632911392405;-877.991024696858;4640.17429685648;219.508416578601
0;112.784;5.75115;109.029076805145;-4550.94936708861;869.810126582278;-897.00641527977;4633.32599739207;216.356980263553
0;113.383;5.75345;110.055931845202;-4542.9746835443;844.240506329114;-914.413308407138;4620.75329441546;207.362269129986
0;113.984;5.75345;110.477352243923;-4546.58227848101;776.012658227848;-951.797807101051;4612.33195474127;206.51431958008
0;114.583;5.7546;109.007998743352;-4553.22784810127;769.620253164557;-981.540950319162;4617.81324555313;217.976785365441
0;115.184;5.75115;110.095183330898;-4541.83544303798;769.367088607593;-978.444324760944;4606.53827821592;206.304429034652
0;115.783;5.75575;110.209470433358;-4550.82278481012;741.139240506328;-977.27566008793;4610.77817646493;210.209427594488
0;116.384;5.75345;108.468778987782;-4547.40506329114;773.417721518987;-1007.31655195943;4612.70720744397;218.414450930671
0;116.984;5.75;110.990758622515;-4529.81012658228;710.126582278481;-1027.54773768646;4585.13462678533;195.863043223372
0;117.584;5.7546;111.631538333611;-4527.91139240506;703.607594936708;-1023.28553850135;4582.25329124484;192.120713935924
0;118.183;5.75115;111.57885195397;-4507.3417721519;748.734177215191;-1040.21528835666;4569.10633703305;183.019693220085
0;118.783;5.7546;110.823974199281;-4490.37974683544;769.87341772152;-1085.36327470311;4555.89896179713;180.399277039958
0;119.382;5.75115;110.358356878024;-4477.59493670886;767.405063291139;-1124.30073654909;4542.88090845508;176.93793704687
0;119.983;5.75;109.328813381129;-4484.87341772152;745.253164556962;-1146.80277716907;4546.37128403161;185.778994790642
0;120.582;5.75345;110.337265109962;-4463.35443037975;744.177215189872;-1171.54098609411;4524.9676793098;171.16738905408
0;120.692;5.75805;109.851410104588;-4460.50632911392;714.177215189873;-1209.08963258687;4517.31843096784;173.33013659117
0;121.292;5.75115;110.477544468112;-4441.96202531646;705.443037974683;-1233.2939975538;4497.63009975036;160.656355112656
0;122.382;5.75115;108.882768988871;-4461.64556962025;699.050632911392;-1232.77255580399;4516.07716677714;178.311904864849
0;122.982;5.75345;109.746542039882;-4469.93670886076;662.784810126583;-1219.16109699957;4518.80713084277;177.381572713136
0;123.583;5.7546;109.78616336337;-4475.69620253164;637.974683544303;-1220.73335843162;4520.93665009803;179.847224348383
0;124.182;5.75345;110.685205020598;-4482.91139240506;593.607594936708;-1208.56209911422;4522.04207509413;177.75708367108
0;124.783;5.7546;112.343806852698;-4487.78481012658;560.696202531646;-1178.89133932838;4522.67539555254;170.796906528966
0;125.382;5.75115;113.179970555816;-4490.18987341772;538.987341772151;-1163.61335074796;4522.42329442232;166.722527514086
0;125.982;5.75345;114.147173652792;-4484.81012658228;506.898734177214;-1169.59752023652;4513.36550682586;159.448558166496
0;126.582;5.75115;113.952368679607;-4480.25316455696;505.696202531644;-1182.5278514317;4508.7023707246;158.198256584809
0;127.182;5.75115;114.076102993896;-4474.43037974683;490.569620253165;-1198.25124950189;4501.24269235916;155.002987595605
0;127.783;5.7546;115.458505317287;-4458.67088607595;465.12658227848;-1213.57240664952;4482.86613762706;141.227254782486
0;127.839;5.75345;112.929671870478;-4472.53164556962;468.860759493672;-1235.88884532601;4497.0401079393;160.774326703206
0;136.904;5.75115;122.357035970171;-4466.20253164557;268.924050632911;-1115.38650507256;4474.29158623866;108.222425169281
0;137.504;5.75575;123.806338808158;-4472.9746835443;247.594936708861;-1077.31076345616;4479.82206926928;104.537764725389
0;137.993;5.75;123.220038736117;-4490.18987341772;246.645569620253;-1045.68563110299;4496.95887643598;113.93595098
0;138.593;5.75115;130.849481661242;-4508.10126582279;237.40506329114;-816.735675371412;4514.34803565136;84.6350498283609
0;139.193;5.75345;128.266454750865;-4503.98734177215;202.468354430381;-905.258497774422;4508.53583876069;95.5202355956135
0;139.793;5.7546;123.299206189557;-4508.73417721519;174.050632911392;-1015.98464352545;4512.09236425909;122.062410334018
0;140.393;5.75345;118.48686442543;-4508.60759493671;142.974683544303;-1126.93334234558;4510.87399571919;146.512121002135
0;140.993;5.75115;112.520910735674;-4522.27848101266;119.556962025315;-1226.66735363602;4523.85858830699;184.217652667227
0;141.593;5.75575;108.959761389654;-4522.72151898734;122.278481012657;-1302.85336169689;4524.37420702907;205.225658070651
0;142.194;5.75345;106.288781043011;-4534.11392405063;111.265822784811;-1336.96833085353;4535.47893387124;225.430339689382
0;142.903;5.75345;108.689841072228;-4508.10126582279;40.3797468354434;-1339.53780074502;4508.28210595427;200.080805864631
0;143.393;5.75345;106.995087466273;-4515.56962025316;34.5569620253178;-1360.443882089;4515.70184788342;213.181796251192
0;143.993;5.7546;107.177423936356;-4511.01265822785;0.443037974683861;-1365.98538332256;4511.01267998379;210.295181338148
0;144.593;5.75;106.034732511445;-4524.05063291139;-15.3164556962037;-1363.32746282102;4524.07656024531;222.032327280213
0;145.194;5.75345;107.579374085101;-4504.6835443038;-67.4050632911391;-1367.00097639191;4505.18781815794;205.015393595811
0;145.904;5.75575;109.934709531597;-4473.10126582279;-39.4303797468366;-1379.11301722764;4473.27505181074;178.040739348369
0;146.505;5.75115;110.661252704883;-4457.46835443038;-14.5569620253158;-1390.82136951002;4457.49212404147;166.434667899043
0;147.104;5.75345;109.769808679779;-4467.78481012658;-29.1139240506334;-1390.67197647118;4467.87966827347;176.307350058737
0;147.704;5.75115;109.555475106674;-4477.9746835443;-31.5189873417733;-1375.73167826999;4478.08560805025;181.643888666704
0;148.304;5.75345;110.50797393947;-4487.15189873418;-73.4810126582279;-1340.22306545963;4487.75351612976;180.602191340017
0;148.903;5.7546;111.763101128633;-4478.73417721519;-78.1645569620262;-1331.3677054712;4479.41620394003;170.083510412814
0;149.504;5.75115;112.230298687956;-4471.45569620253;-87.7215189873415;-1333.26498279381;4472.31607872202;163.81975464445
0;150.104;5.75575;113.385032339316;-4461.32911392405;-80.7594936708849;-1332.40557445351;4462.06001288243;153.746092863461
0;150.703;5.7546;111.024319598332;-4480.12658227848;-102.6582278481;-1341.58036428578;4481.30259020557;174.810468458544
0;151.304;5.75345;110.265483694538;-4485.18987341772;-96.1392405063295;-1347.12893913328;4486.22011878308;181.114359494694
0;151.904;5.7546;109.66500910944;-4503.54430379747;-148.291139240507;-1321.19038016718;4505.98508189318;192.683717936097
0;152.504;5.75345;109.363971408613;-4516.89873417722;-183.481012658228;-1297.11696052394;4520.62379067511;200.036451708267
0;153.103;5.75115;109.734537607139;-4522.78481012658;-184.367088607596;-1276.65555823229;4526.54102622227;200.12907290867
0;153.704;5.7546;109.121436600176;-4549.43037974684;-164.87341772152;-1241.55975945496;4552.41694312314;215.68314896566
0;154.304;5.75805;112.319100362568;-4546.77215189873;-110.379746835443;-1184.76738049464;4548.11177191077;196.893023854631
0;154.904;5.75345;112.647789920869;-4556.45569620253;-89.3670886075953;-1155.43218687815;4557.33200326493;198.520873765928
0;155.504;5.75;114.071477005483;-4545.37974683544;-112.468354430379;-1143.62667806338;4546.77096120864;185.39078495686
0;156.104;5.75115;113.641662109328;-4551.51898734177;-117.658227848102;-1139.85062313957;4553.03948486207;190.551746149682
0;156.704;5.75805;113.29186865818;-4551.01265822785;-97.6582278481017;-1154.96235206033;4552.06034063879;193.295495333877
0;157.304;5.75;112.575465063623;-4549.3670886076;-88.9873417721523;-1170.50744047606;4550.23731841556;195.377094498847
0;157.904;5.75345;112.948808924804;-4545.94936708861;-55.6329113924045;-1173.68876508789;4546.28976957731;192.348334922216
0;158.504;5.75345;112.633565073637;-4555.12658227848;-41.3924050632909;-1161.3817857637;4555.31464465156;198.03171272867
0;159.104;5.75345;111.712012817002;-4570.63291139241;-57.0886075949359;-1147.54208834372;4570.9894246017;209.833241728463
0;159.703;5.75115;109.674485751624;-4588.60759493671;-94.9367088607595;-1151.3650869345;4589.58959374367;228.804539751389
0;160.304;5.75345;110.407374493266;-4581.07594936709;-101.139240506328;-1151.71151124174;4582.1922700646;221.714319931575
0;160.904;5.75345;109.424388652659;-4596.96202531646;-90.5063291139245;-1140.39922376896;4597.85289649541;234.168104193063
0;161.502;5.75345;110.263290456639;-4594.6835443038;-46.5822784810138;-1128.01427554255;4594.91967078474;228.353187703533
0;162.102;5.7546;109.989239386782;-4598.60759493671;-7.9746835443041;-1127.32599604505;4598.61450958734;231.777640940089
0;162.703;5.75345;111.471897625371;-4585.94936708861;13.6075949367091;-1119.89407825771;4585.96955551826;217.728705470912
0;163.303;5.75115;111.556124848942;-4591.64556962025;-29.4936708860765;-1102.88082583639;4591.74029248559;219.332583547372
0;163.903;5.75115;112.810997836315;-4586.58227848101;-65.3797468354422;-1082.76590223027;4587.04823482077;210.108688286839
0;164.503;5.75115;113.20315865121;-4589.55696202532;-53.9240506329116;-1066.63090482102;4589.87373583541;209.180217057812
0;165.103;5.75115;112.986190599382;-4590.56962025316;-88.4810126582276;-1067.22002020194;4591.42225546642;210.821899426424
0;165.703;5.75345;113.295973157549;-4576.77215189873;-97.4050632911402;-1093.3977055815;4577.80854522669;203.575147527277
0;166.303;5.75575;110.632115068354;-4580.88607594937;-115.949367088607;-1146.86771187369;4582.35327059744;220.692098887633
0;166.903;5.75115;108.504065998107;-4593.92405063291;-134.303797468354;-1163.51955359743;4595.88682334519;237.881083153371
0;167.503;5.75115;109.0477711482;-4596.64556962025;-156.13924050633;-1141.66477573341;4599.29668048664;235.874171708489
0;168.103;5.75115;108.921979028497;-4594.74683544304;-212.278481012659;-1139.91743418819;4599.64788166603;235.794402807641
0;168.703;5.75345;108.944953384055;-4606.51898734177;-162.151898734178;-1122.31047532543;4609.37202002652;241.037438936224
0;169.303;5.7546;110.32323689141;-4611.77215189873;-85.6962025316446;-1084.99331598051;4612.5682889424;235.459318795446
0;169.903;5.7546;110.93895057052;-4629.05063291139;-22.1518987341769;-1029.71716803721;4629.10363555137;239.248192031441
0;170.503;5.75345;114.986545826639;-4608.73417721519;-35.3164556962021;-974.4252781334;4608.86948917783;207.751807401835
0;170.993;5.75115;112.884929671985;-4627.6582278481;-23.6075949367083;-978.697864739975;4627.71844349988;227.076902414538
0;171.703;5.75345;117.110462653263;-4581.77215189873;-81.3924050632912;-988.242853516932;4582.49503824246;184.844356742662
0;172.303;5.75115;115.139357102856;-4585.94936708861;-26.3924050632912;-1028.55227264696;4586.02531137209;196.951907638276
0;172.904;5.75345;110.678419228536;-4603.16455696203;3.54430379746909;-1099.1896874664;4603.16592146762;229.584333067219
0;173.503;5.75345;106.864311312693;-4613.86075949367;64.2405063291149;-1166.41590477427;4614.30796010073;256.44996964558
0;174.047;5.75345;107.739315066247;-4607.84810126582;75.5696202531638;-1157.80526706881;4608.46773796283;248.682641790857
0;174.703;5.7546;105.891961408902;-4632.6582278481;74.6835443037979;-1148.58713724167;4633.26017916526;270.505242447683
0;175.303;5.75115;105.664569180675;-4641.83544303797;53.6708860759484;-1132.44418236714;4642.14571553454;275.278630472785
0;175.903;5.7546;106.015094195092;-4647.0253164557;12.9113924050638;-1114.8188006936;4647.04325306253;275.894428025578
0;176.503;5.75115;107.127995695208;-4653.92405063291;68.3544303797476;-1064.51458763708;4654.42600083103;271.607073310234
0;176.993;5.7546;108.19373900084;-4660.69620253165;77.2784810126585;-1020.10438548896;4661.33683141656;268.6531740283
0;177.703;5.75115;109.40905574629;-4656.20253164557;123.924050632913;-990.825726787357;4657.85134864005;259.07043279408
0;178.303;5.75;114.557109029012;-4646.70886075949;73.3544303797463;-872.87072421808;4647.28782292609;225.550244029783
0;178.903;5.7546;110.941825331496;-4647.72151898734;48.6075949367089;-979.769107116806;4647.97569016271;247.118474270297
0;179.502;5.7546;107.624348053742;-4657.21518987342;39.8101265822797;-1046.74331111993;4657.38533631975;270.563630071407
0;180.103;5.7546;104.629481076134;-4665.18987341772;47.1518987341757;-1107.54976545296;4665.42815362036;292.089815587233
0;180.704;5.75115;106.925956230292;-4660.3164556962;48.8607594936721;-1055.18921412494;4660.57258725268;275.531272122921
0;181.304;5.7546;114.516573328155;-4647.53164556962;69.810126582279;-875.624612172403;4648.05592160255;226.814194213827
0;181.903;5.75575;118.157608304586;-4640.06329113924;95.4430379746842;-785.0942970003;4641.04478746712;203.980961769246
0;182.504;5.75345;118.491027265195;-4650.25316455696;36.8987341772151;-741.098676027357;4650.39955391533;206.080935667321
0;183.104;5.75345;118.941719739714;-4647.40506329114;62.3417721518978;-734.421452856458;4647.82318067922;202.489898966412
0;183.704;5.7546;118.985212626683;-4664.74683544304;113.481012658228;-660.276097963971;4666.12697844902;209.611325428007
0;184.304;5.75345;115.570413427166;-4684.43037974684;147.848101265822;-702.798453240979;4686.76296005495;236.163714161066
0;184.903;5.75345;113.99725541694;-4686.77215189873;160.443037974683;-748.728301498115;4689.5175841709;245.9124272524
0;185.504;5.75345;112.385225968768;-4688.98734177215;170.822784810127;-794.992078355134;4692.09790127079;255.969964157915
0;186.104;5.75345;109.904455940284;-4697.02531645569;216.075949367088;-841.398322618588;4701.99273067501;273.681565336544
0;186.702;5.75345;109.279302822954;-4684.17721518987;231.708860759494;-897.26712866423;4689.90460238355;271.965285699966
0;187.302;5.75115;107.82438266044;-4681.13924050633;225.949367088607;-950.271633674653;4686.58913342058;278.959209702922
0;187.903;5.7546;106.028815061147;-4689.81012658228;223.924050632912;-983.102751655815;4695.15292656645;293.973214867762
0;188.502;5.75345;105.422800534376;-4682.53164556962;185.569620253166;-1026.9637357054;4686.20728262439;294.415263470093
0;189.102;5.7546;105.472333714094;-4659.87341772152;233.607594936707;-1073.6515459197;4665.72532170505;284.663356968145
0;189.702;5.7546;102.004533749172;-4647.21518987342;207.215189873418;-1198.52764739226;4651.83266636973;300.750168094518
0;190.303;5.7546;100.86691918008;-4634.3670886076;160.506329113924;-1260.5421123953;4637.14573780627;302.422667235098
0;190.903;5.75345;100.846674216027;-4641.45569620253;170.379746835443;-1244.56689565974;4644.58181518451;305.439143393077
0;191.502;5.75115;99.8394991340115;-4656.39240506329;158.417721518986;-1238.95144787961;4659.0864345301;318.004780605945
0;192.102;5.75345;101.322653144055;-4634.05063291139;162.151898734176;-1249.21235425889;4636.88672566514;299.213032830032
0;192.702;5.75115;101.510528374199;-4627.40506329114;158.481012658227;-1257.33910350545;4630.11812496675;294.801108044136
0;193.302;5.75345;102.005132079101;-4617.78481012658;158.924050632911;-1266.21019004134;4620.51873781563;287.874831580336
0;193.902;5.75345;101.204263646771;-4633.22784810126;180.506329113924;-1251.26668040635;4636.74269582336;299.60878406376
0;194.502;5.75345;102.420288206631;-4632.72151898734;205.12658227848;-1218.66967716843;4637.26056926346;291.720155472625
0;195.102;5.75345;102.128028142232;-4639.62025316456;257.784810126581;-1201.2221310404;4646.77620527466;296.527446531374
0;195.592;5.75805;100.671825763523;-4649.30379746835;259.746835443037;-1219.71674445349;4656.55389957813;310.64759370444
0;204.047;5.75115;109.14704482815;-4533.54430379747;250.822784810126;-1256.60253738098;4540.47751055705;208.155480434359
0;204.721;5.75115;107.670994397836;-4534.87341772152;184.556962025316;-1296.91198647831;4538.62734612451;217.288008973641
0;205.321;5.75115;108.455387374178;-4508.35443037975;113.924050632912;-1338.3836601048;4509.79360494883;201.201226656108
0;205.921;5.75115;110.744735012897;-4491.26582278481;58.8607594936695;-1327.52193217178;4491.65150918046;180.721571605231
0;206.52;5.75115;112.630893036169;-4469.36708860759;1.58227848101302;-1332.24393346422;4469.36736869257;160.702239057091
0;207.121;5.75345;109.984771709443;-4460;-33.2278481012662;-1399.97830132256;4460.12377517591;171.681094370337
0;207.72;5.75115;108.049096925205;-4442.27848101266;-42.8481012658241;-1464.13919462768;4442.48512238929;174.539699873771
0;208.321;5.75345;107.666868395106;-4433.41772151899;-80.7594936708849;-1484.79995044871;4434.15322122461;173.146456447774
0;208.92;5.75115;109.876467409311;-4432.53164556962;-85.3164556962034;-1444.90572251036;4433.35264631505;159.871243507788
0;210.011;5.75115;108.98800583097;-4450.88607594937;-95.2531645569617;-1430.14974115547;4451.90521310125;172.979930299653
0;210.12;5.7546;110.552915281565;-4433.10126582278;-118.924050632911;-1430.93472609598;4434.69612970928;156.839477192953
0;210.721;5.75115;108.394737367761;-4442.27848101266;-110.569620253164;-1454.24444644024;4443.65432316591;172.563137611701
0;211.321;5.7546;106.110845427071;-4457.27848101265;-97.4683544303792;-1474.69712007738;4458.34403533575;192.909191347119
0;211.92;5.75345;109.114868310036;-4439.30379746835;-30.9493670886079;-1450.90046482171;4439.41168056536;167.491219171706
0;212.521;5.75115;111.222385934882;-4457.97468354431;-17.5949367088602;-1379.34911277962;4458.00940565627;163.524599297176
0;213.121;5.75345;110.575515428479;-4449.87341772152;-36.3924050632904;-1406.21833889965;4450.02222925806;163.920596876335
0;213.721;5.75345;106.452267279733;-4440.69620253165;-35.8860759493675;-1497.07798546144;4440.84120112688;183.396597406084
0;214.319;5.75345;105.704966112193;-4424.11392405063;14.6835443037974;-1536.56474167826;4424.13829117626;180.378142411822
0;214.92;5.75345;104.101320572296;-4438.86075949367;44.999999999999;-1542.43590880949;4439.08885270082;196.427451824066
0;215.52;5.75345;105.252555499467;-4435.94936708861;66.3291139240489;-1525.23226123519;4436.44523675519;188.308963332133
0;216.12;5.75345;106.917688343024;-4449.43037974684;19.4936708860755;-1474.93560242975;4449.47308199732;184.562878376514
0;216.721;5.7546;110.144691064253;-4432.6582278481;46.6455696202528;-1443.23341941482;4432.90365043892;158.926369752149
0;217.32;5.75345;112.276584959793;-4426.64556962025;74.9367088607611;-1413.00868895357;4427.27980924783;144.300298499311
0;217.92;5.75345;111.228852729075;-4441.20253164557;71.1392405063288;-1407.6046268376;4441.77224974838;156.473307588471
0;218.521;5.75115;108.036700485917;-4449.17721518987;77.0886075949378;-1451.70224447005;4449.84500242263;177.658068283244
0;219.12;5.75115;105.358869344422;-4443.60759493671;124.936708860761;-1506.67287298655;4445.36361156207;190.753379247116
0;219.721;5.7546;104.556888169852;-4425.50632911392;165.126582278482;-1546.73518840915;4428.58589813976;187.923448561643
0;220.32;5.7546;107.485186579372;-4425.18987341772;211.075949367089;-1488.85092691786;4430.22104100912;170.706832353109
0;220.921;5.7546;111.509403309352;-4418.92405063291;189.746835443039;-1429.5694728675;4422.99600122164;145.285974913468
0;221.521;5.75345;111.552330379179;-4427.21518987342;195.189873417722;-1413.66041687093;4431.51592845278;148.534069353726
0;222.12;5.75115;112.015740676538;-4428.54430379747;276.075949367088;-1388.2110133341;4437.14126217725;146.23137712655
0;222.72;5.7546;112.539896962904;-4444.55696202532;252.151898734178;-1356.80664494476;4451.70385006943;150.879181982403
0;223.32;5.75115;113.862498606723;-4437.21518987342;308.417721518987;-1331.58491904892;4447.92087746515;139.964411755582
0;223.92;5.75345;113.235198017398;-4447.53164556962;311.075949367088;-1325.31449171825;4458.39724392273;148.211077405135
0;224.52;5.7546;113.136288565755;-4444.11392405064;315.949367088607;-1332.84581488566;4455.33080393638;147.424769713261
0;225.12;5.7546;111.110787130995;-4436.77215189873;294.873417721518;-1388.6419816768;4446.5601829215;155.349923912775
0;225.721;5.7546;110.327728823917;-4410.3164556962;283.544303797468;-1449.41461496496;4419.42175081771;148.031212287734
0;226.32;5.75345;108.220175466127;-4395.18987341772;298.101265822785;-1507.19823521654;4405.28754885295;152.985922263801
0;227.464;5.75345;105.455673944412;-4417.91139240506;338.607594936708;-1512.99724938604;4430.86855757325;179.067582931818
0;227.52;5.75345;108.556801063318;-4365.18987341772;337.405063291139;-1538.5032942119;4378.2102288176;137.659133574019
0;228.664;5.7546;103.389361111211;-4406.83544303797;336.265822784811;-1567.80999520485;4419.64628964681;186.488405642249
0;228.72;5.75115;107.013975497693;-4346.64556962025;343.987341772152;-1588.86085778047;4360.23565867705;137.704022514874
0;229.32;5.7546;108.040812739788;-4342.15189873418;341.26582278481;-1580.27156404599;4355.54192649799;130.357712244348
0;229.919;5.75345;108.809960768321;-4334.62025316456;370.632911392405;-1571.23524272742;4350.43693140719;122.481778381609
0;230.519;5.75;110.544630274587;-4319.62025316456;350.316455696202;-1567.70478970809;4333.80211254286;105.637440540824
0;231.12;5.7546;109.882441541253;-4336.7088607595;335.822784810127;-1558.99075620218;4349.69202194679;117.635547596391
0;231.719;5.7546;109.78169956166;-4346.89873417721;283.987341772152;-1556.15648233042;4356.16544858873;122.775655279585
0;232.32;5.75115;110.864649593755;-4335.50632911392;257.784810126581;-1558.14102699891;4343.16337916488;111.203246296817
0;232.921;5.75345;110.022270864977;-4347.53164556962;193.544303797468;-1564.64106191544;4351.83763561576;121.564029116
0;233.52;5.7546;109.127030277893;-4345;168.291139240506;-1586.25490862059;4348.25791640133;125.558257456611
0;234.121;5.7546;107.849593937183;-4349.93670886076;177.341772151898;-1599.11528860394;4353.55021508244;134.948811866217
0;234.721;5.75115;107.606033213824;-4353.10126582278;183.860759493671;-1596.45954492911;4356.98237423443;137.256295506185
0;235.321;5.75345;108.780484911476;-4342.59493670886;175.506329113924;-1594.03954924343;4346.14004098907;126.243495479652
0;235.921;5.7546;108.279527352885;-4343.41772151899;145.696202531645;-1604.47930878337;4345.86066125426;129.586614338828
0;236.52;5.7546;109.340645755309;-4332.21518987342;80.3797468354437;-1607.70660748098;4332.96080700845;118.60901535486
0;237.121;5.75345;110.201513039993;-4354.49367088608;26.8354430379751;-1563.32632898768;4354.57635950846;123.69692995943
0;237.721;5.75115;110.707780051712;-4386.01265822785;-19.177215189875;-1506.72300730338;4386.05458284748;134.638302461149
0;238.32;5.75115;112.204628914658;-4402.9746835443;-21.1392405063275;-1454.13409464341;4403.02542934074;133.932056503056
0;239.465;5.75115;105.780562619495;-4483.29113924051;-25.5063291139235;-1439.62783912439;4483.36369392639;205.829825678485
0;239.521;5.75345;112.33696805446;-4418.35443037975;-13.6708860759499;-1427.72830208459;4418.3755799595;140.323257124769
0;240.119;5.75575;112.990365805253;-4418.54430379747;-45.6962025316461;-1416.20336775942;4418.7805905642;137.178217094684
0;240.72;5.75;110.296749464739;-4475.56962025316;-63.9240506329108;-1363.96296073684;4476.02610693709;176.231204828886
0;243.009;5.75;120.991947317728;-4405.12658227848;-161.075949367088;-1285.34824271763;4408.07051524372;88.6452141273176
0;243.72;5.7546;114.565665239996;-4492.78481012658;-233.164556962025;-1229.41550958109;4498.83107714965;160.790685260865
0;244.319;5.75115;111.653337438654;-4527.97468354431;-203.860759493671;-1222.43572015823;4532.56152126802;191.514142485701
0;244.919;5.75115;111.014147080815;-4532.78481012658;-182.848101265823;-1229.70106267422;4536.47126774223;197.184705582633
0;245.52;5.75;115.37981141121;-4462.97468354431;-174.177215189872;-1278.81492191411;4466.37221111818;142.84204776259
0;247.319;5.7546;110.675876841701;-4474.17721518987;-228.291139240506;-1343.69671116888;4479.99761129176;174.16788759886
0;248.409;5.75115;104.71859606357;-4502.53164556962;-255.886075949367;-1405.08208973639;4509.79699135345;220.613508969444
0;249.009;5.7546;104.587333291311;-4513.10126582278;-233.79746835443;-1394.9876025426;4519.15305027171;226.559673270619
0;249.609;5.75115;105.643552228582;-4500.18987341772;-221.518987341772;-1396.42512742706;4505.63864047754;214.0735308106
0;250.21;5.75345;104.561079115812;-4509.30379746835;-200.189873417722;-1406.74507071328;4513.74530997059;224.877792123822
0;250.81;5.75345;104.661218322214;-4501.01265822785;-220.189873417722;-1416.01093221925;4506.39529223558;220.630541230703
0;251.411;5.7546;108.713826989162;-4462.6582278481;-199.113924050632;-1406.29232980938;4467.09803041428;180.227832404898
0;252.01;5.75115;110.391100993234;-4444.81012658228;-214.873417721518;-1401.20514621517;4450.00085921471;162.39210664994
0;252.609;5.75575;112.971003104637;-4433.29113924051;-223.291139240506;-1374.19610667509;4438.91081889823;143.756309269154
0;253.21;5.75115;114.963649259039;-4427.40506329114;-225.316455696203;-1345.28389552698;4433.13468097502;129.760716811066
0;253.32;5.75115;115.375983337858;-4446.51898734177;-216.392405063292;-1304.19720773191;4451.78130390072;135.888566716783
0;253.919;5.75115;115.502499034076;-4455.88607594937;-243.354430379747;-1279.30854591532;4462.52642576208;139.2809540437
0;254.52;5.75115;113.4961388623;-4465.69620253165;-274.810126582279;-1293.48535427356;4474.14384871315;154.367018036899
0;256.92;5.75345;112.405981496271;-4433.16455696203;-399.493670886075;-1343.45685535914;4451.12830439456;146.453678056578
0;257.52;5.75345;110.891657557638;-4446.89873417722;-413.924050632911;-1343.59637157065;4466.12152451311;160.849556044568
0;258.12;5.75345;111.815614626053;-4448.03797468355;-434.050632911393;-1317.15780813094;4469.16566890932;156.221658998206
0;258.72;5.75115;115.50098013098;-4448.41772151899;-451.012658227848;-1236.4961129285;4471.2227234847;136.046807297081
0;259.32;5.75115;116.526082507159;-4466.20253164557;-440.696202531645;-1183.43048741881;4487.89240029249;138.302178823897
0;259.92;5.75115;119.849313533342;-4488.79746835443;-382.658227848103;-1083.90604953246;4505.07824918113;130.635975716913
0;260.52;5.75345;113.476581918401;-4514.17721518987;-361.012658227849;-1175.9797259433;4528.58985441828;175.787704669857
0;261.12;5.75345;112.285392553041;-4481.64556962025;-390.316455696203;-1258.33666868047;4498.61022397852;168.285167813025
0;261.72;5.75345;110.275688802995;-4480.18987341772;-388.544303797469;-1302.64651327453;4497.00655746555;178.875256394006
0;262.32;5.75;111.637057596545;-4471.96202531645;-425.632911392405;-1277.01621488874;4492.17182787266;167.158256871129
0;262.92;5.75115;109.836517426496;-4497.15189873418;-475.189873417722;-1248.68104278347;4522.18759187267;188.416093536573
0;276.896;5.75115;116.831209365409;-4448.10126582278;-438.417721518987;-1215.03194627342;4469.65490497378;128.858978857314
0;277.496;5.75345;118.238179702002;-4441.96202531646;-458.417721518987;-1193.03714245013;4465.55410243299;119.176009740617
0;278.095;5.75345;117.061200861885;-4459.87341772152;-464.240506329114;-1177.80114343956;4483.97035559065;133.07653984522
0;278.696;5.7546;118.476854813827;-4464.93670886076;-434.746835443038;-1149.63443439617;4486.05223164645;128.017594202112
0;279.295;5.75115;118.508683354611;-4478.73417721519;-395.189873417722;-1131.30268487781;4496.13554802425;133.278748200876
0;279.896;5.7546;120.820822689777;-4477.08860759494;-350.379746835443;-1102.58753432137;4490.77814718661;121.152640007649
0;280.496;5.75345;122.513682392083;-4486.77215189873;-292.848101265823;-1059.81139872478;4496.31897817192;116.532936816878
0;281.095;5.75345;123.474539128728;-4491.01265822785;-238.544303797469;-1042.16867959723;4497.34344710708;113.515313304011
0;281.696;5.74885;123.764797934953;-4492.08860759494;-201.39240506329;-1038.00182241965;4496.60082276617;111.852840844215
0;282.295;5.75115;123.201621320272;-4498.67088607595;-198.734177215189;-1036.4213673056;4503.05840672989;117.790437255121
0;282.894;5.75115;123.683804478765;-4505.50632911392;-158.037974683545;-1015.65756157905;4508.27719679344;118.268609972851
0;283.495;5.75575;122.503763372978;-4522.53164556962;-121.772151898735;-1007.83691372821;4524.17074635305;132.06808869405
0;284.584;5.75345;118.487328687333;-4560.06329113924;-145.316455696202;-1003.10420199091;4562.37811798757;168.350140114054
0;285.185;5.75115;120.985255921519;-4546.77215189873;-167.974683544304;-971.18592215313;4549.87389886727;149.370856991312
0;285.786;5.75345;122.646739756253;-4548.60759493671;-154.873417721519;-928.462854193506;4551.24343759292;141.982249680811
0;285.896;5.7546;124.945613738612;-4533.41772151899;-118.924050632913;-919.398530703966;4534.97730618372;124.235981216211
0;286.495;5.7546;123.667417671821;-4543.60759493671;-140.316455696203;-919.790578501339;4545.77371681716;134.895362425239
0;287.096;5.7546;123.547404909127;-4549.43037974683;-95.949367088607;-912.033868240936;4550.44207316258;137.940512226659
0;287.695;5.75;124.945453050591;-4542.91139240506;-106.835443037976;-890.180134773746;4544.16744092169;127.537593355507
0;288.785;5.75575;123.786008322215;-4561.45569620253;-79.3037974683535;-873.09639254048;4562.14501750125;141.939662835099
0;288.895;5.75345;125.687661982544;-4541.01265822785;-113.987341772153;-878.285383115877;4542.44307353101;123.57262889764
0;289.496;5.75115;125.058599597202;-4545.50632911392;-68.6708860759499;-884.275117025955;4546.02501957581;128.229422216144
0;290.096;5.75345;124.021784692996;-4560.3164556962;-53.734177215191;-870.34586898042;4560.63301942774;139.938236671456
0;290.695;5.7546;124.918392086501;-4565.44303797468;-72.9746835443033;-829.46811271861;4566.0262195294;137.75562677533
0;291.296;5.75345;125.624247219363;-4564.30379746835;-122.278481012657;-806.374628352193;4565.94143441446;133.600179415184
0;292.386;5.75345;123.904367460699;-4583.29113924051;-121.13924050633;-793.828929286924;4584.89175255327;150.10614016098
0;292.496;5.75345;124.704740727209;-4575.69620253164;-109.050632911391;-797.31116886366;4576.99549687356;142.922177393378
0;293.585;5.75345;123.839901030525;-4582.84810126582;-138.924050632913;-794.301838234078;4584.9532834174;150.247470459962
0;293.695;5.7546;126.223818894525;-4570.50632911392;-127.151898734176;-768.328383750526;4572.27467567535;133.38050801472
0;294.296;5.75345;127.257035056163;-4580.06329113924;-131.645569620254;-699.806012258923;4581.95485648231;132.087783595427
0;294.896;5.7546;129.392261160809;-4584.05063291139;-148.417721518987;-607.630325390691;4586.45266247851;123.528140786633
0;295.494;5.7546;129.586368354336;-4584.05063291139;-157.215189873418;-598.233727360771;4586.74577680323;122.594060612564
0;296.095;5.75345;130.241162770586;-4581.70886075949;-144.683544303798;-586.20113661263;4583.99273698752;118.322449831896
0;297.184;5.7546;129.522282452729;-4579.24050632911;-143.037974683544;-625.098512724297;4581.47394153965;120.921671873022
0;297.294;5.75345;126.473672936553;-4603.16455696203;-144.367088607595;-631.241877565491;4605.42786228863;145.487076752698
0;297.894;5.75115;128.389168231973;-4594.11392405063;-166.645569620254;-591.375932243901;4597.13535726652;132.016611218054
0;298.985;5.7546;129.991480020289;-4584.49367088608;-141.075949367088;-585.093963474288;4586.66378121226;120.831699789512
0;299.584;5.75345;131.071275279376;-4574.93670886076;-153.924050632911;-583.666947353845;4577.52536895701;111.586179591659
0;300.184;5.75345;132.189257812739;-4576.26582278481;-167.151898734177;-529.731308236421;4579.31748604951;106.855084160959
0;300.294;5.75345;132.45470914825;-4596.01265822785;-223.354430379747;-374.972782670417;4601.43668392393;113.6897387527
0;300.895;5.75115;133.848237282363;-4600.44303797468;-227.974683544304;-226.218479067273;4606.08821040011;108.639990530308
0;301.495;5.7546;134.497200786606;-4597.97468354431;-237.848101265823;-192.203829502351;4604.12238214734;105.132509147875
0;302.094;5.75115;135.04751638346;-4594.93670886076;-242.974683544304;-151.537972773794;4601.35632778854;100.850976353602
0;302.695;5.7546;134.425678629385;-4600.69620253164;-221.962025316456;-180.18689010187;4606.04740408429;106.570479343629
0;303.295;5.75345;134.469349277486;-4594.81012658228;-262.468354430379;-203.663309650051;4602.30048306501;103.804584537754
0;303.895;5.75805;133.380076595293;-4603.22784810127;-262.784810126583;-220.071728614972;4610.72255486798;112.971625097352
0;304.496;5.75345;133.253942339075;-4603.92405063291;-243.481012658227;-231.52872670389;4610.35786761952;113.167806613006
0;305.095;5.75115;133.258933064166;-4603.73417721519;-227.594936708861;-242.447577064538;4609.35655267356;112.728399429409
0;305.695;5.7546;132.342872087505;-4612.53164556962;-211.075949367089;-250.021824843584;4617.35868628184;121.122852031563
0;306.295;5.75345;134.229340255125;-4593.48101265823;-252.151898734178;-253.473664831042;4600.39654743881;104.374229694153
0;306.895;5.75345;132.704257147401;-4606.26582278481;-273.79746835443;-221.289712935079;4614.39593921379;116.699018430054
0;307.495;5.75345;132.386276459318;-4609.6835443038;-288.79746835443;-189.042637408536;4618.72129017904;119.588395597374
0;308.095;5.75115;134.306745547457;-4594.49367088608;-296.265822784811;-167.735074036806;4604.03578717223;104.09025140866
0;308.694;5.7546;134.207636394083;-4598.48101265823;-282.3417721519;-152.976224952483;4607.14059912221;106.679622867606
0;309.295;5.75345;133.305368961836;-4599.6835443038;-316.582278481013;-183.107066537448;4610.5653717074;111.199957154363
0;309.895;5.75;132.767296788257;-4599.93670886076;-325.316455696202;-212.399352166529;4611.42586646164;113.314764687547
0;310.494;5.75345;134.282113524268;-4588.35443037975;-314.746835443039;-233.104538709292;4599.1370874553;102.040681163818
0;311.095;5.75115;133.670374442509;-4588.41772151899;-338.544303797469;-247.946879330805;4600.89006962601;104.566286853951
0;311.694;5.75115;133.249770648717;-4593.16455696203;-349.303797468355;-215.448772239617;4606.42744328595;108.463104451506
0;312.295;5.75345;133.465771194846;-4587.21518987341;-374.999999999999;-232.081996832327;4602.51759347049;105.365247184631
0;312.895;5.7546;132.941023252575;-4589.87341772152;-370.696202531645;-258.520480239812;4604.81852685619;109.069655152816
0;313.985;5.75345;131.472874918975;-4590.3164556962;-423.544303797469;-291.050707266002;4609.81506578243;115.993987321773
0;314.095;5.75345;132.541146224019;-4575.12658227848;-435.822784810126;-330.932167984225;4595.83776297976;104.737063183788
0;314.694;5.75115;130.744105921149;-4586.13924050633;-437.531645569619;-352.17764968404;4606.96289047208;117.404329831298
0;315.295;5.75575;131.375483072687;-4581.96202531645;-432.721518987341;-359.487617662386;4602.34982529977;113.368189571685
0;315.895;5.75345;132.574255698389;-4572.9746835443;-443.92405063291;-335.431990952792;4594.47124477534;103.699538674299
0;316.494;5.75345;133.421207738591;-4568.41772151899;-457.215189873417;-297.698157128146;4591.24016014624;97.881480857468
0;317.095;5.75345;134.119540029981;-4565.82278481013;-460.759493670886;-263.721071157939;4589.01264035077;93.5841465888407
0;317.695;5.75345;134.232100929057;-4569.11392405063;-445.886075949366;-246.133989560135;4590.81871169826;94.4121399430442
0;318.295;5.75115;134.177220617298;-4574.55696202532;-413.227848101266;-242.035455421794;4593.18284561596;96.5553931811646
0;318.895;5.7546;135.248606935436;-4564.87341772152;-423.417721518987;-248.067295149175;4584.46855008483;88.175151270043
0;319.495;5.75575;135.158820577628;-4571.01265822785;-387.911392405063;-250.248632409841;4587.4428574138;91.263417356462
0;320.096;5.75345;134.425818550784;-4582.08860759494;-369.873417721519;-210.738045517245;4596.9927510263;98.8206045886618
0;320.696;5.7546;135.762923914639;-4569.43037974684;-414.240506329115;-152.091244495952;4588.16839190075;87.6885038182936
0;321.294;5.75115;136.853834027121;-4557.40506329114;-434.430379746836;-144.056835062175;4578.06407401193;77.330014036851
0;321.895;5.75;136.692974055022;-4557.40506329114;-439.367088607595;-146.808758672927;4578.53517508201;77.8882502290226
0;322.494;5.75115;136.607960576674;-4563.03797468354;-406.518987341772;-155.223262133606;4581.11048169256;80.7394675723972
0;323.095;5.75115;135.888099700927;-4567.91139240506;-397.151898734178;-187.949216749997;4585.14384938271;85.9943372823054
0;323.695;5.75115;136.230377560034;-4561.39240506329;-407.215189873419;-219.228434807464;4579.53326047892;81.7776380606347
0;324.294;5.75115;135.339614798716;-4563.35443037975;-394.936708860758;-290.797259310942;4580.41249903022;86.6341583284147
0;324.895;5.7546;135.251955598941;-4562.72151898734;-382.848101265821;-325.065205529633;4578.75532524648;87.2796991380628
0;325.494;5.75345;134.015809972769;-4558.60759493671;-447.341772151898;-353.247635105406;4580.50410607028;91.1051095326729
0;326.094;5.75345;133.943266238711;-4554.87341772152;-460.632911392405;-368.432202567799;4578.10599817479;89.9072294585822
0;326.694;5.7546;132.654229367372;-4559.87341772152;-459.177215189873;-408.603572144205;4582.93457302118;98.1135804022324
0;327.294;5.75575;134.480112721182;-4545.82278481012;-464.746835443037;-400.705978496147;4569.51796275638;84.0534870607007
0;327.894;5.75115;132.690643147107;-4566.45569620253;-408.987341772153;-411.264191511076;4584.73426395799;100.143111649869
0;328.494;5.7546;131.59481742091;-4570.50632911392;-430.443037974683;-426.03695961979;4590.73080384935;107.457331368916
0;329.094;5.7546;131.893837350877;-4576.77215189873;-427.025316455697;-371.292253217507;4596.65029682375;108.621394757942
0;329.694;5.75115;132.357961792509;-4586.01265822785;-378.101265822784;-320.45996563025;4601.57284726025;109.71799031922
0;330.294;5.75345;133.920006483407;-4572.53164556962;-422.151898734176;-275.814046515619;4591.97755605801;97.2533912379004
0;330.894;5.75115;134.807100427395;-4567.21518987342;-435.316455696202;-229.530352226166;4587.91401480132;90.6520536282924
